denominator,participant_id,arrangement,iconicity,probability,decision,decisionTime
10,1,NA,naturalFrequency,70,evacuate,8221
100,1,NA,naturalFrequency,100,evacuate,8153
100,1,NA,naturalFrequency,90,evacuate,7644
100,1,NA,naturalFrequency,50,evacuate,9611
100,1,NA,naturalFrequency,30,stay,7764
100,1,NA,naturalFrequency,80,evacuate,7411
10,1,NA,naturalFrequency,20,stay,8009
10,1,NA,naturalFrequency,80,evacuate,9221
100,1,NA,naturalFrequency,10,stay,7761
10,1,NA,naturalFrequency,60,evacuate,7674
10,1,NA,naturalFrequency,10,stay,6843
10,1,NA,naturalFrequency,30,stay,7101
100,1,NA,naturalFrequency,70,evacuate,7909
10,1,NA,naturalFrequency,90,evacuate,8400
10,1,NA,naturalFrequency,40,stay,7293
100,1,NA,naturalFrequency,20,stay,6903
100,1,NA,naturalFrequency,60,evacuate,8440
10,1,NA,naturalFrequency,50,evacuate,7294
100,1,NA,naturalFrequency,40,stay,6629
10,1,Ordered,square,10,stay,5108
10,1,Ordered,square,60,evacuate,6324
10,1,Ordered,square,30,stay,6381
100,1,Ordered,square,90,evacuate,6380
10,1,Ordered,square,70,evacuate,5795
100,1,Ordered,square,40,stay,6555
10,1,Ordered,square,80,evacuate,5954
100,1,Ordered,square,70,evacuate,6711
10,1,Ordered,square,20,stay,4631
10,1,Ordered,square,90,evacuate,5815
100,1,Ordered,square,20,stay,6322
10,1,Ordered,square,40,stay,4974
100,1,Ordered,square,60,evacuate,6430
10,1,Ordered,square,100,evacuate,4976
10,1,Ordered,square,50,evacuate,5095
100,1,Ordered,square,50,evacuate,6098
100,1,Ordered,square,30,stay,4856
100,1,Ordered,square,10,stay,5520
100,1,Ordered,square,80,evacuate,5356
10,1,Ordered,house,40,stay,6747
10,1,Ordered,house,80,evacuate,5225
100,1,Ordered,house,80,evacuate,7244
10,1,Ordered,house,60,evacuate,4758
100,1,Ordered,house,20,stay,5174
100,1,Ordered,house,40,stay,5083
10,1,Ordered,house,90,evacuate,4143
10,1,Ordered,house,70,evacuate,4778
100,1,Ordered,house,50,evacuate,5461
10,1,Ordered,house,30,stay,4826
10,1,Ordered,house,50,evacuate,4298
100,1,Ordered,house,60,evacuate,5328
100,1,Ordered,house,70,evacuate,4809
100,1,Ordered,house,100,evacuate,4221
10,1,Ordered,house,20,stay,4827
100,1,Ordered,house,90,evacuate,4409
100,1,Ordered,house,30,stay,5143
10,1,Ordered,house,10,stay,3979
100,1,Ordered,house,10,stay,5067
10,1,Random,square,80,evacuate,8354
10,1,Random,square,90,evacuate,3909
100,1,Random,square,70,evacuate,9176
100,1,Random,square,50,stay,7124
100,1,Random,square,10,stay,4974
10,1,Random,square,70,evacuate,4251
100,1,Random,square,20,stay,6361
10,1,Random,square,30,stay,3716
10,1,Random,square,40,stay,5571
100,1,Random,square,90,evacuate,5727
100,1,Random,square,40,stay,8577
10,1,Random,square,100,evacuate,3841
10,1,Random,square,60,evacuate,5093
10,1,Random,square,20,stay,4634
100,1,Random,square,80,evacuate,5546
100,1,Random,square,30,stay,3511
10,1,Random,square,50,stay,4645
10,1,Random,square,10,stay,3764
100,1,Random,square,60,evacuate,6174
100,1,Random,house,10,stay,4731
100,1,Random,house,100,evacuate,3665
100,1,Random,house,60,evacuate,7325
100,1,Random,house,90,evacuate,4843
10,1,Random,house,90,evacuate,4788
10,1,Random,house,40,stay,3672
100,1,Random,house,30,stay,5184
100,1,Random,house,40,stay,4791
10,1,Random,house,50,evacuate,4395
10,1,Random,house,30,stay,4532
10,1,Random,house,20,stay,4082
10,1,Random,house,80,evacuate,3545
100,1,Random,house,20,stay,3914
100,1,Random,house,80,evacuate,3794
100,1,Random,house,70,evacuate,5188
100,1,Random,house,50,evacuate,4577
10,1,Random,house,60,evacuate,3977
10,1,Random,house,10,stay,3389
10,1,Random,house,70,evacuate,3496
100,2,NA,naturalFrequency,0,stay,4753
100,2,NA,naturalFrequency,90,evacuate,1797
100,2,NA,naturalFrequency,80,evacuate,1732
10,2,NA,naturalFrequency,70,evacuate,3175
10,2,NA,naturalFrequency,40,evacuate,2188
100,2,NA,naturalFrequency,40,evacuate,2144
10,2,NA,naturalFrequency,50,evacuate,1726
100,2,NA,naturalFrequency,10,stay,1600
100,2,NA,naturalFrequency,70,evacuate,1588
10,2,NA,naturalFrequency,20,stay,1991
100,2,NA,naturalFrequency,20,stay,1640
10,2,NA,naturalFrequency,30,stay,1525
10,2,NA,naturalFrequency,80,evacuate,1443
10,2,NA,naturalFrequency,10,stay,2452
100,2,NA,naturalFrequency,50,evacuate,1924
100,2,NA,naturalFrequency,60,evacuate,1289
100,2,NA,naturalFrequency,30,stay,1616
10,2,NA,naturalFrequency,90,evacuate,1358
10,2,NA,naturalFrequency,60,evacuate,999
10,2,Ordered,square,10,stay,5192
100,2,Ordered,square,60,evacuate,2141
100,2,Ordered,square,20,stay,1335
10,2,Ordered,square,30,stay,2278
10,2,Ordered,square,90,evacuate,1160
100,2,Ordered,square,40,evacuate,1655
10,2,Ordered,square,20,stay,1630
10,2,Ordered,square,80,evacuate,1084
10,2,Ordered,square,40,evacuate,1081
100,2,Ordered,square,90,evacuate,1232
10,2,Ordered,square,70,evacuate,1186
100,2,Ordered,square,10,stay,1988
100,2,Ordered,square,70,evacuate,1804
10,2,Ordered,square,100,evacuate,1192
100,2,Ordered,square,80,evacuate,1660
10,2,Ordered,square,60,evacuate,15002
100,2,Ordered,square,50,evacuate,947
10,2,Ordered,square,50,evacuate,66937
100,2,Ordered,square,30,stay,1971
100,2,Ordered,house,70,evacuate,1962
10,2,Ordered,house,30,evacuate,1395
10,2,Ordered,house,20,stay,1296
100,2,Ordered,house,50,evacuate,1298
10,2,Ordered,house,50,evacuate,1231
100,2,Ordered,house,60,evacuate,990
10,2,Ordered,house,90,evacuate,1304
100,2,Ordered,house,90,evacuate,1117
10,2,Ordered,house,40,evacuate,1363
100,2,Ordered,house,30,evacuate,1409
100,2,Ordered,house,40,evacuate,1015
100,2,Ordered,house,10,stay,1421
10,2,Ordered,house,60,evacuate,1067
10,2,Ordered,house,10,stay,1313
100,2,Ordered,house,20,stay,1415
10,2,Ordered,house,70,evacuate,2254
100,2,Ordered,house,80,evacuate,1136
100,2,Ordered,house,0,stay,1139
10,2,Ordered,house,80,evacuate,2179
100,2,Random,square,60,evacuate,2700
100,2,Random,square,70,evacuate,887
100,2,Random,square,90,evacuate,671
10,2,Random,square,20,stay,1647
10,2,Random,square,90,evacuate,1491
10,2,Random,square,50,evacuate,1754
10,2,Random,square,70,evacuate,780
100,2,Random,square,80,evacuate,1322
10,2,Random,square,0,stay,992
100,2,Random,square,10,stay,1144
100,2,Random,square,40,evacuate,1053
10,2,Random,square,30,stay,1681
10,2,Random,square,80,evacuate,1320
100,2,Random,square,30,evacuate,1591
10,2,Random,square,60,evacuate,1314
100,2,Random,square,20,stay,2070
10,2,Random,square,10,stay,1100
100,2,Random,square,50,evacuate,1160
10,2,Random,square,40,evacuate,937
100,2,Random,house,70,evacuate,3753
100,2,Random,house,10,stay,973
100,2,Random,house,90,evacuate,702
10,2,Random,house,40,evacuate,1289
10,2,Random,house,90,evacuate,731
10,2,Random,house,50,evacuate,807
100,2,Random,house,100,evacuate,1370
10,2,Random,house,60,evacuate,1147
100,2,Random,house,60,evacuate,1107
10,2,Random,house,20,stay,1504
100,2,Random,house,80,evacuate,4543
10,2,Random,house,70,evacuate,1124
10,2,Random,house,30,stay,1148
100,2,Random,house,50,evacuate,1431
10,2,Random,house,80,evacuate,1134
100,2,Random,house,40,evacuate,1364
10,2,Random,house,10,stay,1523
100,2,Random,house,30,evacuate,1400
100,2,Random,house,20,evacuate,1271
100,3,NA,naturalFrequency,60,evacuate,13133
100,3,NA,naturalFrequency,10,stay,8443
10,3,NA,naturalFrequency,40,stay,4496
10,3,NA,naturalFrequency,80,evacuate,1584
10,3,NA,naturalFrequency,70,evacuate,930
100,3,NA,naturalFrequency,40,stay,2091
100,3,NA,naturalFrequency,30,stay,1611
100,3,NA,naturalFrequency,70,evacuate,3017
10,3,NA,naturalFrequency,20,stay,4760
10,3,NA,naturalFrequency,30,stay,1738
10,3,NA,naturalFrequency,10,stay,1190
10,3,NA,naturalFrequency,50,evacuate,1458
100,3,NA,naturalFrequency,80,evacuate,1576
100,3,NA,naturalFrequency,50,evacuate,1506
100,3,NA,naturalFrequency,20,stay,1098
10,3,NA,naturalFrequency,60,evacuate,1634
10,3,NA,naturalFrequency,90,evacuate,1065
100,3,NA,naturalFrequency,90,evacuate,1146
100,3,NA,naturalFrequency,100,evacuate,3348
10,3,Ordered,square,40,stay,5489
100,3,Ordered,square,10,stay,1501
100,3,Ordered,square,40,stay,1570
10,3,Ordered,square,10,stay,1209
100,3,Ordered,square,90,evacuate,1210
100,3,Ordered,square,60,evacuate,2370
100,3,Ordered,square,0,stay,4982
100,3,Ordered,square,70,evacuate,1265
10,3,Ordered,square,90,evacuate,1162
10,3,Ordered,square,30,stay,1282
10,3,Ordered,square,50,evacuate,1362
100,3,Ordered,square,50,evacuate,1330
10,3,Ordered,square,60,evacuate,1698
10,3,Ordered,square,80,evacuate,817
10,3,Ordered,square,70,evacuate,954
100,3,Ordered,square,20,stay,1825
100,3,Ordered,square,30,stay,783
100,3,Ordered,square,80,evacuate,1266
10,3,Ordered,square,20,stay,1209
10,3,Ordered,house,90,evacuate,3501
100,3,Ordered,house,50,evacuate,1840
10,3,Ordered,house,70,evacuate,1298
10,3,Ordered,house,40,stay,3448
10,3,Ordered,house,60,evacuate,1154
100,3,Ordered,house,20,stay,1237
100,3,Ordered,house,70,evacuate,998
10,3,Ordered,house,80,evacuate,2092
100,3,Ordered,house,40,stay,1592
10,3,Ordered,house,50,evacuate,1530
10,3,Ordered,house,20,stay,1210
100,3,Ordered,house,30,stay,1105
10,3,Ordered,house,30,stay,1049
100,3,Ordered,house,60,evacuate,1046
100,3,Ordered,house,10,stay,990
100,3,Ordered,house,0,stay,1520
100,3,Ordered,house,80,evacuate,849
10,3,Ordered,house,10,stay,967
100,3,Ordered,house,90,evacuate,1062
100,3,Random,square,80,evacuate,6233
10,3,Random,square,70,evacuate,1577
10,3,Random,square,30,stay,2541
100,3,Random,square,70,evacuate,1610
10,3,Random,square,60,evacuate,1464
100,3,Random,square,40,stay,4088
100,3,Random,square,30,stay,2044
10,3,Random,square,20,stay,1329
100,3,Random,square,90,evacuate,1126
10,3,Random,square,90,evacuate,1097
100,3,Random,square,10,stay,1142
100,3,Random,square,20,stay,1033
10,3,Random,square,10,stay,1050
100,3,Random,square,0,stay,1050
10,3,Random,square,50,evacuate,1698
100,3,Random,square,50,evacuate,953
100,3,Random,square,60,evacuate,802
10,3,Random,square,80,evacuate,1580
10,3,Random,square,40,stay,1784
10,3,Random,house,70,evacuate,1875
10,3,Random,house,50,evacuate,1074
10,3,Random,house,40,evacuate,2367
100,3,Random,house,100,evacuate,1159
100,3,Random,house,20,stay,2098
10,3,Random,house,60,evacuate,1881
100,3,Random,house,40,evacuate,1032
100,3,Random,house,80,evacuate,856
100,3,Random,house,70,evacuate,767
100,3,Random,house,90,evacuate,711
100,3,Random,house,60,evacuate,861
10,3,Random,house,30,stay,1220
10,3,Random,house,20,stay,815
100,3,Random,house,10,stay,1197
10,3,Random,house,90,evacuate,1057
10,3,Random,house,80,evacuate,841
100,3,Random,house,30,stay,4124
10,3,Random,house,10,stay,1643
100,3,Random,house,50,evacuate,1095
100,4,NA,naturalFrequency,30,stay,4944
10,4,NA,naturalFrequency,30,stay,1736
100,4,NA,naturalFrequency,60,evacuate,1016
10,4,NA,naturalFrequency,60,evacuate,1200
10,4,NA,naturalFrequency,10,stay,800
100,4,NA,naturalFrequency,90,evacuate,792
100,4,NA,naturalFrequency,100,evacuate,656
100,4,NA,naturalFrequency,40,stay,2416
100,4,NA,naturalFrequency,50,stay,2369
10,4,NA,naturalFrequency,50,stay,967
100,4,NA,naturalFrequency,70,evacuate,776
10,4,NA,naturalFrequency,40,stay,848
10,4,NA,naturalFrequency,70,evacuate,792
10,4,NA,naturalFrequency,80,evacuate,776
100,4,NA,naturalFrequency,20,stay,776
100,4,NA,naturalFrequency,80,evacuate,1458
100,4,NA,naturalFrequency,10,stay,808
10,4,NA,naturalFrequency,20,stay,608
10,4,NA,naturalFrequency,90,evacuate,623
10,4,Ordered,square,60,evacuate,2648
100,4,Ordered,square,20,stay,2032
100,4,Ordered,square,40,stay,1584
100,4,Ordered,square,60,evacuate,744
100,4,Ordered,square,0,stay,864
10,4,Ordered,square,80,evacuate,1296
10,4,Ordered,square,70,evacuate,784
100,4,Ordered,square,90,evacuate,1106
10,4,Ordered,square,40,stay,1872
10,4,Ordered,square,10,stay,664
100,4,Ordered,square,30,stay,1080
100,4,Ordered,square,10,stay,672
10,4,Ordered,square,50,evacuate,1872
100,4,Ordered,square,50,evacuate,1000
10,4,Ordered,square,20,stay,808
100,4,Ordered,square,70,evacuate,784
10,4,Ordered,square,30,stay,752
100,4,Ordered,square,80,evacuate,1248
10,4,Ordered,square,90,evacuate,728
100,4,Ordered,house,30,stay,3023
10,4,Ordered,house,90,evacuate,1024
10,4,Ordered,house,80,evacuate,816
10,4,Ordered,house,60,evacuate,784
10,4,Ordered,house,30,stay,640
10,4,Ordered,house,100,evacuate,704
100,4,Ordered,house,90,evacuate,831
100,4,Ordered,house,20,stay,735
10,4,Ordered,house,70,evacuate,984
100,4,Ordered,house,50,evacuate,1143
10,4,Ordered,house,50,evacuate,1056
100,4,Ordered,house,80,evacuate,2727
10,4,Ordered,house,10,stay,856
100,4,Ordered,house,40,stay,855
10,4,Ordered,house,40,stay,736
10,4,Ordered,house,20,stay,680
100,4,Ordered,house,60,evacuate,823
100,4,Ordered,house,10,evacuate,679
100,4,Ordered,house,70,evacuate,1159
100,4,Random,square,100,evacuate,1007
100,4,Random,square,50,evacuate,3272
10,4,Random,square,70,evacuate,1296
10,4,Random,square,10,stay,664
100,4,Random,square,60,evacuate,3320
10,4,Random,square,30,stay,1736
100,4,Random,square,90,evacuate,824
10,4,Random,square,90,evacuate,864
100,4,Random,square,30,stay,856
10,4,Random,square,80,evacuate,864
10,4,Random,square,20,stay,1161
10,4,Random,square,50,evacuate,608
100,4,Random,square,10,stay,864
100,4,Random,square,40,evacuate,1080
10,4,Random,square,40,stay,1176
10,4,Random,square,60,evacuate,704
100,4,Random,square,80,evacuate,720
100,4,Random,square,20,stay,696
100,4,Random,square,70,evacuate,576
10,4,Random,house,30,stay,4656
100,4,Random,house,50,stay,1159
10,4,Random,house,90,evacuate,800
100,4,Random,house,100,evacuate,671
10,4,Random,house,10,stay,815
100,4,Random,house,10,stay,830
10,4,Random,house,40,stay,720
10,4,Random,house,20,stay,648
100,4,Random,house,60,evacuate,751
100,4,Random,house,40,stay,927
10,4,Random,house,50,evacuate,1224
10,4,Random,house,70,evacuate,776
10,4,Random,house,80,evacuate,616
100,4,Random,house,30,stay,1007
100,4,Random,house,80,evacuate,895
10,4,Random,house,60,evacuate,1128
100,4,Random,house,20,stay,807
100,4,Random,house,90,evacuate,695
100,4,Random,house,70,evacuate,680
10,5,NA,naturalFrequency,80,evacuate,4027
10,5,NA,naturalFrequency,10,stay,1075
10,5,NA,naturalFrequency,20,stay,1173
10,5,NA,naturalFrequency,40,evacuate,1647
10,5,NA,naturalFrequency,50,evacuate,1108
100,5,NA,naturalFrequency,20,stay,4785
100,5,NA,naturalFrequency,40,evacuate,704
100,5,NA,naturalFrequency,60,evacuate,568
10,5,NA,naturalFrequency,90,evacuate,1864
10,5,NA,naturalFrequency,60,evacuate,831
10,5,NA,naturalFrequency,30,evacuate,1143
100,5,NA,naturalFrequency,90,evacuate,753
100,5,NA,naturalFrequency,100,evacuate,1024
100,5,NA,naturalFrequency,10,evacuate,580
100,5,NA,naturalFrequency,70,evacuate,75370
10,5,NA,naturalFrequency,70,evacuate,703
100,5,NA,naturalFrequency,80,evacuate,604
100,5,NA,naturalFrequency,30,evacuate,1117
100,5,NA,naturalFrequency,50,evacuate,596
10,5,Ordered,square,40,evacuate,3055
100,5,Ordered,square,50,evacuate,982
100,5,Ordered,square,40,evacuate,1299
100,5,Ordered,square,80,evacuate,612
10,5,Ordered,square,100,evacuate,1012
10,5,Ordered,square,80,evacuate,637
10,5,Ordered,square,70,evacuate,647
10,5,Ordered,square,50,evacuate,481
10,5,Ordered,square,90,evacuate,539
10,5,Ordered,square,10,stay,1348
100,5,Ordered,square,70,evacuate,871
10,5,Ordered,square,20,stay,1219
100,5,Ordered,square,20,stay,1443
100,5,Ordered,square,10,stay,1047
100,5,Ordered,square,90,evacuate,1839
10,5,Ordered,square,60,evacuate,2248
100,5,Ordered,square,60,evacuate,1051
100,5,Ordered,square,30,evacuate,1231
10,5,Ordered,square,30,evacuate,1239
10,5,Ordered,house,90,evacuate,2299
100,5,Ordered,house,70,evacuate,856
100,5,Ordered,house,30,evacuate,761
10,5,Ordered,house,20,stay,1495
100,5,Ordered,house,100,evacuate,813
10,5,Ordered,house,50,evacuate,807
100,5,Ordered,house,40,evacuate,773
100,5,Ordered,house,80,evacuate,685
10,5,Ordered,house,70,evacuate,887
100,5,Ordered,house,20,stay,1089
100,5,Ordered,house,50,evacuate,882
10,5,Ordered,house,40,evacuate,895
100,5,Ordered,house,90,evacuate,725
100,5,Ordered,house,60,evacuate,662
10,5,Ordered,house,10,stay,983
100,5,Ordered,house,10,stay,1464
10,5,Ordered,house,60,evacuate,828
10,5,Ordered,house,80,evacuate,603
10,5,Ordered,house,30,evacuate,688
100,5,Random,square,80,evacuate,1461
100,5,Random,square,0,stay,844
10,5,Random,square,70,evacuate,897
100,5,Random,square,30,evacuate,1944
10,5,Random,square,20,stay,1616
100,5,Random,square,10,stay,894
10,5,Random,square,60,evacuate,744
10,5,Random,square,30,evacuate,852
10,5,Random,square,40,evacuate,896
100,5,Random,square,90,evacuate,835
10,5,Random,square,90,evacuate,719
100,5,Random,square,40,evacuate,916
10,5,Random,square,80,evacuate,683
100,5,Random,square,20,stay,1408
100,5,Random,square,50,evacuate,759
100,5,Random,square,60,evacuate,739
10,5,Random,square,10,stay,969
10,5,Random,square,50,evacuate,625
100,5,Random,square,70,evacuate,703
100,5,Random,house,50,evacuate,1220
10,5,Random,house,60,evacuate,1152
100,5,Random,house,70,evacuate,860
10,5,Random,house,40,evacuate,960
100,5,Random,house,60,evacuate,681
100,5,Random,house,40,evacuate,990
10,5,Random,house,80,evacuate,763
10,5,Random,house,50,evacuate,703
10,5,Random,house,10,stay,848
100,5,Random,house,20,evacuate,1036
10,5,Random,house,70,evacuate,780
10,5,Random,house,30,evacuate,888
100,5,Random,house,80,evacuate,996
100,5,Random,house,30,evacuate,1076
10,5,Random,house,20,stay,959
10,5,Random,house,90,evacuate,591
100,5,Random,house,10,stay,1109
100,5,Random,house,90,evacuate,669
100,5,Random,house,100,evacuate,698
10,6,NA,naturalFrequency,90,evacuate,4099
10,6,NA,naturalFrequency,20,stay,3599
100,6,NA,naturalFrequency,50,evacuate,2077
100,6,NA,naturalFrequency,0,stay,3132
10,6,NA,naturalFrequency,70,evacuate,1643
100,6,NA,naturalFrequency,40,evacuate,2754
10,6,NA,naturalFrequency,30,stay,6345
10,6,NA,naturalFrequency,10,stay,1851
10,6,NA,naturalFrequency,60,evacuate,944
100,6,NA,naturalFrequency,20,stay,1288
100,6,NA,naturalFrequency,70,evacuate,2613
100,6,NA,naturalFrequency,30,stay,1154
100,6,NA,naturalFrequency,80,evacuate,823
100,6,NA,naturalFrequency,90,evacuate,796
100,6,NA,naturalFrequency,60,evacuate,1568
10,6,NA,naturalFrequency,40,evacuate,1918
10,6,NA,naturalFrequency,50,evacuate,875
10,6,NA,naturalFrequency,80,evacuate,864
100,6,NA,naturalFrequency,10,stay,921
10,6,Ordered,square,60,evacuate,3056
100,6,Ordered,square,90,evacuate,1910
10,6,Ordered,square,80,evacuate,1054
100,6,Ordered,square,20,stay,1062
100,6,Ordered,square,60,evacuate,884
100,6,Ordered,square,10,stay,1008
10,6,Ordered,square,70,evacuate,950
100,6,Ordered,square,80,evacuate,861
10,6,Ordered,square,90,evacuate,898
100,6,Ordered,square,70,evacuate,1236
10,6,Ordered,square,20,stay,1468
100,6,Ordered,square,30,evacuate,5145
100,6,Ordered,square,100,evacuate,1345
10,6,Ordered,square,10,stay,3373
10,6,Ordered,square,50,evacuate,1266
100,6,Ordered,square,40,evacuate,1602
10,6,Ordered,square,30,stay,2658
10,6,Ordered,square,40,evacuate,735
100,6,Ordered,square,50,evacuate,996
10,6,Ordered,house,70,evacuate,1884
10,6,Ordered,house,20,stay,1238
100,6,Ordered,house,30,stay,1235
100,6,Ordered,house,70,evacuate,1786
100,6,Ordered,house,50,evacuate,7200
10,6,Ordered,house,50,evacuate,1192
100,6,Ordered,house,20,stay,877
100,6,Ordered,house,60,evacuate,735
100,6,Ordered,house,40,evacuate,833
10,6,Ordered,house,10,stay,1188
10,6,Ordered,house,60,evacuate,730
10,6,Ordered,house,40,evacuate,844
100,6,Ordered,house,90,evacuate,1049
10,6,Ordered,house,90,evacuate,927
10,6,Ordered,house,30,stay,927
100,6,Ordered,house,10,stay,882
10,6,Ordered,house,100,evacuate,956
10,6,Ordered,house,80,evacuate,786
100,6,Ordered,house,80,evacuate,1024
10,6,Random,square,60,evacuate,2775
100,6,Random,square,40,evacuate,1955
100,6,Random,square,80,evacuate,828
100,6,Random,square,30,stay,1420
10,6,Random,square,20,stay,1701
10,6,Random,square,50,evacuate,914
100,6,Random,square,70,evacuate,963
10,6,Random,square,90,evacuate,754
100,6,Random,square,100,evacuate,847
10,6,Random,square,10,stay,834
10,6,Random,square,30,stay,1278
10,6,Random,square,70,evacuate,938
100,6,Random,square,20,stay,966
100,6,Random,square,10,stay,927
100,6,Random,square,90,evacuate,859
100,6,Random,square,60,evacuate,804
100,6,Random,square,50,evacuate,687
10,6,Random,square,40,evacuate,2842
10,6,Random,square,80,evacuate,1312
10,6,Random,house,80,evacuate,8261
100,6,Random,house,80,evacuate,810
100,6,Random,house,20,stay,1202
10,6,Random,house,30,stay,1038
10,6,Random,house,50,evacuate,766
10,6,Random,house,10,stay,919
10,6,Random,house,100,evacuate,870
100,6,Random,house,10,stay,2177
10,6,Random,house,70,evacuate,1343
10,6,Random,house,40,evacuate,1667
100,6,Random,house,50,evacuate,1094
10,6,Random,house,90,evacuate,1050
100,6,Random,house,90,evacuate,747
100,6,Random,house,70,evacuate,797
10,6,Random,house,20,stay,1150
10,6,Random,house,60,evacuate,846
100,6,Random,house,60,evacuate,841
100,6,Random,house,30,evacuate,848
100,6,Random,house,40,evacuate,543
100,7,NA,naturalFrequency,50,evacuate,5488
100,7,NA,naturalFrequency,30,evacuate,7839
10,7,NA,naturalFrequency,80,evacuate,2256
10,7,NA,naturalFrequency,90,evacuate,1696
100,7,NA,naturalFrequency,90,evacuate,1592
10,7,NA,naturalFrequency,50,stay,2208
10,7,NA,naturalFrequency,10,stay,1864
10,7,NA,naturalFrequency,20,stay,1736
100,7,NA,naturalFrequency,40,stay,2416
100,7,NA,naturalFrequency,80,evacuate,1368
100,7,NA,naturalFrequency,70,evacuate,1600
100,7,NA,naturalFrequency,60,evacuate,1496
10,7,NA,naturalFrequency,40,stay,3328
10,7,NA,naturalFrequency,60,evacuate,1456
10,7,NA,naturalFrequency,30,stay,1664
100,7,NA,naturalFrequency,0,stay,5240
100,7,NA,naturalFrequency,20,stay,1792
100,7,NA,naturalFrequency,10,stay,1536
10,7,NA,naturalFrequency,70,evacuate,1648
10,7,Ordered,square,20,stay,3055
100,7,Ordered,square,20,stay,3240
100,7,Ordered,square,60,evacuate,1136
10,7,Ordered,square,40,stay,3352
10,7,Ordered,square,0,stay,1344
10,7,Ordered,square,80,evacuate,1264
10,7,Ordered,square,60,evacuate,1728
10,7,Ordered,square,70,evacuate,1008
100,7,Ordered,square,90,evacuate,1480
10,7,Ordered,square,10,stay,1264
100,7,Ordered,square,10,stay,1400
100,7,Ordered,square,50,evacuate,3664
10,7,Ordered,square,30,stay,2152
100,7,Ordered,square,40,stay,1824
100,7,Ordered,square,30,stay,1104
10,7,Ordered,square,50,evacuate,1608
10,7,Ordered,square,90,evacuate,1415
100,7,Ordered,square,70,evacuate,1360
100,7,Ordered,square,80,evacuate,872
10,7,Ordered,house,70,evacuate,2687
100,7,Ordered,house,90,evacuate,1627
100,7,Ordered,house,0,stay,1171
100,7,Ordered,house,10,stay,1915
100,7,Ordered,house,30,stay,1115
10,7,Ordered,house,40,stay,1687
10,7,Ordered,house,90,evacuate,935
10,7,Ordered,house,60,evacuate,2391
100,7,Ordered,house,80,evacuate,1508
10,7,Ordered,house,20,stay,1639
100,7,Ordered,house,50,stay,1803
100,7,Ordered,house,70,evacuate,900
10,7,Ordered,house,80,evacuate,1711
10,7,Ordered,house,10,stay,1023
100,7,Ordered,house,60,evacuate,1332
10,7,Ordered,house,50,evacuate,1551
100,7,Ordered,house,40,evacuate,1652
100,7,Ordered,house,20,stay,1316
10,7,Ordered,house,30,stay,1807
100,7,Random,square,30,stay,3871
10,7,Random,square,20,stay,1431
100,7,Random,square,90,evacuate,1808
100,7,Random,square,40,evacuate,1727
10,7,Random,square,60,evacuate,1320
10,7,Random,square,10,stay,1280
100,7,Random,square,80,evacuate,1440
100,7,Random,square,50,evacuate,1199
10,7,Random,square,70,evacuate,1752
10,7,Random,square,90,evacuate,896
100,7,Random,square,20,stay,1463
100,7,Random,square,10,stay,887
100,7,Random,square,70,evacuate,1048
100,7,Random,square,60,evacuate,879
10,7,Random,square,40,evacuate,1440
10,7,Random,square,30,stay,1248
10,7,Random,square,80,evacuate,1256
100,7,Random,square,0,stay,1224
10,7,Random,square,50,evacuate,1256
10,7,Random,house,100,evacuate,1566
10,7,Random,house,90,evacuate,943
10,7,Random,house,30,stay,1736
100,7,Random,house,30,stay,1357
100,7,Random,house,60,evacuate,1004
10,7,Random,house,20,stay,1336
100,7,Random,house,40,evacuate,1268
10,7,Random,house,50,evacuate,1256
10,7,Random,house,80,evacuate,1040
10,7,Random,house,70,evacuate,1040
100,7,Random,house,90,evacuate,1637
100,7,Random,house,20,stay,1276
10,7,Random,house,60,evacuate,1304
10,7,Random,house,10,stay,1159
10,7,Random,house,40,stay,1112
100,7,Random,house,10,stay,1349
100,7,Random,house,70,evacuate,900
100,7,Random,house,80,evacuate,901
100,7,Random,house,50,evacuate,885
10,8,NA,naturalFrequency,40,stay,3592
10,8,NA,naturalFrequency,50,stay,1666
10,8,NA,naturalFrequency,70,evacuate,1182
100,8,NA,naturalFrequency,90,evacuate,2348
100,8,NA,naturalFrequency,80,evacuate,1314
100,8,NA,naturalFrequency,60,evacuate,1098
10,8,NA,naturalFrequency,20,stay,1465
10,8,NA,naturalFrequency,90,evacuate,1214
100,8,NA,naturalFrequency,20,stay,1449
100,8,NA,naturalFrequency,30,stay,1082
10,8,NA,naturalFrequency,10,stay,1830
100,8,NA,naturalFrequency,70,evacuate,1616
10,8,NA,naturalFrequency,30,stay,1164
100,8,NA,naturalFrequency,50,evacuate,1932
10,8,NA,naturalFrequency,60,evacuate,1446
100,8,NA,naturalFrequency,10,stay,2464
10,8,NA,naturalFrequency,80,evacuate,4312
10,8,NA,naturalFrequency,100,evacuate,1298
100,8,NA,naturalFrequency,40,stay,1348
100,8,Ordered,square,90,stay,2793
10,8,Ordered,square,80,evacuate,3247
10,8,Ordered,square,10,stay,1365
10,8,Ordered,square,30,stay,1348
100,8,Ordered,square,70,evacuate,2646
100,8,Ordered,square,50,evacuate,2212
100,8,Ordered,square,10,stay,2048
100,8,Ordered,square,30,stay,1697
10,8,Ordered,square,60,evacuate,2616
100,8,Ordered,square,80,evacuate,2006
100,8,Ordered,square,20,stay,2563
10,8,Ordered,square,90,evacuate,1758
10,8,Ordered,square,50,evacuate,2096
100,8,Ordered,square,40,stay,3545
10,8,Ordered,square,70,evacuate,1649
10,8,Ordered,square,20,stay,1897
100,8,Ordered,square,100,evacuate,1580
100,8,Ordered,square,60,evacuate,1499
10,8,Ordered,square,40,stay,4711
100,8,Ordered,house,30,stay,3957
100,8,Ordered,house,40,stay,1945
10,8,Ordered,house,20,stay,1482
100,8,Ordered,house,80,evacuate,2110
10,8,Ordered,house,30,stay,2281
100,8,Ordered,house,20,stay,2176
10,8,Ordered,house,50,evacuate,1847
10,8,Ordered,house,60,evacuate,1763
100,8,Ordered,house,50,evacuate,8272
10,8,Ordered,house,80,evacuate,1398
10,8,Ordered,house,10,stay,1048
100,8,Ordered,house,100,evacuate,1581
10,8,Ordered,house,90,evacuate,1681
10,8,Ordered,house,70,evacuate,1333
100,8,Ordered,house,60,evacuate,1612
100,8,Ordered,house,90,evacuate,1377
10,8,Ordered,house,40,stay,3413
100,8,Ordered,house,10,stay,1560
100,8,Ordered,house,70,evacuate,1392
100,8,Random,square,20,stay,3043
100,8,Random,square,80,evacuate,1399
10,8,Random,square,40,stay,2447
100,8,Random,square,60,evacuate,1782
100,8,Random,square,40,stay,2062
10,8,Random,square,80,evacuate,1681
10,8,Random,square,30,stay,1347
100,8,Random,square,10,evacuate,2164
100,8,Random,square,50,evacuate,1613
10,8,Random,square,10,stay,1348
10,8,Random,square,0,stay,1181
100,8,Random,square,70,evacuate,1096
10,8,Random,square,50,evacuate,2931
100,8,Random,square,90,evacuate,1430
100,8,Random,square,30,stay,6327
10,8,Random,square,60,evacuate,1849
10,8,Random,square,90,evacuate,1380
10,8,Random,square,20,stay,1331
10,8,Random,square,70,evacuate,1165
10,8,Random,house,10,stay,2928
100,8,Random,house,10,stay,1891
100,8,Random,house,30,evacuate,1960
100,8,Random,house,20,stay,1472
100,8,Random,house,80,evacuate,1514
10,8,Random,house,100,evacuate,1445
10,8,Random,house,70,evacuate,1097
10,8,Random,house,60,evacuate,1231
100,8,Random,house,60,evacuate,1747
10,8,Random,house,30,stay,1714
10,8,Random,house,50,evacuate,2465
100,8,Random,house,40,stay,1628
10,8,Random,house,90,evacuate,1451
100,8,Random,house,90,evacuate,1680
100,8,Random,house,50,stay,1596
10,8,Random,house,20,stay,1496
10,8,Random,house,80,evacuate,1413
100,8,Random,house,70,evacuate,1812
10,8,Random,house,40,stay,1798
10,9,NA,naturalFrequency,60,evacuate,11727
100,9,NA,naturalFrequency,90,evacuate,5312
100,9,NA,naturalFrequency,60,evacuate,6136
100,9,NA,naturalFrequency,40,evacuate,5224
100,9,NA,naturalFrequency,50,evacuate,2007
10,9,NA,naturalFrequency,10,stay,4616
10,9,NA,naturalFrequency,90,evacuate,3967
10,9,NA,naturalFrequency,70,evacuate,4192
10,9,NA,naturalFrequency,30,evacuate,1816
10,9,NA,naturalFrequency,100,evacuate,2632
100,9,NA,naturalFrequency,10,stay,2640
100,9,NA,naturalFrequency,80,evacuate,1609
10,9,NA,naturalFrequency,40,evacuate,2456
100,9,NA,naturalFrequency,20,stay,2679
10,9,NA,naturalFrequency,80,evacuate,1904
10,9,NA,naturalFrequency,20,stay,6817
100,9,NA,naturalFrequency,70,evacuate,1672
100,9,NA,naturalFrequency,30,evacuate,2424
10,9,NA,naturalFrequency,50,evacuate,1392
10,9,Ordered,square,50,evacuate,11742
100,9,Ordered,square,50,evacuate,3703
100,9,Ordered,square,40,evacuate,7544
100,9,Ordered,square,30,evacuate,9712
100,9,Ordered,square,70,evacuate,1561
10,9,Ordered,square,30,stay,7521
10,9,Ordered,square,0,stay,3328
100,9,Ordered,square,10,stay,1815
100,9,Ordered,square,60,evacuate,2111
100,9,Ordered,square,80,evacuate,1225
100,9,Ordered,square,90,evacuate,1047
10,9,Ordered,square,60,evacuate,2104
10,9,Ordered,square,70,evacuate,2177
10,9,Ordered,square,20,stay,1728
100,9,Ordered,square,20,stay,2791
10,9,Ordered,square,80,evacuate,2119
10,9,Ordered,square,40,evacuate,3287
10,9,Ordered,square,10,evacuate,1631
10,9,Ordered,square,90,evacuate,1520
10,9,Ordered,house,60,evacuate,4711
10,9,Ordered,house,70,evacuate,1192
100,9,Ordered,house,60,evacuate,1708
10,9,Ordered,house,20,stay,1727
10,9,Ordered,house,80,evacuate,1256
100,9,Ordered,house,70,evacuate,2556
100,9,Ordered,house,10,stay,1820
100,9,Ordered,house,50,evacuate,4373
100,9,Ordered,house,40,evacuate,1244
10,9,Ordered,house,40,evacuate,2600
100,9,Ordered,house,80,evacuate,1421
10,9,Ordered,house,10,stay,1831
100,9,Ordered,house,90,evacuate,1260
100,9,Ordered,house,20,stay,1437
10,9,Ordered,house,90,evacuate,1783
10,9,Ordered,house,30,evacuate,1166
10,9,Ordered,house,50,evacuate,1207
100,9,Ordered,house,100,evacuate,1223
100,9,Ordered,house,30,stay,1627
10,9,Random,square,70,evacuate,2154
100,9,Random,square,60,evacuate,3207
10,9,Random,square,10,stay,2015
100,9,Random,square,100,evacuate,1312
100,9,Random,square,50,evacuate,1215
10,9,Random,square,80,evacuate,1624
100,9,Random,square,10,stay,1335
10,9,Random,square,90,evacuate,1799
100,9,Random,square,30,evacuate,1983
100,9,Random,square,40,evacuate,1151
100,9,Random,square,20,stay,1263
10,9,Random,square,20,stay,1944
100,9,Random,square,80,evacuate,1823
100,9,Random,square,90,evacuate,1654
100,9,Random,square,70,evacuate,1023
10,9,Random,square,50,evacuate,167729
10,9,Random,square,40,evacuate,5912
10,9,Random,square,60,evacuate,1239
10,9,Random,square,30,evacuate,2184
10,9,Random,house,50,evacuate,2791
100,9,Random,house,70,evacuate,1277
10,9,Random,house,30,stay,1575
10,9,Random,house,80,evacuate,1711
100,9,Random,house,100,evacuate,1236
100,9,Random,house,40,evacuate,1557
100,9,Random,house,50,evacuate,3804
100,9,Random,house,60,evacuate,1101
10,9,Random,house,70,evacuate,1696
10,9,Random,house,10,stay,1382
10,9,Random,house,90,evacuate,927
100,9,Random,house,10,stay,1405
100,9,Random,house,20,stay,1182
10,9,Random,house,60,evacuate,1559
10,9,Random,house,20,stay,1287
10,9,Random,house,40,evacuate,1439
100,9,Random,house,80,evacuate,1204
100,9,Random,house,30,stay,1381
100,9,Random,house,90,evacuate,917
100,10,NA,naturalFrequency,60,evacuate,6706
100,10,NA,naturalFrequency,90,evacuate,2145
100,10,NA,naturalFrequency,70,evacuate,1053
10,10,NA,naturalFrequency,10,stay,4205
10,10,NA,naturalFrequency,40,evacuate,1679
100,10,NA,naturalFrequency,80,evacuate,1353
10,10,NA,naturalFrequency,90,evacuate,1414
10,10,NA,naturalFrequency,70,evacuate,1134
10,10,NA,naturalFrequency,60,evacuate,945
100,10,NA,naturalFrequency,20,stay,1684
100,10,NA,naturalFrequency,30,stay,1216
100,10,NA,naturalFrequency,0,stay,1458
10,10,NA,naturalFrequency,50,evacuate,1557
10,10,NA,naturalFrequency,80,evacuate,1245
10,10,NA,naturalFrequency,20,stay,1776
100,10,NA,naturalFrequency,40,stay,1356
10,10,NA,naturalFrequency,30,stay,1183
100,10,NA,naturalFrequency,50,evacuate,2040
100,10,NA,naturalFrequency,10,stay,1082
10,10,Ordered,square,60,evacuate,3865
100,10,Ordered,square,80,evacuate,1305
100,10,Ordered,square,60,evacuate,1198
10,10,Ordered,square,50,evacuate,1265
100,10,Ordered,square,90,evacuate,1201
100,10,Ordered,square,70,evacuate,912
10,10,Ordered,square,20,stay,1261
10,10,Ordered,square,40,evacuate,1110
10,10,Ordered,square,10,stay,1173
100,10,Ordered,square,10,stay,1189
10,10,Ordered,square,30,stay,2367
10,10,Ordered,square,80,evacuate,950
10,10,Ordered,square,70,evacuate,871
100,10,Ordered,square,20,stay,1488
100,10,Ordered,square,40,stay,1656
10,10,Ordered,square,100,evacuate,1124
100,10,Ordered,square,30,stay,1179
10,10,Ordered,square,90,evacuate,1132
100,10,Ordered,square,50,evacuate,1300
10,10,Ordered,house,20,stay,2695
10,10,Ordered,house,10,stay,1123
100,10,Ordered,house,90,evacuate,1113
100,10,Ordered,house,70,evacuate,1060
100,10,Ordered,house,10,stay,952
10,10,Ordered,house,90,evacuate,1157
10,10,Ordered,house,40,evacuate,1002
100,10,Ordered,house,50,evacuate,1277
100,10,Ordered,house,80,evacuate,924
10,10,Ordered,house,30,evacuate,1087
100,10,Ordered,house,30,stay,1249
100,10,Ordered,house,100,evacuate,840
10,10,Ordered,house,80,evacuate,1633
100,10,Ordered,house,60,evacuate,1373
100,10,Ordered,house,20,stay,1014
10,10,Ordered,house,70,evacuate,1057
10,10,Ordered,house,50,evacuate,951
10,10,Ordered,house,60,evacuate,911
100,10,Ordered,house,40,evacuate,1176
10,10,Random,square,20,stay,3435
100,10,Random,square,30,evacuate,2950
100,10,Random,square,20,evacuate,823
10,10,Random,square,50,evacuate,1062
10,10,Random,square,90,evacuate,784
100,10,Random,square,50,evacuate,1062
10,10,Random,square,0,stay,1070
10,10,Random,square,10,stay,1161
100,10,Random,square,40,evacuate,1153
10,10,Random,square,30,evacuate,1063
100,10,Random,square,90,evacuate,1113
100,10,Random,square,70,evacuate,975
10,10,Random,square,70,evacuate,1085
10,10,Random,square,40,evacuate,765
10,10,Random,square,80,evacuate,882
100,10,Random,square,10,stay,3137
10,10,Random,square,60,evacuate,1228
100,10,Random,square,80,evacuate,1439
100,10,Random,square,60,evacuate,1352
100,10,Random,house,90,evacuate,4087
100,10,Random,house,70,evacuate,935
100,10,Random,house,30,evacuate,673
10,10,Random,house,0,stay,1241
100,10,Random,house,40,evacuate,1086
100,10,Random,house,10,stay,1394
10,10,Random,house,90,evacuate,1202
10,10,Random,house,80,evacuate,735
10,10,Random,house,10,stay,1090
10,10,Random,house,20,evacuate,720
10,10,Random,house,60,evacuate,741
10,10,Random,house,30,evacuate,750
100,10,Random,house,50,evacuate,1239
100,10,Random,house,20,evacuate,661
100,10,Random,house,80,evacuate,640
100,10,Random,house,60,evacuate,858
10,10,Random,house,70,evacuate,1244
10,10,Random,house,40,evacuate,911
10,10,Random,house,50,evacuate,934
100,12,NA,naturalFrequency,80,evacuate,6176
10,12,NA,naturalFrequency,50,evacuate,2838
10,12,NA,naturalFrequency,20,evacuate,3920
10,12,NA,naturalFrequency,30,evacuate,1098
100,12,NA,naturalFrequency,90,evacuate,1058
10,12,NA,naturalFrequency,60,evacuate,1179
100,12,NA,naturalFrequency,10,evacuate,2100
10,12,NA,naturalFrequency,0,stay,2474
100,12,NA,naturalFrequency,70,evacuate,1179
10,12,NA,naturalFrequency,70,evacuate,1150
100,12,NA,naturalFrequency,60,evacuate,1154
10,12,NA,naturalFrequency,80,evacuate,785
10,12,NA,naturalFrequency,10,evacuate,1131
100,12,NA,naturalFrequency,50,evacuate,801
100,12,NA,naturalFrequency,30,evacuate,529
100,12,NA,naturalFrequency,40,evacuate,481
10,12,NA,naturalFrequency,90,evacuate,505
10,12,NA,naturalFrequency,40,evacuate,465
100,12,NA,naturalFrequency,20,evacuate,553
100,12,Ordered,square,70,evacuate,4163
100,12,Ordered,square,60,evacuate,721
10,12,Ordered,square,60,evacuate,1385
10,12,Ordered,square,90,evacuate,530
10,12,Ordered,square,70,evacuate,544
10,12,Ordered,square,10,evacuate,1075
10,12,Ordered,square,40,evacuate,545
10,12,Ordered,square,50,evacuate,1115
100,12,Ordered,square,20,evacuate,1067
100,12,Ordered,square,0,stay,953
10,12,Ordered,square,30,evacuate,953
100,12,Ordered,square,80,evacuate,865
100,12,Ordered,square,10,evacuate,1041
100,12,Ordered,square,50,evacuate,705
100,12,Ordered,square,90,evacuate,609
10,12,Ordered,square,20,evacuate,1146
10,12,Ordered,square,80,evacuate,505
100,12,Ordered,square,40,evacuate,825
100,12,Ordered,square,30,evacuate,506
10,12,Ordered,house,80,evacuate,1834
100,12,Ordered,house,60,evacuate,2633
100,12,Ordered,house,90,evacuate,729
100,12,Ordered,house,40,evacuate,449
100,12,Ordered,house,10,evacuate,440
10,12,Ordered,house,0,stay,953
10,12,Ordered,house,30,evacuate,1009
10,12,Ordered,house,40,evacuate,488
100,12,Ordered,house,20,evacuate,1210
10,12,Ordered,house,50,evacuate,809
10,12,Ordered,house,60,evacuate,521
10,12,Ordered,house,10,evacuate,528
100,12,Ordered,house,70,evacuate,968
100,12,Ordered,house,50,evacuate,657
10,12,Ordered,house,20,evacuate,849
10,12,Ordered,house,90,evacuate,552
10,12,Ordered,house,70,evacuate,511
100,12,Ordered,house,80,evacuate,1145
100,12,Ordered,house,30,evacuate,514
10,12,Random,square,80,evacuate,1145
10,12,Random,square,0,evacuate,465
10,12,Random,square,10,evacuate,585
10,12,Random,square,70,evacuate,473
100,12,Random,square,70,evacuate,1106
10,12,Random,square,30,evacuate,1418
10,12,Random,square,50,evacuate,826
100,12,Random,square,60,evacuate,849
10,12,Random,square,20,evacuate,1587
100,12,Random,square,50,evacuate,865
100,12,Random,square,90,evacuate,698
10,12,Random,square,90,evacuate,1154
100,12,Random,square,40,evacuate,922
100,12,Random,square,30,evacuate,820
100,12,Random,square,10,evacuate,1266
10,12,Random,square,40,evacuate,913
100,12,Random,square,20,evacuate,885
10,12,Random,square,60,evacuate,1739
100,12,Random,square,80,evacuate,957
100,12,Random,house,20,evacuate,986
10,12,Random,house,70,evacuate,840
10,12,Random,house,80,evacuate,636
100,12,Random,house,90,evacuate,1186
10,12,Random,house,10,evacuate,1521
10,12,Random,house,50,evacuate,575
100,12,Random,house,100,evacuate,912
100,12,Random,house,70,evacuate,2215
10,12,Random,house,60,evacuate,2997
100,12,Random,house,10,evacuate,921
100,12,Random,house,40,evacuate,1258
100,12,Random,house,30,evacuate,753
10,12,Random,house,20,evacuate,903
100,12,Random,house,60,evacuate,1041
10,12,Random,house,40,evacuate,785
10,12,Random,house,30,evacuate,527
10,12,Random,house,90,evacuate,551
100,12,Random,house,80,evacuate,776
100,12,Random,house,50,evacuate,801
100,13,NA,naturalFrequency,30,stay,3991
10,13,NA,naturalFrequency,60,evacuate,2399
10,13,NA,naturalFrequency,10,stay,2988
100,13,NA,naturalFrequency,50,stay,2026
10,13,NA,naturalFrequency,40,stay,2190
100,13,NA,naturalFrequency,40,stay,2508
10,13,NA,naturalFrequency,30,stay,1594
100,13,NA,naturalFrequency,70,evacuate,2326
100,13,NA,naturalFrequency,60,evacuate,1791
100,13,NA,naturalFrequency,100,evacuate,1498
10,13,NA,naturalFrequency,80,evacuate,1821
100,13,NA,naturalFrequency,80,evacuate,1448
100,13,NA,naturalFrequency,90,evacuate,1379
100,13,NA,naturalFrequency,10,stay,1413
10,13,NA,naturalFrequency,20,stay,1544
100,13,NA,naturalFrequency,20,stay,2103
10,13,NA,naturalFrequency,50,evacuate,1879
10,13,NA,naturalFrequency,70,evacuate,1191
10,13,NA,naturalFrequency,90,evacuate,1652
100,13,Ordered,square,20,stay,4184
100,13,Ordered,square,70,evacuate,1100
10,13,Ordered,square,20,stay,3475
100,13,Ordered,square,50,evacuate,1679
10,13,Ordered,square,60,evacuate,1555
100,13,Ordered,square,80,evacuate,1937
10,13,Ordered,square,40,stay,1480
100,13,Ordered,square,10,stay,1451
10,13,Ordered,square,30,stay,1399
100,13,Ordered,square,60,evacuate,1448
100,13,Ordered,square,30,stay,1127
10,13,Ordered,square,50,evacuate,1465
10,13,Ordered,square,70,evacuate,1279
10,13,Ordered,square,90,evacuate,933
100,13,Ordered,square,100,evacuate,1249
10,13,Ordered,square,80,evacuate,1414
100,13,Ordered,square,40,stay,1300
100,13,Ordered,square,90,evacuate,1461
10,13,Ordered,square,10,stay,1421
100,13,Ordered,house,60,stay,3002
10,13,Ordered,house,30,stay,1463
10,13,Ordered,house,90,evacuate,999
100,13,Ordered,house,80,evacuate,1273
10,13,Ordered,house,60,evacuate,1107
10,13,Ordered,house,10,stay,800
10,13,Ordered,house,50,evacuate,912
100,13,Ordered,house,10,stay,1127
100,13,Ordered,house,40,stay,1072
10,13,Ordered,house,70,evacuate,1829
10,13,Ordered,house,100,evacuate,827
100,13,Ordered,house,50,stay,1161
10,13,Ordered,house,20,stay,1070
100,13,Ordered,house,20,stay,1029
10,13,Ordered,house,40,stay,1237
10,13,Ordered,house,80,evacuate,830
100,13,Ordered,house,70,evacuate,1596
100,13,Ordered,house,90,evacuate,836
100,13,Ordered,house,30,stay,986
100,13,Random,square,30,stay,2122
10,13,Random,square,90,evacuate,1285
100,13,Random,square,50,evacuate,1404
10,13,Random,square,10,stay,998
100,13,Random,square,40,stay,1144
100,13,Random,square,10,stay,934
10,13,Random,square,80,evacuate,1207
10,13,Random,square,0,stay,1578
10,13,Random,square,60,evacuate,1577
10,13,Random,square,70,evacuate,1020
10,13,Random,square,40,stay,974
100,13,Random,square,20,stay,1213
100,13,Random,square,90,evacuate,952
10,13,Random,square,50,evacuate,1445
10,13,Random,square,30,stay,1030
10,13,Random,square,20,stay,820
100,13,Random,square,60,evacuate,1114
100,13,Random,square,80,evacuate,762
100,13,Random,square,70,evacuate,908
100,13,Random,house,60,evacuate,1542
10,13,Random,house,70,evacuate,1264
100,13,Random,house,40,stay,1178
100,13,Random,house,30,stay,969
100,13,Random,house,70,evacuate,1052
10,13,Random,house,30,stay,1150
100,13,Random,house,80,evacuate,1286
10,13,Random,house,20,stay,960
10,13,Random,house,80,evacuate,1319
100,13,Random,house,10,stay,1085
100,13,Random,house,50,evacuate,1620
10,13,Random,house,40,stay,1010
100,13,Random,house,90,evacuate,1643
10,13,Random,house,10,stay,946
100,13,Random,house,20,stay,1245
10,13,Random,house,60,evacuate,1065
100,13,Random,house,100,evacuate,1145
10,13,Random,house,90,evacuate,1767
10,13,Random,house,50,stay,1023
100,14,NA,naturalFrequency,10,evacuate,21208
100,14,NA,naturalFrequency,40,evacuate,3192
100,14,NA,naturalFrequency,60,evacuate,1008
10,14,NA,naturalFrequency,70,evacuate,2040
10,14,NA,naturalFrequency,60,evacuate,5528
10,14,NA,naturalFrequency,90,evacuate,1083
10,14,NA,naturalFrequency,10,evacuate,2880
100,14,NA,naturalFrequency,90,evacuate,1304
100,14,NA,naturalFrequency,70,evacuate,1656
10,14,NA,naturalFrequency,20,evacuate,1248
100,14,NA,naturalFrequency,50,evacuate,888
10,14,NA,naturalFrequency,30,evacuate,1192
100,14,NA,naturalFrequency,20,evacuate,1136
10,14,NA,naturalFrequency,50,evacuate,1032
100,14,NA,naturalFrequency,100,evacuate,1312
10,14,NA,naturalFrequency,80,evacuate,1008
10,14,NA,naturalFrequency,40,evacuate,1064
100,14,NA,naturalFrequency,80,evacuate,853
100,14,NA,naturalFrequency,30,evacuate,1224
100,14,Ordered,square,80,evacuate,4015
10,14,Ordered,square,10,evacuate,1928
10,14,Ordered,square,90,evacuate,936
10,14,Ordered,square,50,evacuate,928
10,14,Ordered,square,100,evacuate,920
100,14,Ordered,square,90,evacuate,914
100,14,Ordered,square,60,evacuate,592
10,14,Ordered,square,70,evacuate,808
100,14,Ordered,square,70,evacuate,816
100,14,Ordered,square,20,evacuate,504
10,14,Ordered,square,80,evacuate,1584
100,14,Ordered,square,30,evacuate,1288
100,14,Ordered,square,50,evacuate,608
100,14,Ordered,square,40,evacuate,1088
10,14,Ordered,square,30,evacuate,1064
10,14,Ordered,square,20,evacuate,1441
100,14,Ordered,square,10,evacuate,1103
10,14,Ordered,square,60,evacuate,968
10,14,Ordered,square,40,evacuate,656
10,14,Ordered,house,40,evacuate,2463
100,14,Ordered,house,20,evacuate,1078
100,14,Ordered,house,70,evacuate,686
100,14,Ordered,house,10,evacuate,782
100,14,Ordered,house,50,evacuate,518
10,14,Ordered,house,70,evacuate,1001
100,14,Ordered,house,60,evacuate,1372
10,14,Ordered,house,10,evacuate,887
100,14,Ordered,house,100,evacuate,894
100,14,Ordered,house,40,evacuate,702
10,14,Ordered,house,50,evacuate,10320
100,14,Ordered,house,30,evacuate,1022
10,14,Ordered,house,20,evacuate,912
100,14,Ordered,house,90,evacuate,863
10,14,Ordered,house,90,evacuate,872
10,14,Ordered,house,60,evacuate,928
100,14,Ordered,house,80,evacuate,911
10,14,Ordered,house,30,evacuate,928
10,14,Ordered,house,80,evacuate,608
100,14,Random,square,30,evacuate,1507
100,14,Random,square,20,evacuate,776
100,14,Random,square,40,evacuate,681
100,14,Random,square,90,evacuate,776
10,14,Random,square,20,evacuate,1065
100,14,Random,square,60,evacuate,1894
10,14,Random,square,70,evacuate,856
10,14,Random,square,30,evacuate,744
10,14,Random,square,10,evacuate,600
10,14,Random,square,90,evacuate,696
100,14,Random,square,10,evacuate,1008
100,14,Random,square,0,evacuate,528
10,14,Random,square,80,evacuate,1160
10,14,Random,square,60,evacuate,1120
100,14,Random,square,50,evacuate,1144
100,14,Random,square,70,evacuate,696
100,14,Random,square,80,evacuate,832
10,14,Random,square,40,evacuate,1192
10,14,Random,square,50,evacuate,800
10,14,Random,house,20,evacuate,1719
100,14,Random,house,30,evacuate,1030
100,14,Random,house,40,evacuate,702
100,14,Random,house,60,evacuate,654
10,14,Random,house,30,evacuate,912
100,14,Random,house,90,evacuate,823
10,14,Random,house,70,evacuate,1144
10,14,Random,house,90,evacuate,954
100,14,Random,house,20,evacuate,2034
10,14,Random,house,10,evacuate,1192
100,14,Random,house,80,evacuate,982
100,14,Random,house,0,stay,4215
10,14,Random,house,80,evacuate,1272
10,14,Random,house,40,evacuate,784
10,14,Random,house,60,evacuate,736
100,14,Random,house,10,evacuate,1143
100,14,Random,house,50,evacuate,2086
10,14,Random,house,50,evacuate,1504
100,14,Random,house,70,evacuate,951
10,15,NA,naturalFrequency,20,stay,9658
10,15,NA,naturalFrequency,50,evacuate,2270
100,15,NA,naturalFrequency,30,stay,5019
10,15,NA,naturalFrequency,40,evacuate,1888
10,15,NA,naturalFrequency,0,stay,4518
100,15,NA,naturalFrequency,40,evacuate,2556
10,15,NA,naturalFrequency,10,stay,4254
100,15,NA,naturalFrequency,80,evacuate,2954
10,15,NA,naturalFrequency,90,evacuate,2435
100,15,NA,naturalFrequency,20,stay,9821
10,15,NA,naturalFrequency,30,stay,3816
10,15,NA,naturalFrequency,60,evacuate,1550
100,15,NA,naturalFrequency,10,stay,2445
10,15,NA,naturalFrequency,70,evacuate,1935
10,15,NA,naturalFrequency,80,evacuate,1821
100,15,NA,naturalFrequency,60,evacuate,1607
100,15,NA,naturalFrequency,50,evacuate,1488
100,15,NA,naturalFrequency,90,evacuate,1457
100,15,NA,naturalFrequency,70,evacuate,1575
10,15,Ordered,square,10,stay,10586
10,15,Ordered,square,70,evacuate,1367
10,15,Ordered,square,40,evacuate,2175
10,15,Ordered,square,80,evacuate,1534
100,15,Ordered,square,70,evacuate,3309
100,15,Ordered,square,80,evacuate,2008
100,15,Ordered,square,90,evacuate,2610
100,15,Ordered,square,50,evacuate,6909
10,15,Ordered,square,30,stay,11602
100,15,Ordered,square,10,stay,3212
10,15,Ordered,square,50,evacuate,1886
10,15,Ordered,square,60,evacuate,1435
10,15,Ordered,square,90,evacuate,1231
100,15,Ordered,square,0,stay,5504
100,15,Ordered,square,60,evacuate,1506
100,15,Ordered,square,40,stay,1838
100,15,Ordered,square,30,stay,3124
10,15,Ordered,square,20,stay,1837
100,15,Ordered,square,20,stay,2640
10,15,Ordered,house,80,evacuate,4503
10,15,Ordered,house,60,evacuate,1403
10,15,Ordered,house,20,stay,1759
100,15,Ordered,house,50,evacuate,2336
10,15,Ordered,house,10,stay,3539
100,15,Ordered,house,90,evacuate,2605
100,15,Ordered,house,30,stay,2492
100,15,Ordered,house,20,stay,1618
10,15,Ordered,house,70,evacuate,2444
100,15,Ordered,house,60,evacuate,2601
100,15,Ordered,house,10,stay,2557
10,15,Ordered,house,50,evacuate,1502
10,15,Ordered,house,40,evacuate,17495
100,15,Ordered,house,70,evacuate,2286
100,15,Ordered,house,40,stay,2806
10,15,Ordered,house,0,stay,3540
10,15,Ordered,house,90,evacuate,1705
10,15,Ordered,house,30,stay,2459
100,15,Ordered,house,80,evacuate,1856
100,15,Random,square,80,evacuate,2826
10,15,Random,square,40,evacuate,3683
100,15,Random,square,70,evacuate,3273
10,15,Random,square,80,evacuate,2292
100,15,Random,square,10,stay,6724
100,15,Random,square,50,evacuate,1556
100,15,Random,square,60,evacuate,1560
100,15,Random,square,40,evacuate,1687
10,15,Random,square,60,evacuate,2003
100,15,Random,square,90,evacuate,1842
10,15,Random,square,100,evacuate,2236
10,15,Random,square,30,stay,8633
10,15,Random,square,20,stay,3089
10,15,Random,square,10,stay,1505
10,15,Random,square,50,evacuate,1707
10,15,Random,square,70,evacuate,1574
10,15,Random,square,90,evacuate,1280
100,15,Random,square,30,stay,7859
100,15,Random,square,20,stay,1557
10,15,Random,house,10,stay,3055
100,15,Random,house,70,evacuate,2456
100,15,Random,house,60,evacuate,1569
100,15,Random,house,40,evacuate,6390
10,15,Random,house,80,evacuate,1866
10,15,Random,house,90,evacuate,1604
10,15,Random,house,50,evacuate,5916
100,15,Random,house,20,stay,3055
10,15,Random,house,40,evacuate,4363
10,15,Random,house,0,stay,2808
100,15,Random,house,90,evacuate,1904
10,15,Random,house,60,evacuate,2541
10,15,Random,house,70,evacuate,1850
10,15,Random,house,20,stay,16446
10,15,Random,house,30,evacuate,1745
100,15,Random,house,10,stay,2828
100,15,Random,house,50,evacuate,1426
100,15,Random,house,80,evacuate,1625
100,15,Random,house,30,evacuate,4143
10,16,NA,naturalFrequency,30,stay,20232
10,16,NA,naturalFrequency,70,evacuate,6100
10,16,NA,naturalFrequency,40,evacuate,5931
10,16,NA,naturalFrequency,90,evacuate,7719
100,16,NA,naturalFrequency,10,stay,13280
100,16,NA,naturalFrequency,30,stay,6776
100,16,NA,naturalFrequency,40,stay,7104
100,16,NA,naturalFrequency,50,evacuate,5368
100,16,NA,naturalFrequency,70,evacuate,4515
100,16,NA,naturalFrequency,20,stay,6996
10,16,NA,naturalFrequency,80,evacuate,6484
10,16,NA,naturalFrequency,10,stay,2892
100,16,NA,naturalFrequency,80,evacuate,4515
10,16,NA,naturalFrequency,50,stay,27504
100,16,NA,naturalFrequency,90,evacuate,3075
10,16,NA,naturalFrequency,20,stay,2301
100,16,NA,naturalFrequency,60,evacuate,3016
10,16,NA,naturalFrequency,60,evacuate,2800
10,16,NA,naturalFrequency,100,evacuate,2539
100,16,Ordered,square,80,stay,15983
10,16,Ordered,square,30,stay,5404
100,16,Ordered,square,40,stay,4399
100,16,Ordered,square,100,evacuate,2996
100,16,Ordered,square,90,evacuate,3235
100,16,Ordered,square,50,evacuate,9564
100,16,Ordered,square,60,evacuate,1991
10,16,Ordered,square,10,stay,2985
100,16,Ordered,square,30,stay,2656
10,16,Ordered,square,50,evacuate,7547
10,16,Ordered,square,80,evacuate,2064
100,16,Ordered,square,20,stay,2887
10,16,Ordered,square,20,stay,2616
10,16,Ordered,square,60,evacuate,2972
100,16,Ordered,square,70,evacuate,2256
10,16,Ordered,square,70,evacuate,2227
10,16,Ordered,square,90,evacuate,1699
100,16,Ordered,square,10,stay,2435
10,16,Ordered,square,40,stay,4235
10,16,Ordered,house,50,evacuate,12400
100,16,Ordered,house,60,evacuate,2311
10,16,Ordered,house,20,stay,2688
100,16,Ordered,house,50,evacuate,2823
100,16,Ordered,house,10,stay,1802
10,16,Ordered,house,80,evacuate,3356
100,16,Ordered,house,90,evacuate,2123
10,16,Ordered,house,60,evacuate,3891
10,16,Ordered,house,10,stay,2044
10,16,Ordered,house,30,stay,1575
100,16,Ordered,house,40,stay,2735
10,16,Ordered,house,0,stay,2660
100,16,Ordered,house,20,stay,1967
100,16,Ordered,house,30,stay,1547
10,16,Ordered,house,70,evacuate,1923
100,16,Ordered,house,70,evacuate,1886
10,16,Ordered,house,40,stay,3648
10,16,Ordered,house,90,evacuate,2007
100,16,Ordered,house,80,evacuate,1887
100,16,Random,square,50,evacuate,5166
10,16,Random,square,40,stay,5180
10,16,Random,square,20,stay,2152
100,16,Random,square,80,evacuate,2939
100,16,Random,square,30,stay,3496
100,16,Random,square,20,stay,2112
10,16,Random,square,30,stay,3292
10,16,Random,square,80,evacuate,1792
10,16,Random,square,60,evacuate,2599
100,16,Random,square,70,evacuate,2480
10,16,Random,square,100,evacuate,2904
10,16,Random,square,50,evacuate,2312
10,16,Random,square,10,stay,1764
10,16,Random,square,90,evacuate,1472
100,16,Random,square,90,evacuate,2084
100,16,Random,square,60,evacuate,2759
100,16,Random,square,10,stay,2075
100,16,Random,square,40,evacuate,3307
10,16,Random,square,70,evacuate,1860
10,16,Random,house,40,evacuate,6355
100,16,Random,house,40,stay,7199
10,16,Random,house,60,evacuate,2360
100,16,Random,house,50,evacuate,2360
10,16,Random,house,10,stay,2188
100,16,Random,house,20,stay,2091
100,16,Random,house,80,evacuate,1664
10,16,Random,house,30,stay,4848
100,16,Random,house,70,evacuate,1894
10,16,Random,house,80,evacuate,1919
10,16,Random,house,90,evacuate,1420
10,16,Random,house,20,stay,2471
100,16,Random,house,60,evacuate,2298
10,16,Random,house,100,evacuate,1732
100,16,Random,house,10,stay,2155
100,16,Random,house,30,evacuate,10031
10,16,Random,house,50,evacuate,2471
10,16,Random,house,70,evacuate,1724
100,16,Random,house,90,evacuate,1798
100,17,NA,naturalFrequency,100,evacuate,5066
100,17,NA,naturalFrequency,60,evacuate,2174
10,17,NA,naturalFrequency,50,evacuate,2283
100,17,NA,naturalFrequency,40,evacuate,1808
100,17,NA,naturalFrequency,10,stay,4874
100,17,NA,naturalFrequency,70,evacuate,1264
10,17,NA,naturalFrequency,30,evacuate,1680
100,17,NA,naturalFrequency,90,evacuate,1130
10,17,NA,naturalFrequency,60,evacuate,1277
100,17,NA,naturalFrequency,80,evacuate,986
10,17,NA,naturalFrequency,20,evacuate,3813
10,17,NA,naturalFrequency,80,evacuate,1508
100,17,NA,naturalFrequency,20,evacuate,1269
10,17,NA,naturalFrequency,10,stay,3642
10,17,NA,naturalFrequency,70,evacuate,929
10,17,NA,naturalFrequency,90,evacuate,712
10,17,NA,naturalFrequency,40,evacuate,937
100,17,NA,naturalFrequency,30,evacuate,2117
100,17,NA,naturalFrequency,50,evacuate,718
100,17,Ordered,square,70,evacuate,3070
10,17,Ordered,square,90,evacuate,1234
10,17,Ordered,square,10,stay,1249
100,17,Ordered,square,20,evacuate,2427
100,17,Ordered,square,50,evacuate,1256
100,17,Ordered,square,60,evacuate,1142
10,17,Ordered,square,60,evacuate,1293
100,17,Ordered,square,0,stay,1440
10,17,Ordered,square,70,evacuate,864
100,17,Ordered,square,40,evacuate,1499
100,17,Ordered,square,80,evacuate,953
100,17,Ordered,square,30,evacuate,1392
100,17,Ordered,square,90,evacuate,838
10,17,Ordered,square,20,evacuate,2800
10,17,Ordered,square,80,evacuate,867
10,17,Ordered,square,40,evacuate,1278
10,17,Ordered,square,30,evacuate,1055
10,17,Ordered,square,50,evacuate,980
100,17,Ordered,square,10,stay,1403
10,17,Ordered,house,50,evacuate,2621
100,17,Ordered,house,60,evacuate,1182
100,17,Ordered,house,10,stay,1203
100,17,Ordered,house,20,stay,1684
100,17,Ordered,house,30,evacuate,1095
10,17,Ordered,house,60,evacuate,1151
100,17,Ordered,house,40,evacuate,1269
10,17,Ordered,house,30,evacuate,1248
10,17,Ordered,house,20,stay,1567
10,17,Ordered,house,90,evacuate,1478
10,17,Ordered,house,0,stay,1482
10,17,Ordered,house,70,evacuate,1063
10,17,Ordered,house,10,stay,1532
10,17,Ordered,house,40,evacuate,1322
100,17,Ordered,house,90,evacuate,1350
100,17,Ordered,house,70,evacuate,1030
100,17,Ordered,house,50,evacuate,1188
100,17,Ordered,house,80,evacuate,963
10,17,Ordered,house,80,evacuate,1122
100,17,Random,square,30,evacuate,3014
10,17,Random,square,30,evacuate,2260
100,17,Random,square,40,evacuate,1085
100,17,Random,square,90,evacuate,2113
10,17,Random,square,90,evacuate,928
100,17,Random,square,10,stay,2370
10,17,Random,square,20,stay,1292
10,17,Random,square,50,evacuate,1130
10,17,Random,square,40,evacuate,1066
10,17,Random,square,60,evacuate,773
10,17,Random,square,80,evacuate,830
100,17,Random,square,70,evacuate,1100
100,17,Random,square,60,evacuate,959
10,17,Random,square,10,stay,1273
100,17,Random,square,20,evacuate,1489
100,17,Random,square,50,evacuate,954
100,17,Random,square,80,evacuate,933
10,17,Random,square,0,stay,1180
10,17,Random,square,70,evacuate,1073
100,17,Random,house,0,stay,2299
10,17,Random,house,20,stay,1711
10,17,Random,house,60,evacuate,903
10,17,Random,house,50,evacuate,806
100,17,Random,house,50,evacuate,1552
100,17,Random,house,70,evacuate,1206
100,17,Random,house,10,stay,1393
10,17,Random,house,30,stay,1349
10,17,Random,house,80,evacuate,786
10,17,Random,house,40,evacuate,1181
100,17,Random,house,90,evacuate,979
100,17,Random,house,40,evacuate,947
10,17,Random,house,70,evacuate,935
100,17,Random,house,80,evacuate,928
100,17,Random,house,20,stay,2335
10,17,Random,house,90,evacuate,958
100,17,Random,house,60,evacuate,883
10,17,Random,house,10,stay,938
100,17,Random,house,30,evacuate,1973
10,18,NA,naturalFrequency,70,evacuate,6167
100,18,NA,naturalFrequency,20,stay,4109
100,18,NA,naturalFrequency,60,evacuate,1856
10,18,NA,naturalFrequency,30,stay,3399
100,18,NA,naturalFrequency,80,evacuate,1692
100,18,NA,naturalFrequency,50,stay,1887
10,18,NA,naturalFrequency,80,evacuate,1997
10,18,NA,naturalFrequency,60,evacuate,2331
10,18,NA,naturalFrequency,90,evacuate,1591
10,18,NA,naturalFrequency,0,stay,1950
10,18,NA,naturalFrequency,40,stay,6434
100,18,NA,naturalFrequency,30,stay,1956
100,18,NA,naturalFrequency,70,evacuate,1442
100,18,NA,naturalFrequency,10,stay,1801
10,18,NA,naturalFrequency,10,stay,1536
10,18,NA,naturalFrequency,50,stay,1591
10,18,NA,naturalFrequency,20,stay,1411
100,18,NA,naturalFrequency,40,stay,1567
100,18,NA,naturalFrequency,90,evacuate,1365
10,18,Ordered,square,20,stay,3454
10,18,Ordered,square,10,stay,1388
10,18,Ordered,square,40,stay,1676
100,18,Ordered,square,30,stay,2135
10,18,Ordered,square,90,evacuate,1676
10,18,Ordered,square,0,stay,1551
10,18,Ordered,square,50,stay,1466
100,18,Ordered,square,20,stay,1598
100,18,Ordered,square,80,evacuate,1341
10,18,Ordered,square,80,evacuate,1809
10,18,Ordered,square,30,stay,1387
100,18,Ordered,square,70,evacuate,1700
100,18,Ordered,square,60,evacuate,1871
10,18,Ordered,square,70,evacuate,1590
100,18,Ordered,square,50,stay,3157
100,18,Ordered,square,10,stay,1512
100,18,Ordered,square,40,stay,1410
100,18,Ordered,square,90,evacuate,1341
10,18,Ordered,square,60,stay,1825
10,18,Ordered,house,70,evacuate,2961
100,18,Ordered,house,30,stay,2062
100,18,Ordered,house,80,evacuate,1396
100,18,Ordered,house,10,stay,1906
100,18,Ordered,house,90,evacuate,1405
10,18,Ordered,house,30,stay,1832
10,18,Ordered,house,50,stay,1473
10,18,Ordered,house,90,evacuate,2308
100,18,Ordered,house,20,stay,1661
10,18,Ordered,house,80,evacuate,1567
10,18,Ordered,house,10,stay,1270
10,18,Ordered,house,20,stay,1207
100,18,Ordered,house,40,stay,1642
100,18,Ordered,house,70,evacuate,1243
100,18,Ordered,house,60,stay,1547
10,18,Ordered,house,60,evacuate,1747
10,18,Ordered,house,0,stay,1370
10,18,Ordered,house,40,stay,1341
100,18,Ordered,house,50,stay,1740
100,18,Random,square,70,evacuate,2774
100,18,Random,square,90,evacuate,1271
10,18,Random,square,10,stay,1504
10,18,Random,square,90,evacuate,1348
100,18,Random,square,20,stay,1630
100,18,Random,square,80,evacuate,1185
10,18,Random,square,0,stay,1513
100,18,Random,square,40,evacuate,2066
10,18,Random,square,80,evacuate,1482
10,18,Random,square,30,stay,1224
10,18,Random,square,40,stay,1388
100,18,Random,square,10,stay,2253
10,18,Random,square,70,evacuate,1841
10,18,Random,square,50,stay,2098
100,18,Random,square,60,evacuate,1675
100,18,Random,square,50,evacuate,1731
10,18,Random,square,20,stay,1427
10,18,Random,square,60,evacuate,1504
100,18,Random,square,30,stay,1700
100,18,Random,house,30,stay,3479
100,18,Random,house,70,evacuate,2001
10,18,Random,house,70,evacuate,1698
10,18,Random,house,10,stay,2043
10,18,Random,house,90,evacuate,1302
10,18,Random,house,60,evacuate,1979
10,18,Random,house,30,stay,1388
100,18,Random,house,20,stay,1717
10,18,Random,house,50,stay,1645
10,18,Random,house,80,evacuate,1262
100,18,Random,house,40,stay,1813
10,18,Random,house,20,stay,1457
100,18,Random,house,50,evacuate,1693
100,18,Random,house,60,evacuate,1244
100,18,Random,house,90,evacuate,1571
100,18,Random,house,10,stay,1514
100,18,Random,house,80,evacuate,1532
10,18,Random,house,40,stay,1698
10,18,Random,house,100,evacuate,1904
10,19,NA,naturalFrequency,50,evacuate,9160
10,19,NA,naturalFrequency,70,evacuate,7651
100,19,NA,naturalFrequency,20,stay,3087
100,19,NA,naturalFrequency,60,evacuate,2219
10,19,NA,naturalFrequency,60,stay,2134
100,19,NA,naturalFrequency,70,evacuate,3634
100,19,NA,naturalFrequency,90,evacuate,2725
10,19,NA,naturalFrequency,80,evacuate,1842
100,19,NA,naturalFrequency,80,evacuate,1948
100,19,NA,naturalFrequency,50,stay,2268
100,19,NA,naturalFrequency,40,stay,1733
10,19,NA,naturalFrequency,90,evacuate,1852
10,19,NA,naturalFrequency,30,stay,2168
10,19,NA,naturalFrequency,20,stay,1566
10,19,NA,naturalFrequency,10,stay,1352
10,19,NA,naturalFrequency,40,stay,1446
100,19,NA,naturalFrequency,100,evacuate,2931
100,19,NA,naturalFrequency,10,stay,4878
100,19,NA,naturalFrequency,30,stay,1580
100,19,Ordered,square,50,stay,16112
100,19,Ordered,square,20,stay,3844
10,19,Ordered,square,50,evacuate,6145
10,19,Ordered,square,40,stay,7305
100,19,Ordered,square,60,evacuate,2494
10,19,Ordered,square,30,stay,1753
10,19,Ordered,square,90,evacuate,1793
100,19,Ordered,square,40,stay,1868
100,19,Ordered,square,30,stay,1897
10,19,Ordered,square,10,stay,4498
10,19,Ordered,square,80,evacuate,4716
10,19,Ordered,square,20,evacuate,3551
100,19,Ordered,square,70,stay,3448
100,19,Ordered,square,0,stay,4469
100,19,Ordered,square,10,stay,2970
10,19,Ordered,square,70,evacuate,1715
100,19,Ordered,square,90,evacuate,1913
100,19,Ordered,square,80,evacuate,2012
10,19,Ordered,square,60,evacuate,5451
100,19,Ordered,house,50,evacuate,10118
10,19,Ordered,house,80,evacuate,3333
100,19,Ordered,house,100,evacuate,2140
10,19,Ordered,house,30,stay,1928
10,19,Ordered,house,20,stay,1423
100,19,Ordered,house,60,evacuate,2304
100,19,Ordered,house,70,evacuate,1700
10,19,Ordered,house,70,evacuate,2447
100,19,Ordered,house,10,stay,2257
10,19,Ordered,house,60,evacuate,2548
100,19,Ordered,house,80,evacuate,2788
100,19,Ordered,house,30,stay,1941
10,19,Ordered,house,40,stay,2820
10,19,Ordered,house,50,evacuate,1753
10,19,Ordered,house,10,stay,2711
10,19,Ordered,house,90,evacuate,1823
100,19,Ordered,house,20,stay,2478
100,19,Ordered,house,40,stay,2170
100,19,Ordered,house,90,evacuate,8549
100,19,Random,square,10,stay,4831
10,19,Random,square,40,stay,2716
100,19,Random,square,70,evacuate,2046
10,19,Random,square,30,stay,2457
100,19,Random,square,90,evacuate,2374
10,19,Random,square,90,evacuate,1808
100,19,Random,square,40,evacuate,2514
100,19,Random,square,20,stay,1908
10,19,Random,square,50,evacuate,2312
100,19,Random,square,30,stay,3509
100,19,Random,square,60,evacuate,1863
10,19,Random,square,20,stay,2544
10,19,Random,square,80,evacuate,1515
10,19,Random,square,70,evacuate,1812
100,19,Random,square,50,evacuate,2257
10,19,Random,square,60,evacuate,3124
10,19,Random,square,10,stay,1847
100,19,Random,square,80,evacuate,2229
100,19,Random,square,100,evacuate,1423
100,19,Random,house,70,evacuate,3848
100,19,Random,house,10,stay,2177
10,19,Random,house,60,evacuate,2008
10,19,Random,house,100,evacuate,1648
100,19,Random,house,60,evacuate,2162
100,19,Random,house,50,evacuate,2627
100,19,Random,house,40,evacuate,3289
10,19,Random,house,10,stay,2001
10,19,Random,house,40,stay,2614
100,19,Random,house,20,stay,2409
10,19,Random,house,90,evacuate,2181
100,19,Random,house,90,evacuate,2790
10,19,Random,house,70,evacuate,2116
10,19,Random,house,80,evacuate,1549
100,19,Random,house,30,stay,2838
100,19,Random,house,80,evacuate,1853
10,19,Random,house,50,evacuate,4014
10,19,Random,house,20,stay,1899
10,19,Random,house,30,stay,2237
10,20,NA,naturalFrequency,90,evacuate,10077
100,20,NA,naturalFrequency,40,stay,11465
100,20,NA,naturalFrequency,50,stay,4764
10,20,NA,naturalFrequency,70,evacuate,1665
10,20,NA,naturalFrequency,80,evacuate,967
10,20,NA,naturalFrequency,10,stay,1300
10,20,NA,naturalFrequency,20,stay,895
100,20,NA,naturalFrequency,10,evacuate,1388
10,20,NA,naturalFrequency,0,stay,1688
10,20,NA,naturalFrequency,30,stay,1383
100,20,NA,naturalFrequency,80,evacuate,1457
100,20,NA,naturalFrequency,20,stay,888
100,20,NA,naturalFrequency,90,evacuate,1210
100,20,NA,naturalFrequency,70,evacuate,1075
10,20,NA,naturalFrequency,60,evacuate,1056
100,20,NA,naturalFrequency,30,stay,1171
10,20,NA,naturalFrequency,40,stay,2114
10,20,NA,naturalFrequency,50,evacuate,1238
100,20,NA,naturalFrequency,60,evacuate,952
100,20,Ordered,square,60,evacuate,14324
10,20,Ordered,square,90,evacuate,4406
100,20,Ordered,square,80,stay,1605
100,20,Ordered,square,20,evacuate,3055
10,20,Ordered,square,50,evacuate,2370
10,20,Ordered,square,30,stay,5657
100,20,Ordered,square,30,stay,1686
10,20,Ordered,square,10,stay,2920
10,20,Ordered,square,60,evacuate,2279
10,20,Ordered,square,70,evacuate,3757
100,20,Ordered,square,40,stay,2080
100,20,Ordered,square,70,evacuate,1590
100,20,Ordered,square,90,evacuate,1067
10,20,Ordered,square,20,stay,1634
100,20,Ordered,square,100,evacuate,2082
10,20,Ordered,square,40,stay,2458
100,20,Ordered,square,10,stay,2282
10,20,Ordered,square,80,evacuate,1804
100,20,Ordered,square,50,evacuate,2652
10,20,Ordered,house,30,stay,4260
10,20,Ordered,house,80,evacuate,1120
10,20,Ordered,house,100,evacuate,1351
100,20,Ordered,house,40,stay,1949
10,20,Ordered,house,40,stay,1677
100,20,Ordered,house,20,stay,1345
100,20,Ordered,house,70,evacuate,859
100,20,Ordered,house,80,evacuate,745
100,20,Ordered,house,60,evacuate,1197
100,20,Ordered,house,30,stay,811
10,20,Ordered,house,20,stay,1111
100,20,Ordered,house,10,stay,969
10,20,Ordered,house,70,evacuate,3650
10,20,Ordered,house,60,evacuate,2779
100,20,Ordered,house,90,stay,1354
10,20,Ordered,house,90,evacuate,1589
10,20,Ordered,house,50,evacuate,1311
10,20,Ordered,house,10,stay,979
100,20,Ordered,house,50,evacuate,3558
10,20,Random,square,30,stay,3770
10,20,Random,square,20,stay,1035
100,20,Random,square,90,evacuate,1025
100,20,Random,square,40,evacuate,4938
10,20,Random,square,80,evacuate,1197
10,20,Random,square,40,evacuate,1471
100,20,Random,square,10,stay,941
100,20,Random,square,70,evacuate,1064
100,20,Random,square,80,evacuate,856
10,20,Random,square,70,evacuate,1043
100,20,Random,square,20,stay,1149
100,20,Random,square,60,evacuate,1292
100,20,Random,square,50,evacuate,1353
100,20,Random,square,100,evacuate,919
10,20,Random,square,10,stay,884
10,20,Random,square,90,evacuate,1002
100,20,Random,square,30,stay,1283
10,20,Random,square,50,evacuate,1498
10,20,Random,square,60,evacuate,1212
10,20,Random,house,10,stay,3435
100,20,Random,house,60,evacuate,3451
100,20,Random,house,90,evacuate,825
100,20,Random,house,70,evacuate,760
10,20,Random,house,70,evacuate,1195
10,20,Random,house,80,evacuate,909
10,20,Random,house,90,evacuate,1057
100,20,Random,house,30,stay,1789
100,20,Random,house,40,evacuate,874
10,20,Random,house,50,evacuate,1631
100,20,Random,house,50,evacuate,1155
10,20,Random,house,60,evacuate,2016
10,20,Random,house,20,stay,1127
100,20,Random,house,10,stay,1545
100,20,Random,house,20,stay,959
100,20,Random,house,80,evacuate,993
10,20,Random,house,30,stay,1875
100,20,Random,house,100,evacuate,1095
10,20,Random,house,40,evacuate,1779
10,21,NA,naturalFrequency,90,evacuate,4621
100,21,NA,naturalFrequency,20,stay,1770
100,21,NA,naturalFrequency,40,evacuate,2777
100,21,NA,naturalFrequency,10,stay,1556
10,21,NA,naturalFrequency,10,stay,2655
10,21,NA,naturalFrequency,60,evacuate,1075
10,21,NA,naturalFrequency,40,stay,1603
10,21,NA,naturalFrequency,70,evacuate,934
10,21,NA,naturalFrequency,80,evacuate,773
10,21,NA,naturalFrequency,50,evacuate,1549
100,21,NA,naturalFrequency,50,evacuate,1050
100,21,NA,naturalFrequency,70,evacuate,949
10,21,NA,naturalFrequency,30,stay,1081
100,21,NA,naturalFrequency,90,evacuate,899
100,21,NA,naturalFrequency,80,evacuate,870
10,21,NA,naturalFrequency,20,stay,882
100,21,NA,naturalFrequency,30,stay,816
10,21,NA,naturalFrequency,100,evacuate,3215
100,21,NA,naturalFrequency,60,evacuate,1679
10,21,Ordered,square,30,stay,5347
10,21,Ordered,square,0,stay,991
100,21,Ordered,square,20,stay,1020
10,21,Ordered,square,10,stay,862
10,21,Ordered,square,40,evacuate,1551
100,21,Ordered,square,90,evacuate,1041
100,21,Ordered,square,50,evacuate,914
10,21,Ordered,square,70,evacuate,2946
10,21,Ordered,square,80,evacuate,616
10,21,Ordered,square,20,stay,767
10,21,Ordered,square,50,evacuate,1043
10,21,Ordered,square,90,evacuate,688
100,21,Ordered,square,80,evacuate,987
100,21,Ordered,square,60,evacuate,1131
100,21,Ordered,square,10,stay,880
100,21,Ordered,square,40,stay,1355
10,21,Ordered,square,60,evacuate,18224
100,21,Ordered,square,30,stay,895
100,21,Ordered,square,70,evacuate,813
100,21,Ordered,house,40,evacuate,3671
10,21,Ordered,house,40,evacuate,2870
10,21,Ordered,house,30,stay,1063
100,21,Ordered,house,90,evacuate,921
10,21,Ordered,house,10,stay,956
100,21,Ordered,house,20,stay,1072
10,21,Ordered,house,20,stay,1030
10,21,Ordered,house,0,stay,1258
100,21,Ordered,house,30,stay,1264
100,21,Ordered,house,80,evacuate,836
10,21,Ordered,house,80,evacuate,923
100,21,Ordered,house,50,evacuate,1047
10,21,Ordered,house,90,evacuate,965
10,21,Ordered,house,60,evacuate,1024
10,21,Ordered,house,50,evacuate,839
100,21,Ordered,house,60,evacuate,1227
100,21,Ordered,house,70,evacuate,704
100,21,Ordered,house,10,stay,1042
10,21,Ordered,house,70,evacuate,1867
100,21,Random,square,20,stay,2656
10,21,Random,square,70,evacuate,2886
10,21,Random,square,90,evacuate,627
10,21,Random,square,40,stay,1036
100,21,Random,square,80,evacuate,1026
100,21,Random,square,30,stay,1005
10,21,Random,square,10,stay,869
10,21,Random,square,20,stay,789
100,21,Random,square,70,evacuate,835
100,21,Random,square,10,stay,955
10,21,Random,square,80,evacuate,779
10,21,Random,square,100,evacuate,578
100,21,Random,square,60,evacuate,980
100,21,Random,square,50,evacuate,1436
10,21,Random,square,60,evacuate,2365
10,21,Random,square,30,stay,906
100,21,Random,square,90,evacuate,828
100,21,Random,square,40,stay,1150
10,21,Random,square,50,evacuate,1523
10,21,Random,house,90,evacuate,2283
100,21,Random,house,0,stay,1057
100,21,Random,house,20,stay,1096
10,21,Random,house,80,evacuate,2489
100,21,Random,house,50,evacuate,1119
100,21,Random,house,70,evacuate,820
10,21,Random,house,60,evacuate,1067
10,21,Random,house,50,evacuate,996
100,21,Random,house,40,evacuate,1251
100,21,Random,house,90,evacuate,878
10,21,Random,house,70,evacuate,1613
10,21,Random,house,40,evacuate,4128
10,21,Random,house,20,stay,970
10,21,Random,house,30,stay,915
10,21,Random,house,10,stay,665
100,21,Random,house,30,stay,1296
100,21,Random,house,80,evacuate,752
100,21,Random,house,60,evacuate,783
100,21,Random,house,10,stay,1112
10,22,NA,naturalFrequency,30,stay,5579
100,22,NA,naturalFrequency,20,stay,3223
100,22,NA,naturalFrequency,70,evacuate,1872
100,22,NA,naturalFrequency,30,stay,2928
10,22,NA,naturalFrequency,100,evacuate,1903
100,22,NA,naturalFrequency,10,stay,2071
10,22,NA,naturalFrequency,60,evacuate,2999
10,22,NA,naturalFrequency,50,evacuate,11169
10,22,NA,naturalFrequency,10,stay,1337
100,22,NA,naturalFrequency,50,evacuate,2323
10,22,NA,naturalFrequency,80,evacuate,3001
10,22,NA,naturalFrequency,40,stay,2870
100,22,NA,naturalFrequency,80,evacuate,2499
100,22,NA,naturalFrequency,90,evacuate,2510
10,22,NA,naturalFrequency,20,stay,1735
10,22,NA,naturalFrequency,90,evacuate,1446
100,22,NA,naturalFrequency,60,evacuate,3099
10,22,NA,naturalFrequency,70,evacuate,1764
100,22,NA,naturalFrequency,40,stay,2400
10,22,Ordered,square,10,stay,4287
100,22,Ordered,square,30,stay,4126
100,22,Ordered,square,20,stay,1652
100,22,Ordered,square,40,stay,1693
10,22,Ordered,square,0,stay,3308
100,22,Ordered,square,10,stay,1622
10,22,Ordered,square,30,stay,6767
10,22,Ordered,square,70,evacuate,1345
10,22,Ordered,square,60,evacuate,1724
10,22,Ordered,square,80,evacuate,1344
100,22,Ordered,square,90,evacuate,1614
100,22,Ordered,square,50,evacuate,1793
10,22,Ordered,square,50,evacuate,3588
10,22,Ordered,square,20,stay,1247
100,22,Ordered,square,60,evacuate,2364
10,22,Ordered,square,40,stay,2303
100,22,Ordered,square,80,evacuate,1775
100,22,Ordered,square,70,evacuate,1206
10,22,Ordered,square,90,evacuate,1635
100,22,Ordered,house,70,evacuate,6139
100,22,Ordered,house,60,evacuate,1841
100,22,Ordered,house,80,evacuate,1364
100,22,Ordered,house,50,evacuate,1595
10,22,Ordered,house,10,stay,1954
100,22,Ordered,house,0,stay,2708
10,22,Ordered,house,50,evacuate,1873
100,22,Ordered,house,40,stay,1686
100,22,Ordered,house,30,stay,1332
100,22,Ordered,house,90,evacuate,1653
100,22,Ordered,house,10,stay,1789
10,22,Ordered,house,70,evacuate,2132
10,22,Ordered,house,60,evacuate,1584
10,22,Ordered,house,20,stay,1125
10,22,Ordered,house,90,evacuate,1575
10,22,Ordered,house,30,stay,1364
100,22,Ordered,house,20,stay,2060
10,22,Ordered,house,80,evacuate,1933
10,22,Ordered,house,40,stay,1426
100,22,Random,square,0,stay,3080
10,22,Random,square,60,evacuate,2511
100,22,Random,square,50,evacuate,3162
10,22,Random,square,30,stay,1725
100,22,Random,square,70,evacuate,2544
100,22,Random,square,30,stay,1475
100,22,Random,square,60,evacuate,1485
10,22,Random,square,90,evacuate,1575
10,22,Random,square,80,evacuate,1116
100,22,Random,square,10,stay,2263
100,22,Random,square,40,stay,2302
10,22,Random,square,70,evacuate,1656
100,22,Random,square,20,stay,2241
100,22,Random,square,80,evacuate,1317
10,22,Random,square,20,stay,1415
10,22,Random,square,10,stay,1166
10,22,Random,square,50,evacuate,1197
10,22,Random,square,40,stay,4008
100,22,Random,square,90,evacuate,1544
10,22,Random,house,30,stay,9078
10,22,Random,house,70,evacuate,1224
10,22,Random,house,80,evacuate,1285
100,22,Random,house,50,evacuate,2689
10,22,Random,house,20,stay,1545
10,22,Random,house,50,evacuate,2541
100,22,Random,house,30,stay,2179
100,22,Random,house,80,evacuate,1501
10,22,Random,house,90,evacuate,1707
10,22,Random,house,10,stay,1156
10,22,Random,house,40,stay,1475
100,22,Random,house,60,evacuate,2100
100,22,Random,house,90,evacuate,1503
100,22,Random,house,100,evacuate,1486
100,22,Random,house,20,stay,1575
100,22,Random,house,40,stay,1639
10,22,Random,house,60,evacuate,2624
100,22,Random,house,10,stay,2099
100,22,Random,house,70,evacuate,1645
10,23,NA,naturalFrequency,40,evacuate,4691
100,23,NA,naturalFrequency,80,evacuate,2600
100,23,NA,naturalFrequency,50,evacuate,1411
100,23,NA,naturalFrequency,90,evacuate,1552
100,23,NA,naturalFrequency,60,evacuate,1154
10,23,NA,naturalFrequency,80,evacuate,1715
100,23,NA,naturalFrequency,40,stay,1720
10,23,NA,naturalFrequency,60,evacuate,1635
10,23,NA,naturalFrequency,10,stay,1304
10,23,NA,naturalFrequency,30,stay,2762
100,23,NA,naturalFrequency,70,evacuate,1741
10,23,NA,naturalFrequency,70,evacuate,1313
10,23,NA,naturalFrequency,50,stay,1722
100,23,NA,naturalFrequency,100,evacuate,1095
100,23,NA,naturalFrequency,20,stay,1004
10,23,NA,naturalFrequency,90,evacuate,762
10,23,NA,naturalFrequency,20,stay,1355
100,23,NA,naturalFrequency,10,evacuate,2062
100,23,NA,naturalFrequency,30,evacuate,1021
100,23,Ordered,square,10,evacuate,5634
10,23,Ordered,square,60,evacuate,1308
10,23,Ordered,square,90,evacuate,771
100,23,Ordered,square,20,evacuate,1411
100,23,Ordered,square,80,evacuate,942
10,23,Ordered,square,70,evacuate,3543
10,23,Ordered,square,40,stay,1169
100,23,Ordered,square,70,evacuate,3752
10,23,Ordered,square,10,stay,2431
100,23,Ordered,square,50,evacuate,2891
10,23,Ordered,square,30,stay,1620
10,23,Ordered,square,50,evacuate,1191
100,23,Ordered,square,90,evacuate,1431
100,23,Ordered,square,40,evacuate,1837
100,23,Ordered,square,100,evacuate,1220
10,23,Ordered,square,20,stay,1623
100,23,Ordered,square,60,evacuate,2939
100,23,Ordered,square,30,evacuate,1653
10,23,Ordered,square,80,evacuate,2051
10,23,Ordered,house,70,evacuate,5095
10,23,Ordered,house,90,evacuate,942
100,23,Ordered,house,50,evacuate,2069
100,23,Ordered,house,10,stay,1930
100,23,Ordered,house,80,evacuate,2288
100,23,Ordered,house,20,stay,6772
10,23,Ordered,house,80,evacuate,1720
10,23,Ordered,house,10,stay,1149
100,23,Ordered,house,40,evacuate,3592
100,23,Ordered,house,70,evacuate,979
100,23,Ordered,house,90,evacuate,2291
10,23,Ordered,house,40,stay,5531
10,23,Ordered,house,0,stay,1602
10,23,Ordered,house,30,evacuate,1251
10,23,Ordered,house,60,evacuate,1945
100,23,Ordered,house,60,evacuate,3822
10,23,Ordered,house,50,evacuate,5099
100,23,Ordered,house,30,evacuate,3765
10,23,Ordered,house,20,evacuate,3003
100,23,Random,square,80,evacuate,6419
10,23,Random,square,100,stay,1501
10,23,Random,square,40,evacuate,5062
10,23,Random,square,50,evacuate,1222
100,23,Random,square,10,stay,1714
10,23,Random,square,80,evacuate,1278
100,23,Random,square,40,evacuate,1429
100,23,Random,square,30,evacuate,2124
100,23,Random,square,60,evacuate,1967
10,23,Random,square,70,evacuate,2057
100,23,Random,square,90,stay,1084
100,23,Random,square,70,stay,1932
10,23,Random,square,20,stay,1811
10,23,Random,square,90,evacuate,1204
10,23,Random,square,30,stay,1619
10,23,Random,square,60,evacuate,993
10,23,Random,square,10,stay,1912
100,23,Random,square,50,evacuate,1344
100,23,Random,square,20,stay,2451
10,23,Random,house,90,evacuate,2791
100,23,Random,house,90,evacuate,1309
10,23,Random,house,60,evacuate,1904
100,23,Random,house,20,stay,1311
10,23,Random,house,80,evacuate,1154
100,23,Random,house,50,evacuate,1789
100,23,Random,house,10,stay,2215
100,23,Random,house,30,evacuate,1489
10,23,Random,house,70,evacuate,1454
100,23,Random,house,60,evacuate,10284
100,23,Random,house,40,evacuate,4016
100,23,Random,house,70,evacuate,1488
10,23,Random,house,40,stay,2022
100,23,Random,house,80,evacuate,2204
10,23,Random,house,50,evacuate,1932
10,23,Random,house,30,stay,1141
10,23,Random,house,10,stay,1999
10,23,Random,house,20,stay,1472
100,23,Random,house,0,stay,3542
100,24,NA,naturalFrequency,10,stay,3104
10,24,NA,naturalFrequency,60,stay,1483
100,24,NA,naturalFrequency,20,evacuate,2529
100,24,NA,naturalFrequency,40,evacuate,1178
10,24,NA,naturalFrequency,90,evacuate,1743
100,24,NA,naturalFrequency,80,evacuate,2379
100,24,NA,naturalFrequency,30,stay,1399
10,24,NA,naturalFrequency,30,stay,1481
10,24,NA,naturalFrequency,70,evacuate,1023
10,24,NA,naturalFrequency,0,stay,1376
100,24,NA,naturalFrequency,90,evacuate,1506
10,24,NA,naturalFrequency,50,stay,1512
100,24,NA,naturalFrequency,50,evacuate,1881
10,24,NA,naturalFrequency,80,evacuate,1799
10,24,NA,naturalFrequency,10,stay,1102
10,24,NA,naturalFrequency,20,stay,1151
10,24,NA,naturalFrequency,40,stay,1108
100,24,NA,naturalFrequency,60,evacuate,1445
100,24,NA,naturalFrequency,70,evacuate,1033
10,24,Ordered,square,90,stay,3027
10,24,Ordered,square,80,evacuate,3790
10,24,Ordered,square,50,stay,1188
10,24,Ordered,square,60,stay,1665
100,24,Ordered,square,10,stay,4235
100,24,Ordered,square,70,evacuate,1457
100,24,Ordered,square,80,evacuate,934
10,24,Ordered,square,30,stay,1580
100,24,Ordered,square,100,evacuate,1131
100,24,Ordered,square,40,evacuate,1973
10,24,Ordered,square,40,evacuate,2036
100,24,Ordered,square,20,stay,1261
10,24,Ordered,square,70,evacuate,1943
10,24,Ordered,square,20,stay,1689
100,24,Ordered,square,50,evacuate,1475
10,24,Ordered,square,10,stay,1398
100,24,Ordered,square,90,evacuate,1113
100,24,Ordered,square,60,evacuate,1195
100,24,Ordered,square,30,stay,988
100,24,Ordered,house,40,evacuate,2559
10,24,Ordered,house,30,evacuate,2035
10,24,Ordered,house,40,evacuate,947
10,24,Ordered,house,20,stay,925
10,24,Ordered,house,0,stay,1487
100,24,Ordered,house,20,stay,1630
100,24,Ordered,house,10,stay,1062
100,24,Ordered,house,80,evacuate,1094
10,24,Ordered,house,70,evacuate,1228
10,24,Ordered,house,50,evacuate,1215
100,24,Ordered,house,70,evacuate,910
10,24,Ordered,house,10,stay,1241
100,24,Ordered,house,90,evacuate,1424
100,24,Ordered,house,60,evacuate,1053
100,24,Ordered,house,30,stay,1447
100,24,Ordered,house,50,evacuate,786
10,24,Ordered,house,60,evacuate,1300
10,24,Ordered,house,90,evacuate,977
10,24,Ordered,house,80,evacuate,1153
100,24,Random,square,30,evacuate,1476
10,24,Random,square,40,evacuate,1413
10,24,Random,square,70,evacuate,1335
10,24,Random,square,20,stay,1337
100,24,Random,square,50,evacuate,977
10,24,Random,square,30,stay,1529
10,24,Random,square,10,stay,1367
100,24,Random,square,90,evacuate,925
10,24,Random,square,90,evacuate,1129
100,24,Random,square,20,stay,1189
100,24,Random,square,80,evacuate,1187
100,24,Random,square,70,evacuate,1085
10,24,Random,square,50,evacuate,1088
100,24,Random,square,0,stay,1579
10,24,Random,square,60,evacuate,1059
10,24,Random,square,80,evacuate,973
100,24,Random,square,10,stay,1155
100,24,Random,square,40,evacuate,951
100,24,Random,square,60,evacuate,793
100,24,Random,house,10,stay,1932
10,24,Random,house,60,evacuate,957
10,24,Random,house,50,evacuate,1079
10,24,Random,house,70,evacuate,963
100,24,Random,house,70,evacuate,1010
10,24,Random,house,40,evacuate,2917
100,24,Random,house,80,evacuate,907
10,24,Random,house,100,evacuate,1091
100,24,Random,house,90,evacuate,1296
10,24,Random,house,10,stay,1221
100,24,Random,house,50,evacuate,1866
10,24,Random,house,30,evacuate,1453
100,24,Random,house,20,stay,1189
100,24,Random,house,30,stay,1051
10,24,Random,house,20,stay,1586
10,24,Random,house,80,evacuate,771
100,24,Random,house,60,evacuate,1346
10,24,Random,house,90,evacuate,1069
100,24,Random,house,40,stay,1346
10,25,NA,naturalFrequency,40,stay,4773
10,25,NA,naturalFrequency,0,stay,1632
100,25,NA,naturalFrequency,90,evacuate,1849
10,25,NA,naturalFrequency,10,stay,1072
10,25,NA,naturalFrequency,30,stay,1137
100,25,NA,naturalFrequency,70,evacuate,1487
100,25,NA,naturalFrequency,10,stay,1544
100,25,NA,naturalFrequency,80,evacuate,999
10,25,NA,naturalFrequency,20,stay,1128
100,25,NA,naturalFrequency,50,evacuate,2059
100,25,NA,naturalFrequency,20,stay,1655
100,25,NA,naturalFrequency,40,stay,1112
10,25,NA,naturalFrequency,70,evacuate,1081
10,25,NA,naturalFrequency,80,evacuate,752
10,25,NA,naturalFrequency,90,evacuate,969
100,25,NA,naturalFrequency,30,stay,1367
10,25,NA,naturalFrequency,50,evacuate,1200
100,25,NA,naturalFrequency,60,evacuate,1114
10,25,NA,naturalFrequency,60,evacuate,1225
10,25,Ordered,square,20,stay,3447
10,25,Ordered,square,10,stay,840
10,25,Ordered,square,80,evacuate,863
100,25,Ordered,square,60,evacuate,1591
100,25,Ordered,square,40,evacuate,952
10,25,Ordered,square,40,stay,1552
100,25,Ordered,square,30,stay,1169
100,25,Ordered,square,90,evacuate,966
100,25,Ordered,square,0,stay,1622
10,25,Ordered,square,50,evacuate,1304
100,25,Ordered,square,80,evacuate,1165
100,25,Ordered,square,50,stay,1878
100,25,Ordered,square,70,evacuate,1324
10,25,Ordered,square,30,stay,1287
10,25,Ordered,square,90,evacuate,793
10,25,Ordered,square,60,evacuate,1328
100,25,Ordered,square,10,stay,1326
100,25,Ordered,square,20,stay,993
10,25,Ordered,square,70,evacuate,1414
10,25,Ordered,house,10,stay,1806
100,25,Ordered,house,70,evacuate,1567
10,25,Ordered,house,90,evacuate,1297
100,25,Ordered,house,50,evacuate,1543
10,25,Ordered,house,80,evacuate,1142
10,25,Ordered,house,60,evacuate,1631
10,25,Ordered,house,20,stay,1080
10,25,Ordered,house,50,evacuate,1520
100,25,Ordered,house,30,stay,1420
100,25,Ordered,house,60,evacuate,1172
100,25,Ordered,house,80,evacuate,772
10,25,Ordered,house,40,stay,1431
100,25,Ordered,house,90,evacuate,1188
100,25,Ordered,house,40,stay,1988
10,25,Ordered,house,100,evacuate,1256
100,25,Ordered,house,10,stay,981
100,25,Ordered,house,20,stay,1030
10,25,Ordered,house,70,evacuate,1432
10,25,Ordered,house,30,stay,1205
100,25,Random,square,10,stay,3063
100,25,Random,square,50,evacuate,920
100,25,Random,square,100,evacuate,881
10,25,Random,square,20,stay,1505
100,25,Random,square,70,evacuate,1104
100,25,Random,square,60,evacuate,813
100,25,Random,square,20,stay,1121
10,25,Random,square,80,evacuate,1029
10,25,Random,square,40,stay,1335
10,25,Random,square,50,stay,996
100,25,Random,square,80,evacuate,990
10,25,Random,square,10,stay,1256
10,25,Random,square,30,stay,896
10,25,Random,square,70,evacuate,743
100,25,Random,square,30,stay,1065
10,25,Random,square,90,evacuate,1272
10,25,Random,square,60,evacuate,983
100,25,Random,square,90,evacuate,1143
100,25,Random,square,40,evacuate,1918
100,25,Random,house,50,evacuate,1814
10,25,Random,house,10,stay,1247
10,25,Random,house,90,evacuate,1327
100,25,Random,house,100,evacuate,1252
10,25,Random,house,70,evacuate,1173
10,25,Random,house,40,evacuate,1023
10,25,Random,house,60,evacuate,887
100,25,Random,house,80,evacuate,1212
100,25,Random,house,30,stay,1357
100,25,Random,house,90,evacuate,827
100,25,Random,house,60,evacuate,1173
100,25,Random,house,70,evacuate,1107
10,25,Random,house,50,stay,1465
10,25,Random,house,30,stay,1328
100,25,Random,house,20,stay,1439
10,25,Random,house,20,stay,1273
10,25,Random,house,80,evacuate,1021
100,25,Random,house,10,stay,1173
100,25,Random,house,40,stay,943
100,26,NA,naturalFrequency,20,stay,6008
100,26,NA,naturalFrequency,10,stay,4398
100,26,NA,naturalFrequency,50,evacuate,1186
10,26,NA,naturalFrequency,70,evacuate,1841
10,26,NA,naturalFrequency,40,stay,2042
100,26,NA,naturalFrequency,0,stay,2075
10,26,NA,naturalFrequency,30,stay,1473
10,26,NA,naturalFrequency,10,stay,928
10,26,NA,naturalFrequency,60,evacuate,997
100,26,NA,naturalFrequency,30,stay,1590
10,26,NA,naturalFrequency,80,evacuate,1155
10,26,NA,naturalFrequency,50,stay,1051
100,26,NA,naturalFrequency,80,evacuate,1178
100,26,NA,naturalFrequency,60,stay,1225
100,26,NA,naturalFrequency,90,evacuate,976
10,26,NA,naturalFrequency,20,stay,918
10,26,NA,naturalFrequency,90,evacuate,996
100,26,NA,naturalFrequency,40,stay,1037
100,26,NA,naturalFrequency,70,evacuate,1085
10,26,Ordered,square,50,stay,3763
10,26,Ordered,square,90,evacuate,863
100,26,Ordered,square,60,evacuate,2313
10,26,Ordered,square,30,stay,1004
10,26,Ordered,square,80,evacuate,1011
100,26,Ordered,square,50,stay,1232
10,26,Ordered,square,60,evacuate,1305
100,26,Ordered,square,40,stay,1206
100,26,Ordered,square,90,evacuate,843
10,26,Ordered,square,20,stay,1134
100,26,Ordered,square,80,evacuate,1042
100,26,Ordered,square,30,stay,1385
100,26,Ordered,square,20,stay,826
10,26,Ordered,square,0,stay,969
10,26,Ordered,square,40,stay,953
100,26,Ordered,square,10,stay,1048
10,26,Ordered,square,70,evacuate,971
10,26,Ordered,square,10,stay,715
100,26,Ordered,square,70,evacuate,1187
10,26,Ordered,house,40,stay,6280
10,26,Ordered,house,60,evacuate,994
10,26,Ordered,house,20,stay,774
100,26,Ordered,house,90,evacuate,1657
10,26,Ordered,house,50,stay,952
10,26,Ordered,house,90,evacuate,737
100,26,Ordered,house,80,evacuate,1084
100,26,Ordered,house,50,stay,1021
100,26,Ordered,house,70,evacuate,754
10,26,Ordered,house,80,evacuate,1071
100,26,Ordered,house,60,stay,983
100,26,Ordered,house,10,stay,780
100,26,Ordered,house,40,stay,847
100,26,Ordered,house,20,stay,649
100,26,Ordered,house,30,stay,792
100,26,Ordered,house,0,evacuate,776
10,26,Ordered,house,70,evacuate,1683
10,26,Ordered,house,30,stay,709
10,26,Ordered,house,10,stay,702
10,26,Random,square,30,stay,2272
100,26,Random,square,20,stay,1392
10,26,Random,square,10,stay,910
10,26,Random,square,40,evacuate,1308
100,26,Random,square,30,stay,1039
10,26,Random,square,60,evacuate,1662
100,26,Random,square,80,evacuate,837
10,26,Random,square,80,evacuate,1135
10,26,Random,square,50,stay,1065
100,26,Random,square,40,stay,990
10,26,Random,square,90,evacuate,936
100,26,Random,square,10,stay,857
100,26,Random,square,0,stay,737
100,26,Random,square,50,stay,1036
100,26,Random,square,90,evacuate,735
100,26,Random,square,60,evacuate,954
10,26,Random,square,20,stay,848
100,26,Random,square,70,evacuate,1105
10,26,Random,square,70,evacuate,800
10,26,Random,house,80,evacuate,1309
10,26,Random,house,40,stay,835
100,26,Random,house,90,evacuate,1176
10,26,Random,house,90,evacuate,1020
100,26,Random,house,50,stay,1134
100,26,Random,house,30,stay,929
10,26,Random,house,70,evacuate,970
100,26,Random,house,60,stay,991
100,26,Random,house,70,evacuate,733
100,26,Random,house,40,stay,836
10,26,Random,house,30,stay,915
10,26,Random,house,20,stay,805
10,26,Random,house,50,stay,829
10,26,Random,house,10,stay,819
100,26,Random,house,20,stay,1577
10,26,Random,house,100,evacuate,1011
10,26,Random,house,60,evacuate,1178
100,26,Random,house,80,evacuate,1093
100,26,Random,house,10,stay,1257
10,27,NA,naturalFrequency,70,evacuate,5740
10,27,NA,naturalFrequency,20,stay,3693
100,27,NA,naturalFrequency,50,evacuate,3112
10,27,NA,naturalFrequency,10,stay,2201
10,27,NA,naturalFrequency,40,evacuate,5467
100,27,NA,naturalFrequency,90,evacuate,2501
100,27,NA,naturalFrequency,70,evacuate,1471
10,27,NA,naturalFrequency,80,evacuate,1658
10,27,NA,naturalFrequency,100,evacuate,1382
10,27,NA,naturalFrequency,50,evacuate,2062
100,27,NA,naturalFrequency,60,evacuate,1580
100,27,NA,naturalFrequency,20,stay,1488
100,27,NA,naturalFrequency,10,stay,1078
100,27,NA,naturalFrequency,30,stay,1217
10,27,NA,naturalFrequency,60,evacuate,1546
10,27,NA,naturalFrequency,90,evacuate,1643
100,27,NA,naturalFrequency,40,stay,5775
100,27,NA,naturalFrequency,80,evacuate,911
10,27,NA,naturalFrequency,30,stay,1098
100,27,Ordered,square,90,evacuate,8061
10,27,Ordered,square,70,stay,6426
10,27,Ordered,square,30,stay,2303
100,27,Ordered,square,20,stay,2059
100,27,Ordered,square,40,stay,2492
10,27,Ordered,square,10,stay,1783
100,27,Ordered,square,50,evacuate,2186
100,27,Ordered,square,10,stay,1288
100,27,Ordered,square,30,stay,1305
10,27,Ordered,square,20,stay,2067
100,27,Ordered,square,70,evacuate,1425
100,27,Ordered,square,60,evacuate,1342
10,27,Ordered,square,80,evacuate,1526
10,27,Ordered,square,40,stay,1381
10,27,Ordered,square,90,evacuate,640
10,27,Ordered,square,60,evacuate,1016
100,27,Ordered,square,80,evacuate,1963
10,27,Ordered,square,100,evacuate,1208
10,27,Ordered,square,50,evacuate,867
10,27,Ordered,house,80,evacuate,2480
10,27,Ordered,house,90,evacuate,728
100,27,Ordered,house,50,evacuate,1621
10,27,Ordered,house,60,stay,2012
10,27,Ordered,house,20,stay,920
100,27,Ordered,house,100,evacuate,954
100,27,Ordered,house,90,evacuate,922
10,27,Ordered,house,10,stay,953
10,27,Ordered,house,30,evacuate,645
100,27,Ordered,house,10,stay,1311
100,27,Ordered,house,70,evacuate,896
10,27,Ordered,house,70,evacuate,1013
100,27,Ordered,house,30,stay,1587
100,27,Ordered,house,60,evacuate,843
10,27,Ordered,house,40,stay,1071
100,27,Ordered,house,80,evacuate,1419
100,27,Ordered,house,20,stay,1022
100,27,Ordered,house,40,evacuate,1407
10,27,Ordered,house,50,evacuate,1585
10,27,Random,square,80,evacuate,1479
100,27,Random,square,70,evacuate,1970
10,27,Random,square,40,stay,1301
10,27,Random,square,20,stay,959
100,27,Random,square,40,evacuate,1101
100,27,Random,square,60,evacuate,1689
10,27,Random,square,70,evacuate,1334
100,27,Random,square,80,evacuate,1155
10,27,Random,square,10,stay,1186
100,27,Random,square,50,evacuate,1093
10,27,Random,square,30,stay,996
10,27,Random,square,60,evacuate,634
10,27,Random,square,50,evacuate,1637
100,27,Random,square,20,stay,876
100,27,Random,square,10,stay,904
100,27,Random,square,90,evacuate,805
100,27,Random,square,0,stay,812
100,27,Random,square,30,stay,1184
10,27,Random,square,90,evacuate,1239
10,27,Random,house,20,stay,1301
100,27,Random,house,50,evacuate,2214
100,27,Random,house,80,evacuate,785
100,27,Random,house,60,evacuate,797
10,27,Random,house,80,evacuate,1084
10,27,Random,house,50,stay,836
10,27,Random,house,70,evacuate,816
10,27,Random,house,30,stay,907
100,27,Random,house,10,stay,1601
100,27,Random,house,0,stay,800
100,27,Random,house,70,evacuate,867
10,27,Random,house,40,stay,1000
10,27,Random,house,90,evacuate,711
100,27,Random,house,40,stay,1527
10,27,Random,house,10,stay,1006
100,27,Random,house,30,stay,1126
100,27,Random,house,90,evacuate,733
10,27,Random,house,60,evacuate,925
100,27,Random,house,20,stay,1451
100,28,NA,naturalFrequency,20,evacuate,10363
10,28,NA,naturalFrequency,70,evacuate,1799
100,28,NA,naturalFrequency,70,evacuate,1170
10,28,NA,naturalFrequency,90,evacuate,1187
10,28,NA,naturalFrequency,30,evacuate,2786
100,28,NA,naturalFrequency,40,evacuate,1356
100,28,NA,naturalFrequency,10,stay,1510
10,28,NA,naturalFrequency,50,evacuate,1527
100,28,NA,naturalFrequency,90,evacuate,1017
10,28,NA,naturalFrequency,80,evacuate,937
10,28,NA,naturalFrequency,10,stay,1317
100,28,NA,naturalFrequency,30,evacuate,2561
10,28,NA,naturalFrequency,60,evacuate,1122
100,28,NA,naturalFrequency,50,evacuate,856
100,28,NA,naturalFrequency,80,evacuate,765
10,28,NA,naturalFrequency,20,stay,1331
10,28,NA,naturalFrequency,40,evacuate,1215
100,28,NA,naturalFrequency,60,evacuate,799
100,28,NA,naturalFrequency,0,stay,1899
10,28,Ordered,square,40,evacuate,4189
100,28,Ordered,square,10,stay,4134
100,28,Ordered,square,20,evacuate,1495
10,28,Ordered,square,50,evacuate,1122
10,28,Ordered,square,90,evacuate,1075
10,28,Ordered,square,10,stay,1454
10,28,Ordered,square,80,evacuate,1276
100,28,Ordered,square,90,evacuate,1486
10,28,Ordered,square,100,evacuate,1793
10,28,Ordered,square,30,evacuate,1655
10,28,Ordered,square,60,evacuate,922
100,28,Ordered,square,80,evacuate,1187
100,28,Ordered,square,50,evacuate,1479
100,28,Ordered,square,70,evacuate,856
100,28,Ordered,square,60,evacuate,1056
10,28,Ordered,square,70,evacuate,3207
100,28,Ordered,square,40,evacuate,1808
100,28,Ordered,square,30,evacuate,1235
10,28,Ordered,square,20,stay,1406
100,28,Ordered,house,60,evacuate,1983
100,28,Ordered,house,100,evacuate,668
100,28,Ordered,house,70,evacuate,1080
10,28,Ordered,house,80,evacuate,1131
10,28,Ordered,house,10,stay,1268
100,28,Ordered,house,90,evacuate,1162
10,28,Ordered,house,90,evacuate,2124
10,28,Ordered,house,60,evacuate,953
10,28,Ordered,house,40,evacuate,1755
100,28,Ordered,house,10,stay,1622
10,28,Ordered,house,50,evacuate,1680
100,28,Ordered,house,20,evacuate,1464
10,28,Ordered,house,70,evacuate,1628
10,28,Ordered,house,30,evacuate,1584
100,28,Ordered,house,50,evacuate,1277
10,28,Ordered,house,20,stay,2148
100,28,Ordered,house,30,evacuate,1394
100,28,Ordered,house,80,evacuate,967
100,28,Ordered,house,40,evacuate,1720
10,28,Random,square,10,evacuate,2244
10,28,Random,square,40,evacuate,798
100,28,Random,square,30,evacuate,2558
100,28,Random,square,50,evacuate,750
100,28,Random,square,40,evacuate,1527
10,28,Random,square,60,evacuate,1072
10,28,Random,square,30,stay,2415
10,28,Random,square,70,evacuate,1034
10,28,Random,square,20,stay,1139
100,28,Random,square,70,evacuate,1227
100,28,Random,square,10,stay,2123
10,28,Random,square,90,evacuate,1390
100,28,Random,square,60,evacuate,1527
100,28,Random,square,90,evacuate,720
100,28,Random,square,80,evacuate,776
100,28,Random,square,20,stay,1188
10,28,Random,square,80,evacuate,1284
10,28,Random,square,50,evacuate,1229
10,28,Random,square,0,stay,1164
10,28,Random,house,90,evacuate,1736
10,28,Random,house,20,stay,1912
10,28,Random,house,50,evacuate,1010
100,28,Random,house,10,stay,2865
100,28,Random,house,90,evacuate,957
100,28,Random,house,60,evacuate,1209
10,28,Random,house,40,evacuate,1744
100,28,Random,house,70,evacuate,1153
100,28,Random,house,80,evacuate,911
10,28,Random,house,70,evacuate,1461
10,28,Random,house,10,stay,905
100,28,Random,house,30,stay,2495
10,28,Random,house,60,evacuate,1389
10,28,Random,house,30,evacuate,654
100,28,Random,house,20,stay,1283
100,28,Random,house,50,evacuate,959
10,28,Random,house,80,evacuate,1074
100,28,Random,house,40,evacuate,3590
100,28,Random,house,0,stay,1840
100,29,NA,naturalFrequency,20,stay,6819
10,29,NA,naturalFrequency,60,evacuate,2320
100,29,NA,naturalFrequency,70,evacuate,1537
100,29,NA,naturalFrequency,100,evacuate,1208
100,29,NA,naturalFrequency,90,evacuate,1084
10,29,NA,naturalFrequency,70,evacuate,1002
100,29,NA,naturalFrequency,50,stay,1331
10,29,NA,naturalFrequency,30,stay,1320
100,29,NA,naturalFrequency,30,stay,1200
10,29,NA,naturalFrequency,10,stay,1056
10,29,NA,naturalFrequency,80,evacuate,954
10,29,NA,naturalFrequency,50,evacuate,1401
10,29,NA,naturalFrequency,20,stay,990
10,29,NA,naturalFrequency,40,evacuate,1730
10,29,NA,naturalFrequency,90,evacuate,1043
100,29,NA,naturalFrequency,60,evacuate,1413
100,29,NA,naturalFrequency,10,evacuate,1229
100,29,NA,naturalFrequency,80,evacuate,913
100,29,NA,naturalFrequency,40,stay,1643
100,29,Ordered,square,0,evacuate,5822
100,29,Ordered,square,30,stay,3210
10,29,Ordered,square,20,stay,1249
100,29,Ordered,square,40,evacuate,1555
100,29,Ordered,square,60,evacuate,988
100,29,Ordered,square,20,stay,968
100,29,Ordered,square,70,evacuate,836
100,29,Ordered,square,50,evacuate,960
10,29,Ordered,square,30,stay,1263
10,29,Ordered,square,70,evacuate,1093
10,29,Ordered,square,90,evacuate,908
10,29,Ordered,square,10,stay,716
100,29,Ordered,square,90,evacuate,1031
100,29,Ordered,square,80,evacuate,798
10,29,Ordered,square,80,evacuate,1132
10,29,Ordered,square,60,evacuate,897
10,29,Ordered,square,40,evacuate,1482
100,29,Ordered,square,10,stay,1138
10,29,Ordered,square,50,evacuate,1003
100,29,Ordered,house,90,evacuate,2062
100,29,Ordered,house,10,stay,884
10,29,Ordered,house,90,evacuate,1139
10,29,Ordered,house,0,stay,810
10,29,Ordered,house,10,stay,748
10,29,Ordered,house,30,stay,1194
100,29,Ordered,house,60,evacuate,1576
10,29,Ordered,house,70,evacuate,1092
10,29,Ordered,house,40,stay,920
100,29,Ordered,house,20,stay,1364
100,29,Ordered,house,50,evacuate,636
100,29,Ordered,house,70,stay,754
100,29,Ordered,house,30,stay,1488
10,29,Ordered,house,80,evacuate,1215
10,29,Ordered,house,20,stay,822
10,29,Ordered,house,50,evacuate,886
100,29,Ordered,house,80,evacuate,1095
10,29,Ordered,house,60,evacuate,934
100,29,Ordered,house,40,evacuate,1191
10,29,Random,square,10,stay,1791
100,29,Random,square,90,evacuate,1035
100,29,Random,square,30,evacuate,845
100,29,Random,square,10,stay,871
10,29,Random,square,30,stay,1572
100,29,Random,square,50,evacuate,885
100,29,Random,square,20,stay,933
10,29,Random,square,90,evacuate,973
10,29,Random,square,50,evacuate,1016
100,29,Random,square,0,stay,898
10,29,Random,square,40,evacuate,1003
10,29,Random,square,70,evacuate,1044
10,29,Random,square,20,stay,571
100,29,Random,square,60,evacuate,1015
10,29,Random,square,80,evacuate,940
100,29,Random,square,70,evacuate,953
100,29,Random,square,80,evacuate,735
10,29,Random,square,60,evacuate,864
100,29,Random,square,40,evacuate,1050
100,29,Random,house,60,evacuate,4535
100,29,Random,house,50,evacuate,759
100,29,Random,house,40,evacuate,670
100,29,Random,house,30,evacuate,620
10,29,Random,house,40,evacuate,988
10,29,Random,house,50,evacuate,675
10,29,Random,house,60,evacuate,511
100,29,Random,house,90,evacuate,955
10,29,Random,house,90,evacuate,1087
100,29,Random,house,20,evacuate,1117
100,29,Random,house,80,evacuate,946
10,29,Random,house,30,stay,999
100,29,Random,house,10,stay,990
100,29,Random,house,70,evacuate,689
10,29,Random,house,10,stay,1349
10,29,Random,house,70,evacuate,727
10,29,Random,house,80,evacuate,985
10,29,Random,house,20,stay,1249
10,29,Random,house,100,evacuate,675
100,30,NA,naturalFrequency,90,evacuate,13033
10,30,NA,naturalFrequency,100,evacuate,4722
10,30,NA,naturalFrequency,50,evacuate,2134
100,30,NA,naturalFrequency,60,evacuate,1847
100,30,NA,naturalFrequency,20,stay,2105
100,30,NA,naturalFrequency,10,stay,1830
10,30,NA,naturalFrequency,20,stay,1447
100,30,NA,naturalFrequency,30,stay,1419
10,30,NA,naturalFrequency,60,evacuate,2279
10,30,NA,naturalFrequency,10,stay,1436
10,30,NA,naturalFrequency,80,evacuate,1601
100,30,NA,naturalFrequency,80,evacuate,1922
10,30,NA,naturalFrequency,90,evacuate,1443
10,30,NA,naturalFrequency,40,stay,1700
100,30,NA,naturalFrequency,50,evacuate,3201
10,30,NA,naturalFrequency,30,stay,1576
100,30,NA,naturalFrequency,40,stay,1314
10,30,NA,naturalFrequency,70,evacuate,1357
100,30,NA,naturalFrequency,70,evacuate,1308
100,30,Ordered,square,10,stay,10760
10,30,Ordered,square,10,stay,3694
10,30,Ordered,square,50,stay,3385
100,30,Ordered,square,50,evacuate,2982
100,30,Ordered,square,70,evacuate,1602
10,30,Ordered,square,70,evacuate,2038
100,30,Ordered,square,40,stay,2069
10,30,Ordered,square,90,evacuate,2086
10,30,Ordered,square,30,stay,1702
100,30,Ordered,square,100,evacuate,2799
10,30,Ordered,square,40,stay,2261
100,30,Ordered,square,60,evacuate,2266
100,30,Ordered,square,90,evacuate,1404
10,30,Ordered,square,60,evacuate,2297
100,30,Ordered,square,20,stay,2236
10,30,Ordered,square,20,stay,1435
10,30,Ordered,square,80,evacuate,1407
100,30,Ordered,square,80,evacuate,2504
100,30,Ordered,square,30,stay,6463
10,30,Ordered,house,10,stay,7569
100,30,Ordered,house,40,stay,2395
100,30,Ordered,house,20,stay,2114
100,30,Ordered,house,90,evacuate,1439
10,30,Ordered,house,70,evacuate,1884
100,30,Ordered,house,60,evacuate,2525
100,30,Ordered,house,10,stay,1303
100,30,Ordered,house,0,stay,1638
10,30,Ordered,house,30,stay,1977
10,30,Ordered,house,40,stay,1579
10,30,Ordered,house,50,stay,1833
100,30,Ordered,house,70,evacuate,1702
10,30,Ordered,house,60,evacuate,2098
10,30,Ordered,house,90,evacuate,1270
100,30,Ordered,house,80,evacuate,2079
10,30,Ordered,house,80,evacuate,2187
100,30,Ordered,house,30,stay,1404
10,30,Ordered,house,20,stay,1651
100,30,Ordered,house,50,stay,9083
10,30,Random,square,80,evacuate,8122
100,30,Random,square,60,evacuate,5863
100,30,Random,square,10,stay,1628
100,30,Random,square,50,evacuate,6526
10,30,Random,square,60,evacuate,3658
10,30,Random,square,40,stay,1625
100,30,Random,square,80,evacuate,1595
10,30,Random,square,50,stay,2226
10,30,Random,square,30,stay,1489
10,30,Random,square,90,evacuate,1509
10,30,Random,square,0,stay,1524
100,30,Random,square,70,evacuate,1676
100,30,Random,square,40,stay,1774
10,30,Random,square,10,stay,1567
100,30,Random,square,20,stay,1630
10,30,Random,square,20,stay,1416
100,30,Random,square,90,evacuate,1487
10,30,Random,square,70,evacuate,1689
100,30,Random,square,30,stay,1538
100,30,Random,house,70,evacuate,5429
10,30,Random,house,80,evacuate,2342
100,30,Random,house,40,stay,2576
100,30,Random,house,60,evacuate,5786
10,30,Random,house,10,stay,2220
100,30,Random,house,80,evacuate,1575
100,30,Random,house,20,stay,1866
10,30,Random,house,70,evacuate,1717
10,30,Random,house,30,stay,1609
100,30,Random,house,10,stay,2100
100,30,Random,house,50,evacuate,1636
100,30,Random,house,30,stay,1547
100,30,Random,house,90,evacuate,1467
10,30,Random,house,90,evacuate,1806
10,30,Random,house,100,evacuate,1489
10,30,Random,house,60,evacuate,2266
10,30,Random,house,40,stay,1590
10,30,Random,house,50,evacuate,1469
10,30,Random,house,20,stay,1884
10,31,NA,naturalFrequency,70,evacuate,5182
10,31,NA,naturalFrequency,80,evacuate,2300
10,31,NA,naturalFrequency,50,evacuate,1850
100,31,NA,naturalFrequency,70,evacuate,2500
100,31,NA,naturalFrequency,90,evacuate,2900
100,31,NA,naturalFrequency,20,stay,1566
100,31,NA,naturalFrequency,100,evacuate,1884
100,31,NA,naturalFrequency,50,evacuate,1650
100,31,NA,naturalFrequency,80,evacuate,1183
10,31,NA,naturalFrequency,90,evacuate,1200
10,31,NA,naturalFrequency,10,stay,1066
10,31,NA,naturalFrequency,30,stay,1199
100,31,NA,naturalFrequency,30,stay,1283
100,31,NA,naturalFrequency,60,evacuate,1149
10,31,NA,naturalFrequency,60,evacuate,967
10,31,NA,naturalFrequency,40,stay,966
10,31,NA,naturalFrequency,20,stay,866
100,31,NA,naturalFrequency,40,evacuate,999
100,31,NA,naturalFrequency,10,stay,950
100,31,Ordered,square,30,stay,8381
100,31,Ordered,square,80,evacuate,3649
100,31,Ordered,square,50,evacuate,2633
10,31,Ordered,square,50,evacuate,3016
100,31,Ordered,square,40,evacuate,7483
100,31,Ordered,square,70,evacuate,1266
10,31,Ordered,square,80,evacuate,1416
100,31,Ordered,square,10,stay,1617
10,31,Ordered,square,40,evacuate,2117
10,31,Ordered,square,30,stay,2683
100,31,Ordered,square,20,stay,1500
10,31,Ordered,square,90,evacuate,1266
100,31,Ordered,square,90,evacuate,1549
100,31,Ordered,square,60,evacuate,1316
10,31,Ordered,square,100,evacuate,1432
10,31,Ordered,square,60,evacuate,1416
10,31,Ordered,square,20,stay,1750
10,31,Ordered,square,70,evacuate,13483
10,31,Ordered,square,10,stay,1066
100,31,Ordered,house,30,stay,3081
100,31,Ordered,house,60,evacuate,1198
10,31,Ordered,house,30,stay,1683
10,31,Ordered,house,80,evacuate,1682
100,31,Ordered,house,90,evacuate,1446
10,31,Ordered,house,50,evacuate,1566
100,31,Ordered,house,40,evacuate,2013
10,31,Ordered,house,70,evacuate,1300
10,31,Ordered,house,40,evacuate,1682
100,31,Ordered,house,100,evacuate,1462
100,31,Ordered,house,10,stay,1230
100,31,Ordered,house,50,evacuate,2030
10,31,Ordered,house,60,evacuate,1550
100,31,Ordered,house,80,evacuate,1781
10,31,Ordered,house,20,stay,1482
100,31,Ordered,house,20,stay,1447
10,31,Ordered,house,10,stay,1433
100,31,Ordered,house,70,evacuate,1713
10,31,Ordered,house,90,evacuate,1949
100,31,Random,square,60,evacuate,3831
10,31,Random,square,100,evacuate,1549
100,31,Random,square,10,stay,1299
100,31,Random,square,90,evacuate,1049
10,31,Random,square,40,evacuate,2116
100,31,Random,square,20,stay,1216
10,31,Random,square,50,evacuate,1516
10,31,Random,square,60,evacuate,1067
10,31,Random,square,80,evacuate,1050
10,31,Random,square,90,evacuate,1066
10,31,Random,square,70,evacuate,1201
100,31,Random,square,50,evacuate,1550
100,31,Random,square,30,evacuate,2782
100,31,Random,square,70,evacuate,883
100,31,Random,square,40,evacuate,1149
10,31,Random,square,10,stay,1268
10,31,Random,square,20,stay,1233
10,31,Random,square,30,evacuate,1216
100,31,Random,square,80,evacuate,1266
10,31,Random,house,30,stay,3064
10,31,Random,house,40,evacuate,1500
10,31,Random,house,20,stay,1165
100,31,Random,house,30,stay,4030
100,31,Random,house,10,stay,965
10,31,Random,house,10,stay,1383
100,31,Random,house,70,evacuate,1284
10,31,Random,house,50,evacuate,1467
100,31,Random,house,50,evacuate,1696
10,31,Random,house,0,stay,1183
10,31,Random,house,70,evacuate,1049
100,31,Random,house,40,evacuate,1680
100,31,Random,house,80,evacuate,847
100,31,Random,house,90,evacuate,898
100,31,Random,house,20,stay,1148
100,31,Random,house,60,evacuate,3814
10,31,Random,house,60,evacuate,1633
10,31,Random,house,90,evacuate,1367
10,31,Random,house,80,evacuate,1432
100,32,NA,naturalFrequency,10,stay,7031
10,32,NA,naturalFrequency,70,evacuate,4181
100,32,NA,naturalFrequency,70,evacuate,2311
100,32,NA,naturalFrequency,90,evacuate,1700
100,32,NA,naturalFrequency,80,evacuate,1553
100,32,NA,naturalFrequency,20,stay,1393
10,32,NA,naturalFrequency,20,stay,1888
10,32,NA,naturalFrequency,80,evacuate,1616
10,32,NA,naturalFrequency,30,stay,5396
100,32,NA,naturalFrequency,30,stay,5636
10,32,NA,naturalFrequency,60,evacuate,1379
10,32,NA,naturalFrequency,10,stay,955
100,32,NA,naturalFrequency,40,evacuate,1615
100,32,NA,naturalFrequency,60,evacuate,1071
100,32,NA,naturalFrequency,0,stay,3283
10,32,NA,naturalFrequency,50,evacuate,1179
10,32,NA,naturalFrequency,90,evacuate,1285
100,32,NA,naturalFrequency,50,evacuate,1673
10,32,NA,naturalFrequency,40,evacuate,1272
100,32,Ordered,square,10,stay,4846
10,32,Ordered,square,60,evacuate,1374
10,32,Ordered,square,100,evacuate,895
10,32,Ordered,square,20,stay,956
100,32,Ordered,square,20,stay,1139
10,32,Ordered,square,40,evacuate,1022
100,32,Ordered,square,70,evacuate,1001
10,32,Ordered,square,50,evacuate,895
100,32,Ordered,square,50,evacuate,848
100,32,Ordered,square,30,evacuate,1641
10,32,Ordered,square,10,stay,883
100,32,Ordered,square,40,evacuate,1049
10,32,Ordered,square,80,evacuate,924
100,32,Ordered,square,80,evacuate,953
10,32,Ordered,square,90,evacuate,1086
100,32,Ordered,square,90,evacuate,888
100,32,Ordered,square,60,evacuate,977
10,32,Ordered,square,30,stay,1347
10,32,Ordered,square,70,evacuate,959
100,32,Ordered,house,60,evacuate,4813
10,32,Ordered,house,50,evacuate,2078
100,32,Ordered,house,40,evacuate,1836
10,32,Ordered,house,40,evacuate,2433
100,32,Ordered,house,50,evacuate,2230
100,32,Ordered,house,10,stay,1268
10,32,Ordered,house,30,stay,1188
10,32,Ordered,house,20,stay,1186
100,32,Ordered,house,0,stay,1104
100,32,Ordered,house,30,stay,1543
100,32,Ordered,house,20,stay,1003
100,32,Ordered,house,70,evacuate,963
100,32,Ordered,house,90,evacuate,1072
10,32,Ordered,house,90,evacuate,1068
10,32,Ordered,house,60,evacuate,1191
10,32,Ordered,house,10,stay,942
100,32,Ordered,house,80,evacuate,2596
10,32,Ordered,house,80,evacuate,1051
10,32,Ordered,house,70,evacuate,955
10,32,Random,square,20,stay,3430
100,32,Random,square,20,evacuate,2376
10,32,Random,square,70,evacuate,3565
100,32,Random,square,60,evacuate,1066
10,32,Random,square,50,evacuate,2698
10,32,Random,square,90,evacuate,1155
100,32,Random,square,70,evacuate,1018
10,32,Random,square,40,evacuate,1638
10,32,Random,square,30,stay,1301
100,32,Random,square,50,evacuate,1275
10,32,Random,square,60,evacuate,1185
10,32,Random,square,10,stay,857
100,32,Random,square,10,stay,911
10,32,Random,square,80,evacuate,1274
100,32,Random,square,30,evacuate,1443
100,32,Random,square,40,evacuate,1042
100,32,Random,square,100,evacuate,922
100,32,Random,square,90,evacuate,833
100,32,Random,square,80,evacuate,773
10,32,Random,house,60,evacuate,2607
100,32,Random,house,20,stay,2158
100,32,Random,house,80,evacuate,1297
100,32,Random,house,0,stay,1114
10,32,Random,house,70,evacuate,1452
10,32,Random,house,50,evacuate,1053
100,32,Random,house,30,evacuate,2584
10,32,Random,house,10,stay,1230
100,32,Random,house,10,stay,1039
10,32,Random,house,30,stay,1105
10,32,Random,house,90,evacuate,1091
10,32,Random,house,80,evacuate,805
100,32,Random,house,60,evacuate,1747
10,32,Random,house,20,stay,1320
100,32,Random,house,40,evacuate,1483
100,32,Random,house,50,evacuate,1021
100,32,Random,house,70,evacuate,949
100,32,Random,house,90,evacuate,1039
10,32,Random,house,40,evacuate,1260
10,33,NA,naturalFrequency,60,evacuate,8018
10,33,NA,naturalFrequency,10,evacuate,1516
10,33,NA,naturalFrequency,40,evacuate,666
10,33,NA,naturalFrequency,30,evacuate,599
100,33,NA,naturalFrequency,20,evacuate,2234
100,33,NA,naturalFrequency,40,evacuate,700
10,33,NA,naturalFrequency,50,evacuate,2569
100,33,NA,naturalFrequency,100,evacuate,9799
100,33,NA,naturalFrequency,60,evacuate,1766
100,33,NA,naturalFrequency,90,evacuate,851
10,33,NA,naturalFrequency,20,evacuate,1149
100,33,NA,naturalFrequency,50,evacuate,11633
100,33,NA,naturalFrequency,30,evacuate,617
100,33,NA,naturalFrequency,80,evacuate,683
10,33,NA,naturalFrequency,90,evacuate,750
100,33,NA,naturalFrequency,10,evacuate,618
100,33,NA,naturalFrequency,70,evacuate,667
10,33,NA,naturalFrequency,70,evacuate,751
10,33,NA,naturalFrequency,80,evacuate,618
100,33,Ordered,square,20,evacuate,5332
10,33,Ordered,square,50,evacuate,1466
10,33,Ordered,square,30,evacuate,666
100,33,Ordered,square,30,evacuate,1200
10,33,Ordered,square,20,evacuate,1466
10,33,Ordered,square,80,evacuate,652
100,33,Ordered,square,50,evacuate,1500
10,33,Ordered,square,40,evacuate,783
10,33,Ordered,square,10,evacuate,683
100,33,Ordered,square,70,evacuate,1416
100,33,Ordered,square,40,evacuate,715
100,33,Ordered,square,60,evacuate,499
100,33,Ordered,square,10,evacuate,716
10,33,Ordered,square,70,evacuate,1350
100,33,Ordered,square,80,evacuate,966
10,33,Ordered,square,100,evacuate,1450
100,33,Ordered,square,90,evacuate,1033
10,33,Ordered,square,60,evacuate,2650
10,33,Ordered,square,90,evacuate,1099
100,33,Ordered,house,50,evacuate,2181
100,33,Ordered,house,10,evacuate,611
100,33,Ordered,house,20,evacuate,547
10,33,Ordered,house,10,evacuate,1616
100,33,Ordered,house,30,evacuate,978
100,33,Ordered,house,40,evacuate,778
10,33,Ordered,house,70,evacuate,1082
10,33,Ordered,house,90,evacuate,666
10,33,Ordered,house,60,evacuate,631
10,33,Ordered,house,40,evacuate,717
10,33,Ordered,house,50,evacuate,600
100,33,Ordered,house,80,evacuate,1031
100,33,Ordered,house,60,evacuate,579
100,33,Ordered,house,90,evacuate,564
10,33,Ordered,house,20,evacuate,1217
100,33,Ordered,house,0,stay,4913
100,33,Ordered,house,70,evacuate,1195
10,33,Ordered,house,80,evacuate,1299
10,33,Ordered,house,30,evacuate,932
100,33,Random,square,0,stay,3365
10,33,Random,square,40,evacuate,5067
100,33,Random,square,80,evacuate,1499
100,33,Random,square,60,evacuate,734
100,33,Random,square,70,evacuate,533
10,33,Random,square,60,evacuate,1366
10,33,Random,square,70,evacuate,2100
100,33,Random,square,20,evacuate,11750
100,33,Random,square,30,evacuate,1081
10,33,Random,square,30,evacuate,1433
10,33,Random,square,50,evacuate,1233
100,33,Random,square,50,evacuate,1098
100,33,Random,square,10,evacuate,1216
10,33,Random,square,80,evacuate,5483
10,33,Random,square,20,evacuate,666
10,33,Random,square,10,evacuate,765
100,33,Random,square,40,evacuate,1050
10,33,Random,square,90,evacuate,1201
100,33,Random,square,90,evacuate,1017
100,33,Random,house,30,evacuate,1479
100,33,Random,house,90,evacuate,713
100,33,Random,house,70,evacuate,529
10,33,Random,house,70,evacuate,1366
10,33,Random,house,20,evacuate,717
10,33,Random,house,30,evacuate,948
100,33,Random,house,10,evacuate,980
10,33,Random,house,50,evacuate,901
100,33,Random,house,20,evacuate,1013
100,33,Random,house,80,evacuate,879
10,33,Random,house,40,evacuate,1116
10,33,Random,house,90,evacuate,665
100,33,Random,house,60,evacuate,1397
10,33,Random,house,10,evacuate,1082
10,33,Random,house,80,evacuate,566
10,33,Random,house,60,evacuate,682
100,33,Random,house,0,stay,1963
100,33,Random,house,50,evacuate,1163
100,33,Random,house,40,evacuate,762
10,34,NA,naturalFrequency,50,evacuate,8947
10,34,NA,naturalFrequency,40,evacuate,4964
100,34,NA,naturalFrequency,70,evacuate,2694
100,34,NA,naturalFrequency,30,stay,1757
100,34,NA,naturalFrequency,10,stay,2078
10,34,NA,naturalFrequency,10,stay,1496
100,34,NA,naturalFrequency,50,evacuate,3700
10,34,NA,naturalFrequency,90,evacuate,1694
10,34,NA,naturalFrequency,80,evacuate,2908
100,34,NA,naturalFrequency,20,stay,2063
100,34,NA,naturalFrequency,80,evacuate,1757
10,34,NA,naturalFrequency,30,stay,1993
10,34,NA,naturalFrequency,60,evacuate,1865
10,34,NA,naturalFrequency,70,evacuate,1177
100,34,NA,naturalFrequency,90,evacuate,2261
100,34,NA,naturalFrequency,60,evacuate,2177
100,34,NA,naturalFrequency,40,evacuate,1561
10,34,NA,naturalFrequency,100,evacuate,1736
10,34,NA,naturalFrequency,20,evacuate,1942
100,34,Ordered,square,50,evacuate,8088
100,34,Ordered,square,10,stay,3907
10,34,Ordered,square,50,evacuate,2040
10,34,Ordered,square,60,evacuate,3543
100,34,Ordered,square,30,stay,7614
100,34,Ordered,square,90,evacuate,1829
10,34,Ordered,square,90,evacuate,3566
100,34,Ordered,square,60,evacuate,1864
10,34,Ordered,square,0,stay,1715
10,34,Ordered,square,30,stay,1390
10,34,Ordered,square,10,stay,1291
10,34,Ordered,square,40,stay,1149
10,34,Ordered,square,70,evacuate,1354
100,34,Ordered,square,40,stay,1580
10,34,Ordered,square,80,evacuate,1575
100,34,Ordered,square,80,evacuate,1681
100,34,Ordered,square,70,evacuate,1368
10,34,Ordered,square,20,stay,1334
100,34,Ordered,square,20,stay,1297
10,34,Ordered,house,70,evacuate,4047
10,34,Ordered,house,30,stay,1419
10,34,Ordered,house,0,stay,2128
10,34,Ordered,house,10,stay,1148
10,34,Ordered,house,80,evacuate,1071
100,34,Ordered,house,50,stay,1835
100,34,Ordered,house,40,stay,2181
10,34,Ordered,house,40,stay,2340
10,34,Ordered,house,50,stay,2140
100,34,Ordered,house,30,stay,1677
100,34,Ordered,house,90,evacuate,1662
10,34,Ordered,house,90,evacuate,1447
100,34,Ordered,house,20,stay,1274
100,34,Ordered,house,80,evacuate,1445
100,34,Ordered,house,10,stay,946
100,34,Ordered,house,70,evacuate,1189
100,34,Ordered,house,60,evacuate,1080
10,34,Ordered,house,20,stay,1498
10,34,Ordered,house,60,evacuate,1707
100,34,Random,square,80,evacuate,1579
100,34,Random,square,30,stay,1857
10,34,Random,square,10,stay,1325
10,34,Random,square,70,evacuate,1559
100,34,Random,square,20,stay,1660
10,34,Random,square,80,evacuate,1411
100,34,Random,square,0,stay,1404
10,34,Random,square,50,evacuate,1496
10,34,Random,square,40,stay,1851
100,34,Random,square,70,evacuate,1311
10,34,Random,square,90,evacuate,1042
10,34,Random,square,60,evacuate,1049
100,34,Random,square,60,evacuate,1354
100,34,Random,square,10,stay,957
100,34,Random,square,90,evacuate,772
100,34,Random,square,50,stay,963
10,34,Random,square,20,stay,1502
100,34,Random,square,40,evacuate,2055
10,34,Random,square,30,stay,1240
100,34,Random,house,60,stay,2672
100,34,Random,house,50,stay,1146
10,34,Random,house,40,stay,1481
10,34,Random,house,10,stay,984
10,34,Random,house,30,stay,807
10,34,Random,house,20,stay,949
100,34,Random,house,90,evacuate,1244
10,34,Random,house,90,evacuate,1671
100,34,Random,house,20,stay,1472
100,34,Random,house,30,stay,1245
10,34,Random,house,80,evacuate,1552
100,34,Random,house,10,stay,1004
10,34,Random,house,70,evacuate,2014
10,34,Random,house,50,stay,802
10,34,Random,house,60,stay,1078
100,34,Random,house,0,stay,1139
100,34,Random,house,80,evacuate,1252
100,34,Random,house,40,stay,1160
100,34,Random,house,70,evacuate,1108
10,35,NA,naturalFrequency,30,evacuate,9032
10,35,NA,naturalFrequency,50,evacuate,3296
100,35,NA,naturalFrequency,20,stay,6944
100,35,NA,naturalFrequency,40,evacuate,1416
10,35,NA,naturalFrequency,90,evacuate,3176
10,35,NA,naturalFrequency,0,stay,1968
10,35,NA,naturalFrequency,40,evacuate,4592
100,35,NA,naturalFrequency,60,evacuate,2760
10,35,NA,naturalFrequency,80,evacuate,1296
10,35,NA,naturalFrequency,70,evacuate,816
10,35,NA,naturalFrequency,20,stay,880
10,35,NA,naturalFrequency,60,evacuate,848
100,35,NA,naturalFrequency,10,stay,3096
100,35,NA,naturalFrequency,90,evacuate,881
100,35,NA,naturalFrequency,50,evacuate,968
100,35,NA,naturalFrequency,70,evacuate,840
100,35,NA,naturalFrequency,80,evacuate,696
100,35,NA,naturalFrequency,30,evacuate,4488
10,35,NA,naturalFrequency,10,stay,2296
100,35,Ordered,square,10,stay,9583
10,35,Ordered,square,70,evacuate,3976
100,35,Ordered,square,20,stay,1320
10,35,Ordered,square,50,evacuate,2016
100,35,Ordered,square,70,evacuate,1392
10,35,Ordered,square,10,stay,1048
10,35,Ordered,square,60,evacuate,1104
10,35,Ordered,square,90,evacuate,736
100,35,Ordered,square,60,evacuate,1064
10,35,Ordered,square,40,evacuate,5928
10,35,Ordered,square,20,stay,912
100,35,Ordered,square,80,evacuate,3024
10,35,Ordered,square,100,evacuate,1080
100,35,Ordered,square,40,evacuate,2064
10,35,Ordered,square,30,stay,1264
100,35,Ordered,square,50,evacuate,1280
100,35,Ordered,square,90,evacuate,904
10,35,Ordered,square,80,evacuate,864
100,35,Ordered,square,30,stay,1392
100,35,Ordered,house,70,evacuate,2127
100,35,Ordered,house,30,stay,1839
10,35,Ordered,house,90,evacuate,1072
10,35,Ordered,house,20,stay,880
100,35,Ordered,house,60,evacuate,1063
100,35,Ordered,house,40,evacuate,1407
10,35,Ordered,house,70,evacuate,1368
10,35,Ordered,house,60,evacuate,800
100,35,Ordered,house,80,evacuate,903
100,35,Ordered,house,90,evacuate,663
10,35,Ordered,house,30,stay,792
10,35,Ordered,house,50,evacuate,856
10,35,Ordered,house,40,evacuate,800
100,35,Ordered,house,20,stay,1167
10,35,Ordered,house,80,evacuate,808
100,35,Ordered,house,50,evacuate,1831
100,35,Ordered,house,10,stay,1103
10,35,Ordered,house,10,stay,888
100,35,Ordered,house,100,evacuate,863
10,35,Random,square,50,evacuate,3271
10,35,Random,square,80,evacuate,672
10,35,Random,square,60,evacuate,736
10,35,Random,square,100,evacuate,720
10,35,Random,square,90,evacuate,560
100,35,Random,square,10,stay,1264
10,35,Random,square,20,stay,1096
100,35,Random,square,50,evacuate,1080
100,35,Random,square,60,evacuate,712
100,35,Random,square,80,evacuate,568
100,35,Random,square,30,stay,1056
100,35,Random,square,20,stay,736
100,35,Random,square,70,evacuate,720
100,35,Random,square,40,stay,1016
10,35,Random,square,10,stay,1264
10,35,Random,square,40,stay,1136
100,35,Random,square,90,evacuate,880
10,35,Random,square,70,evacuate,696
10,35,Random,square,30,stay,896
10,35,Random,house,80,evacuate,2119
10,35,Random,house,50,evacuate,1848
10,35,Random,house,10,stay,744
10,35,Random,house,40,stay,736
100,35,Random,house,90,evacuate,943
10,35,Random,house,0,stay,936
100,35,Random,house,20,stay,1007
100,35,Random,house,60,evacuate,959
100,35,Random,house,30,stay,807
100,35,Random,house,80,evacuate,679
10,35,Random,house,90,evacuate,784
100,35,Random,house,70,evacuate,807
100,35,Random,house,10,stay,831
10,35,Random,house,70,evacuate,960
10,35,Random,house,60,evacuate,848
100,35,Random,house,50,evacuate,799
10,35,Random,house,20,stay,1048
10,35,Random,house,30,stay,1496
100,35,Random,house,40,evacuate,967
100,36,NA,naturalFrequency,70,evacuate,8395
10,36,NA,naturalFrequency,70,evacuate,2336
100,36,NA,naturalFrequency,40,stay,2062
10,36,NA,naturalFrequency,90,evacuate,1989
10,36,NA,naturalFrequency,20,stay,1385
10,36,NA,naturalFrequency,80,evacuate,2214
100,36,NA,naturalFrequency,90,evacuate,2541
10,36,NA,naturalFrequency,60,evacuate,6208
100,36,NA,naturalFrequency,30,stay,1360
100,36,NA,naturalFrequency,20,stay,1024
10,36,NA,naturalFrequency,0,stay,1470
10,36,NA,naturalFrequency,50,stay,2019
100,36,NA,naturalFrequency,10,stay,1864
100,36,NA,naturalFrequency,50,evacuate,2581
100,36,NA,naturalFrequency,60,evacuate,1770
10,36,NA,naturalFrequency,30,stay,1297
10,36,NA,naturalFrequency,10,stay,1214
10,36,NA,naturalFrequency,40,stay,1226
100,36,NA,naturalFrequency,80,evacuate,1082
10,36,Ordered,square,0,evacuate,12330
100,36,Ordered,square,60,evacuate,7398
100,36,Ordered,square,50,evacuate,2298
10,36,Ordered,square,10,stay,1425
10,36,Ordered,square,30,stay,2753
100,36,Ordered,square,30,stay,1293
100,36,Ordered,square,90,evacuate,899
100,36,Ordered,square,40,stay,1061
10,36,Ordered,square,70,evacuate,1444
100,36,Ordered,square,20,stay,2558
10,36,Ordered,square,40,stay,1445
10,36,Ordered,square,80,evacuate,976
100,36,Ordered,square,80,evacuate,1005
100,36,Ordered,square,10,stay,990
10,36,Ordered,square,50,evacuate,1604
100,36,Ordered,square,70,evacuate,1498
10,36,Ordered,square,60,evacuate,1433
10,36,Ordered,square,20,stay,954
10,36,Ordered,square,90,evacuate,940
10,36,Ordered,house,50,evacuate,3405
10,36,Ordered,house,60,evacuate,838
100,36,Ordered,house,70,evacuate,1198
100,36,Ordered,house,90,evacuate,791
100,36,Ordered,house,40,stay,1099
10,36,Ordered,house,40,stay,1393
10,36,Ordered,house,90,evacuate,958
10,36,Ordered,house,10,stay,875
100,36,Ordered,house,50,evacuate,3198
100,36,Ordered,house,60,evacuate,1947
10,36,Ordered,house,30,stay,2793
100,36,Ordered,house,30,stay,1592
100,36,Ordered,house,20,stay,849
10,36,Ordered,house,70,evacuate,1197
10,36,Ordered,house,20,stay,1354
10,36,Ordered,house,80,evacuate,2032
10,36,Ordered,house,0,stay,1355
100,36,Ordered,house,80,evacuate,1523
100,36,Ordered,house,10,stay,952
100,36,Random,square,80,evacuate,3489
10,36,Random,square,50,evacuate,4040
10,36,Random,square,60,evacuate,1009
10,36,Random,square,20,stay,860
10,36,Random,square,80,evacuate,994
10,36,Random,square,90,evacuate,814
10,36,Random,square,30,stay,940
100,36,Random,square,100,evacuate,935
10,36,Random,square,70,evacuate,964
100,36,Random,square,30,stay,1918
10,36,Random,square,10,stay,1410
100,36,Random,square,90,evacuate,1032
100,36,Random,square,50,evacuate,1049
100,36,Random,square,20,stay,1305
100,36,Random,square,70,evacuate,785
100,36,Random,square,10,stay,1254
100,36,Random,square,40,evacuate,2809
10,36,Random,square,40,evacuate,1510
100,36,Random,square,60,evacuate,1002
100,36,Random,house,60,evacuate,2227
10,36,Random,house,90,evacuate,1133
100,36,Random,house,80,evacuate,1055
10,36,Random,house,30,stay,991
10,36,Random,house,0,stay,766
100,36,Random,house,90,evacuate,881
10,36,Random,house,60,evacuate,2071
10,36,Random,house,70,evacuate,2198
100,36,Random,house,40,evacuate,1936
10,36,Random,house,10,stay,865
10,36,Random,house,80,evacuate,3039
100,36,Random,house,50,evacuate,915
100,36,Random,house,70,evacuate,1179
100,36,Random,house,20,stay,988
100,36,Random,house,10,stay,806
100,36,Random,house,30,stay,2941
10,36,Random,house,40,stay,2591
10,36,Random,house,50,evacuate,2338
10,36,Random,house,20,stay,779
100,37,NA,naturalFrequency,50,evacuate,3374
100,37,NA,naturalFrequency,10,stay,5669
100,37,NA,naturalFrequency,90,evacuate,1147
100,37,NA,naturalFrequency,40,evacuate,1560
10,37,NA,naturalFrequency,60,evacuate,1591
10,37,NA,naturalFrequency,70,evacuate,653
10,37,NA,naturalFrequency,40,evacuate,1103
10,37,NA,naturalFrequency,100,evacuate,1467
10,37,NA,naturalFrequency,20,stay,885
100,37,NA,naturalFrequency,30,evacuate,1258
100,37,NA,naturalFrequency,60,evacuate,794
10,37,NA,naturalFrequency,10,stay,1027
100,37,NA,naturalFrequency,80,evacuate,811
10,37,NA,naturalFrequency,90,evacuate,682
10,37,NA,naturalFrequency,30,stay,848
10,37,NA,naturalFrequency,80,evacuate,630
100,37,NA,naturalFrequency,20,stay,1331
100,37,NA,naturalFrequency,70,evacuate,594
10,37,NA,naturalFrequency,50,evacuate,824
10,37,Ordered,square,40,evacuate,3547
100,37,Ordered,square,50,evacuate,1074
100,37,Ordered,square,60,evacuate,607
10,37,Ordered,square,60,evacuate,1108
100,37,Ordered,square,80,evacuate,930
10,37,Ordered,square,20,stay,1232
10,37,Ordered,square,30,evacuate,600
10,37,Ordered,square,80,evacuate,509
100,37,Ordered,square,10,stay,1343
100,37,Ordered,square,70,evacuate,637
100,37,Ordered,square,90,evacuate,563
100,37,Ordered,square,20,stay,726
10,37,Ordered,square,100,evacuate,819
10,37,Ordered,square,50,evacuate,593
10,37,Ordered,square,70,evacuate,570
100,37,Ordered,square,40,evacuate,839
10,37,Ordered,square,90,evacuate,697
100,37,Ordered,square,30,evacuate,704
10,37,Ordered,square,10,stay,713
100,37,Ordered,house,20,stay,6620
100,37,Ordered,house,40,evacuate,576
100,37,Ordered,house,90,evacuate,538
10,37,Ordered,house,90,evacuate,675
10,37,Ordered,house,30,evacuate,975
10,37,Ordered,house,50,evacuate,434
100,37,Ordered,house,30,evacuate,786
10,37,Ordered,house,40,evacuate,646
10,37,Ordered,house,10,stay,886
100,37,Ordered,house,70,evacuate,859
100,37,Ordered,house,60,evacuate,514
10,37,Ordered,house,60,evacuate,1110
100,37,Ordered,house,80,evacuate,854
100,37,Ordered,house,10,stay,966
10,37,Ordered,house,80,evacuate,727
10,37,Ordered,house,20,stay,786
100,37,Ordered,house,50,evacuate,733
10,37,Ordered,house,70,evacuate,690
100,37,Ordered,house,0,stay,846
100,37,Random,square,90,evacuate,4124
100,37,Random,square,80,evacuate,561
10,37,Random,square,80,evacuate,653
10,37,Random,square,40,evacuate,977
10,37,Random,square,60,evacuate,563
100,37,Random,square,60,evacuate,645
10,37,Random,square,20,stay,1064
100,37,Random,square,50,evacuate,660
100,37,Random,square,10,stay,855
10,37,Random,square,30,stay,1239
10,37,Random,square,10,stay,1044
10,37,Random,square,90,evacuate,504
10,37,Random,square,50,evacuate,616
100,37,Random,square,30,evacuate,1626
100,37,Random,square,0,stay,719
100,37,Random,square,20,stay,1537
100,37,Random,square,40,evacuate,485
100,37,Random,square,70,evacuate,549
10,37,Random,square,70,evacuate,954
10,37,Random,house,80,evacuate,2429
100,37,Random,house,80,evacuate,881
100,37,Random,house,10,stay,1325
100,37,Random,house,30,evacuate,613
10,37,Random,house,50,evacuate,719
10,37,Random,house,70,evacuate,481
100,37,Random,house,20,evacuate,869
100,37,Random,house,60,evacuate,634
100,37,Random,house,50,evacuate,777
10,37,Random,house,10,stay,1035
100,37,Random,house,70,evacuate,606
10,37,Random,house,30,evacuate,928
10,37,Random,house,90,evacuate,473
10,37,Random,house,40,evacuate,725
10,37,Random,house,20,stay,996
10,37,Random,house,100,evacuate,434
100,37,Random,house,40,evacuate,764
10,37,Random,house,60,evacuate,593
100,37,Random,house,90,evacuate,626
10,38,NA,naturalFrequency,60,evacuate,3832
100,38,NA,naturalFrequency,90,evacuate,2097
100,38,NA,naturalFrequency,0,stay,1100
10,38,NA,naturalFrequency,40,evacuate,902
10,38,NA,naturalFrequency,30,evacuate,903
100,38,NA,naturalFrequency,80,evacuate,866
100,38,NA,naturalFrequency,30,evacuate,883
10,38,NA,naturalFrequency,90,evacuate,1666
100,38,NA,naturalFrequency,10,evacuate,1367
10,38,NA,naturalFrequency,70,evacuate,2033
100,38,NA,naturalFrequency,20,evacuate,894
10,38,NA,naturalFrequency,20,evacuate,786
10,38,NA,naturalFrequency,80,evacuate,601
10,38,NA,naturalFrequency,50,evacuate,769
100,38,NA,naturalFrequency,40,evacuate,915
100,38,NA,naturalFrequency,70,evacuate,583
100,38,NA,naturalFrequency,60,evacuate,567
10,38,NA,naturalFrequency,10,evacuate,751
100,38,NA,naturalFrequency,50,evacuate,767
100,38,Ordered,square,50,evacuate,2161
100,38,Ordered,square,60,evacuate,1049
10,38,Ordered,square,10,stay,1600
100,38,Ordered,square,20,stay,998
10,38,Ordered,square,70,evacuate,983
100,38,Ordered,square,30,stay,982
10,38,Ordered,square,60,stay,1133
100,38,Ordered,square,90,evacuate,1198
10,38,Ordered,square,30,stay,1000
10,38,Ordered,square,90,evacuate,648
10,38,Ordered,square,40,stay,1100
10,38,Ordered,square,100,evacuate,583
10,38,Ordered,square,50,evacuate,701
100,38,Ordered,square,70,evacuate,832
10,38,Ordered,square,80,evacuate,715
100,38,Ordered,square,40,evacuate,816
100,38,Ordered,square,80,evacuate,499
10,38,Ordered,square,20,evacuate,700
100,38,Ordered,square,10,stay,866
100,38,Ordered,house,60,evacuate,1759
10,38,Ordered,house,80,evacuate,1026
100,38,Ordered,house,20,stay,940
10,38,Ordered,house,30,stay,913
100,38,Ordered,house,50,evacuate,974
10,38,Ordered,house,70,evacuate,1398
100,38,Ordered,house,80,evacuate,1104
10,38,Ordered,house,20,stay,1247
10,38,Ordered,house,50,evacuate,913
100,38,Ordered,house,70,evacuate,1252
100,38,Ordered,house,90,evacuate,1388
10,38,Ordered,house,90,stay,1181
10,38,Ordered,house,10,evacuate,847
10,38,Ordered,house,40,evacuate,830
100,38,Ordered,house,30,stay,1260
10,38,Ordered,house,0,stay,1416
100,38,Ordered,house,10,evacuate,1542
10,38,Ordered,house,60,evacuate,1132
100,38,Ordered,house,40,stay,1342
10,38,Random,square,70,evacuate,2049
10,38,Random,square,30,evacuate,700
10,38,Random,square,90,evacuate,566
10,38,Random,square,50,evacuate,731
100,38,Random,square,60,evacuate,765
100,38,Random,square,10,stay,947
100,38,Random,square,20,evacuate,915
100,38,Random,square,80,evacuate,899
10,38,Random,square,10,stay,1719
100,38,Random,square,70,evacuate,668
100,38,Random,square,100,evacuate,549
100,38,Random,square,40,evacuate,899
100,38,Random,square,50,evacuate,580
10,38,Random,square,20,stay,863
10,38,Random,square,40,evacuate,733
100,38,Random,square,90,evacuate,766
100,38,Random,square,30,stay,831
10,38,Random,square,60,evacuate,884
10,38,Random,square,80,evacuate,665
100,38,Random,house,80,evacuate,1041
10,38,Random,house,40,evacuate,1581
10,38,Random,house,70,evacuate,648
10,38,Random,house,60,evacuate,733
10,38,Random,house,90,evacuate,750
100,38,Random,house,40,stay,881
10,38,Random,house,20,stay,915
10,38,Random,house,80,evacuate,615
100,38,Random,house,100,evacuate,926
10,38,Random,house,10,stay,1715
10,38,Random,house,30,evacuate,633
100,38,Random,house,90,evacuate,795
10,38,Random,house,50,evacuate,1062
100,38,Random,house,10,stay,797
100,38,Random,house,50,evacuate,881
100,38,Random,house,60,evacuate,1045
100,38,Random,house,70,stay,643
100,38,Random,house,30,evacuate,496
100,38,Random,house,20,evacuate,493
10,39,NA,naturalFrequency,50,evacuate,3915
100,39,NA,naturalFrequency,30,evacuate,3984
10,39,NA,naturalFrequency,20,stay,4818
10,39,NA,naturalFrequency,10,stay,1497
100,39,NA,naturalFrequency,90,evacuate,1720
10,39,NA,naturalFrequency,80,evacuate,1833
10,39,NA,naturalFrequency,60,evacuate,1122
100,39,NA,naturalFrequency,20,stay,2717
100,39,NA,naturalFrequency,50,evacuate,1317
100,39,NA,naturalFrequency,40,evacuate,1834
100,39,NA,naturalFrequency,70,evacuate,1035
100,39,NA,naturalFrequency,60,evacuate,997
100,39,NA,naturalFrequency,80,evacuate,947
10,39,NA,naturalFrequency,30,stay,2532
10,39,NA,naturalFrequency,90,evacuate,785
10,39,NA,naturalFrequency,70,evacuate,934
10,39,NA,naturalFrequency,40,evacuate,1786
10,39,NA,naturalFrequency,100,evacuate,934
100,39,NA,naturalFrequency,10,stay,1684
10,39,Ordered,square,50,evacuate,3651
10,39,Ordered,square,10,stay,1453
10,39,Ordered,square,30,evacuate,3020
100,39,Ordered,square,80,evacuate,1517
10,39,Ordered,square,60,evacuate,980
10,39,Ordered,square,90,evacuate,854
100,39,Ordered,square,10,stay,1532
100,39,Ordered,square,50,evacuate,1236
100,39,Ordered,square,70,evacuate,847
100,39,Ordered,square,90,evacuate,802
10,39,Ordered,square,70,evacuate,1297
100,39,Ordered,square,30,evacuate,2921
10,39,Ordered,square,40,evacuate,1566
100,39,Ordered,square,20,evacuate,1367
10,39,Ordered,square,80,evacuate,990
100,39,Ordered,square,100,evacuate,1132
10,39,Ordered,square,20,stay,1338
100,39,Ordered,square,60,evacuate,1001
100,39,Ordered,square,40,evacuate,1288
100,39,Ordered,house,70,evacuate,2612
100,39,Ordered,house,80,evacuate,862
100,39,Ordered,house,30,evacuate,1448
10,39,Ordered,house,40,evacuate,1250
10,39,Ordered,house,50,evacuate,850
10,39,Ordered,house,10,stay,1218
100,39,Ordered,house,60,evacuate,1202
10,39,Ordered,house,30,evacuate,2101
10,39,Ordered,house,90,evacuate,1032
100,39,Ordered,house,50,evacuate,998
100,39,Ordered,house,40,evacuate,797
10,39,Ordered,house,80,evacuate,1200
10,39,Ordered,house,20,stay,1539
10,39,Ordered,house,70,evacuate,784
100,39,Ordered,house,90,evacuate,1083
10,39,Ordered,house,100,evacuate,913
100,39,Ordered,house,20,stay,1232
100,39,Ordered,house,10,stay,1879
10,39,Ordered,house,60,evacuate,1019
10,39,Random,square,20,stay,2880
100,39,Random,square,80,evacuate,1849
100,39,Random,square,0,stay,1286
10,39,Random,square,90,evacuate,1118
100,39,Random,square,30,evacuate,1235
100,39,Random,square,40,evacuate,914
100,39,Random,square,20,stay,1199
100,39,Random,square,70,evacuate,817
10,39,Random,square,40,evacuate,1834
100,39,Random,square,10,evacuate,1541
10,39,Random,square,30,evacuate,2482
10,39,Random,square,70,evacuate,1053
10,39,Random,square,80,evacuate,891
100,39,Random,square,60,evacuate,1183
10,39,Random,square,60,evacuate,983
100,39,Random,square,90,evacuate,1055
10,39,Random,square,50,evacuate,1165
100,39,Random,square,50,evacuate,1153
10,39,Random,square,10,stay,1353
10,39,Random,house,20,stay,4222
10,39,Random,house,50,evacuate,1030
10,39,Random,house,60,evacuate,824
100,39,Random,house,20,evacuate,1347
100,39,Random,house,50,evacuate,819
10,39,Random,house,10,stay,1531
10,39,Random,house,70,evacuate,916
100,39,Random,house,40,evacuate,1229
10,39,Random,house,100,evacuate,1190
10,39,Random,house,80,evacuate,934
100,39,Random,house,80,evacuate,1132
100,39,Random,house,60,evacuate,1366
100,39,Random,house,10,stay,1613
10,39,Random,house,90,evacuate,985
100,39,Random,house,90,evacuate,1549
100,39,Random,house,30,stay,2830
10,39,Random,house,30,stay,1600
100,39,Random,house,70,evacuate,1266
10,39,Random,house,40,evacuate,1303
10,40,NA,naturalFrequency,60,evacuate,5765
10,40,NA,naturalFrequency,20,evacuate,3524
100,40,NA,naturalFrequency,70,evacuate,2630
100,40,NA,naturalFrequency,60,evacuate,1198
10,40,NA,naturalFrequency,30,evacuate,2138
100,40,NA,naturalFrequency,40,evacuate,1374
100,40,NA,naturalFrequency,50,evacuate,3524
10,40,NA,naturalFrequency,10,stay,1385
100,40,NA,naturalFrequency,90,evacuate,2194
100,40,NA,naturalFrequency,30,evacuate,1226
10,40,NA,naturalFrequency,0,stay,4318
100,40,NA,naturalFrequency,80,evacuate,1411
10,40,NA,naturalFrequency,50,evacuate,2746
10,40,NA,naturalFrequency,80,evacuate,1051
100,40,NA,naturalFrequency,10,stay,3276
10,40,NA,naturalFrequency,40,evacuate,2079
100,40,NA,naturalFrequency,20,evacuate,4123
10,40,NA,naturalFrequency,70,evacuate,2106
10,40,NA,naturalFrequency,90,evacuate,925
10,40,Ordered,square,50,evacuate,4151
10,40,Ordered,square,80,evacuate,1160
10,40,Ordered,square,20,stay,2244
100,40,Ordered,square,90,evacuate,2464
10,40,Ordered,square,10,stay,1406
100,40,Ordered,square,10,stay,2442
100,40,Ordered,square,80,evacuate,1103
10,40,Ordered,square,0,stay,1490
10,40,Ordered,square,70,evacuate,858
100,40,Ordered,square,20,evacuate,2454
10,40,Ordered,square,30,evacuate,3868
100,40,Ordered,square,50,evacuate,2224
100,40,Ordered,square,60,evacuate,1062
10,40,Ordered,square,90,evacuate,1261
100,40,Ordered,square,70,evacuate,930
10,40,Ordered,square,60,evacuate,2480
10,40,Ordered,square,40,evacuate,3399
100,40,Ordered,square,40,evacuate,2858
100,40,Ordered,square,30,evacuate,966
10,40,Ordered,house,10,stay,3273
100,40,Ordered,house,10,stay,2707
10,40,Ordered,house,50,evacuate,1409
10,40,Ordered,house,70,evacuate,1038
100,40,Ordered,house,50,evacuate,1088
10,40,Ordered,house,0,stay,1414
100,40,Ordered,house,20,evacuate,1540
10,40,Ordered,house,20,stay,3073
100,40,Ordered,house,90,evacuate,1132
10,40,Ordered,house,40,evacuate,1001
100,40,Ordered,house,30,evacuate,1111
10,40,Ordered,house,30,evacuate,1207
100,40,Ordered,house,80,evacuate,1396
10,40,Ordered,house,60,evacuate,2136
100,40,Ordered,house,70,evacuate,1044
100,40,Ordered,house,40,evacuate,1131
10,40,Ordered,house,80,evacuate,945
10,40,Ordered,house,90,evacuate,1022
100,40,Ordered,house,60,evacuate,1010
10,40,Random,square,80,evacuate,2391
100,40,Random,square,50,evacuate,2580
100,40,Random,square,90,evacuate,1032
100,40,Random,square,80,evacuate,966
10,40,Random,square,90,evacuate,1088
10,40,Random,square,50,evacuate,4217
10,40,Random,square,30,evacuate,1944
100,40,Random,square,60,evacuate,1160
100,40,Random,square,0,stay,1452
10,40,Random,square,20,stay,2756
10,40,Random,square,70,evacuate,1096
100,40,Random,square,70,evacuate,1048
10,40,Random,square,60,evacuate,1048
100,40,Random,square,40,evacuate,1848
10,40,Random,square,40,evacuate,1061
10,40,Random,square,10,stay,1158
100,40,Random,square,20,evacuate,3884
100,40,Random,square,10,stay,1647
100,40,Random,square,30,evacuate,2654
10,40,Random,house,90,evacuate,2647
100,40,Random,house,50,evacuate,1411
100,40,Random,house,60,evacuate,1603
100,40,Random,house,10,stay,1862
10,40,Random,house,40,evacuate,1400
100,40,Random,house,70,evacuate,1039
10,40,Random,house,30,evacuate,1364
10,40,Random,house,20,stay,1795
100,40,Random,house,20,evacuate,919
100,40,Random,house,30,evacuate,1754
100,40,Random,house,0,stay,1046
10,40,Random,house,50,evacuate,932
100,40,Random,house,90,evacuate,974
100,40,Random,house,40,evacuate,1398
10,40,Random,house,60,evacuate,1040
10,40,Random,house,80,evacuate,734
10,40,Random,house,10,stay,1054
100,40,Random,house,80,evacuate,865
10,40,Random,house,70,evacuate,921
100,41,NA,naturalFrequency,60,stay,6624
100,41,NA,naturalFrequency,20,stay,1957
10,41,NA,naturalFrequency,30,stay,3433
10,41,NA,naturalFrequency,40,evacuate,1625
10,41,NA,naturalFrequency,0,stay,2919
10,41,NA,naturalFrequency,20,stay,1954
100,41,NA,naturalFrequency,80,evacuate,1926
10,41,NA,naturalFrequency,50,evacuate,2302
10,41,NA,naturalFrequency,10,stay,1474
100,41,NA,naturalFrequency,90,evacuate,1634
100,41,NA,naturalFrequency,70,evacuate,1559
100,41,NA,naturalFrequency,50,stay,1906
10,41,NA,naturalFrequency,60,evacuate,1903
10,41,NA,naturalFrequency,80,evacuate,1194
10,41,NA,naturalFrequency,70,evacuate,1253
100,41,NA,naturalFrequency,10,stay,4134
100,41,NA,naturalFrequency,30,stay,2003
100,41,NA,naturalFrequency,40,stay,1314
10,41,NA,naturalFrequency,90,evacuate,1636
10,41,Ordered,square,30,stay,5670
100,41,Ordered,square,20,evacuate,5746
100,41,Ordered,square,30,stay,2090
100,41,Ordered,square,10,stay,1506
100,41,Ordered,square,40,evacuate,2052
100,41,Ordered,square,80,evacuate,1656
10,41,Ordered,square,50,evacuate,2366
100,41,Ordered,square,60,evacuate,2097
100,41,Ordered,square,90,evacuate,1367
10,41,Ordered,square,20,stay,1902
100,41,Ordered,square,0,stay,1957
10,41,Ordered,square,10,stay,6500
10,41,Ordered,square,70,evacuate,2644
10,41,Ordered,square,90,evacuate,3551
10,41,Ordered,square,60,evacuate,2352
10,41,Ordered,square,40,stay,1926
10,41,Ordered,square,80,evacuate,4029
100,41,Ordered,square,70,evacuate,2328
100,41,Ordered,square,50,evacuate,2559
100,41,Ordered,house,70,evacuate,8221
10,41,Ordered,house,20,stay,1970
10,41,Ordered,house,30,stay,2326
100,41,Ordered,house,60,evacuate,2168
10,41,Ordered,house,80,evacuate,4940
10,41,Ordered,house,10,stay,1445
100,41,Ordered,house,90,evacuate,1656
100,41,Ordered,house,0,stay,1458
10,41,Ordered,house,40,stay,2080
100,41,Ordered,house,50,evacuate,2277
100,41,Ordered,house,40,evacuate,2009
100,41,Ordered,house,20,stay,1269
10,41,Ordered,house,50,evacuate,1588
10,41,Ordered,house,60,evacuate,1257
100,41,Ordered,house,30,stay,2297
100,41,Ordered,house,10,evacuate,1544
100,41,Ordered,house,80,evacuate,2530
10,41,Ordered,house,70,evacuate,1902
10,41,Ordered,house,90,evacuate,1636
10,41,Random,square,40,evacuate,7739
10,41,Random,square,70,evacuate,2003
10,41,Random,square,10,stay,1957
100,41,Random,square,30,evacuate,3280
100,41,Random,square,80,evacuate,1721
100,41,Random,square,60,evacuate,2034
10,41,Random,square,60,evacuate,2229
10,41,Random,square,50,evacuate,2323
100,41,Random,square,50,stay,1863
10,41,Random,square,20,stay,1541
100,41,Random,square,10,stay,1434
10,41,Random,square,90,evacuate,1535
100,41,Random,square,0,stay,1732
100,41,Random,square,70,evacuate,1416
10,41,Random,square,80,evacuate,3817
10,41,Random,square,30,evacuate,1983
100,41,Random,square,40,evacuate,1544
100,41,Random,square,90,evacuate,1808
100,41,Random,square,20,evacuate,1737
100,41,Random,house,90,evacuate,3153
100,41,Random,house,80,evacuate,2398
100,41,Random,house,10,stay,1986
100,41,Random,house,50,evacuate,2408
100,41,Random,house,30,stay,2594
100,41,Random,house,70,evacuate,4664
10,41,Random,house,50,evacuate,2111
10,41,Random,house,10,stay,1429
10,41,Random,house,20,evacuate,2384
10,41,Random,house,80,evacuate,1717
10,41,Random,house,60,evacuate,2573
10,41,Random,house,90,evacuate,2550
100,41,Random,house,60,stay,4531
10,41,Random,house,70,evacuate,116540
10,41,Random,house,30,stay,3032
10,41,Random,house,40,evacuate,2434
100,41,Random,house,20,stay,1643
100,41,Random,house,100,evacuate,1729
100,41,Random,house,40,evacuate,1459
100,42,NA,naturalFrequency,70,evacuate,7044
10,42,NA,naturalFrequency,80,evacuate,3762
10,42,NA,naturalFrequency,30,stay,3846
100,42,NA,naturalFrequency,90,evacuate,3777
10,42,NA,naturalFrequency,20,stay,3178
10,42,NA,naturalFrequency,40,stay,6163
10,42,NA,naturalFrequency,90,evacuate,2233
10,42,NA,naturalFrequency,100,evacuate,1884
100,42,NA,naturalFrequency,30,evacuate,9416
100,42,NA,naturalFrequency,80,evacuate,2973
100,42,NA,naturalFrequency,40,stay,7768
10,42,NA,naturalFrequency,50,stay,12846
100,42,NA,naturalFrequency,10,stay,2657
100,42,NA,naturalFrequency,20,stay,1706
10,42,NA,naturalFrequency,60,evacuate,2509
100,42,NA,naturalFrequency,50,evacuate,2606
10,42,NA,naturalFrequency,10,stay,2565
10,42,NA,naturalFrequency,70,evacuate,1893
100,42,NA,naturalFrequency,60,evacuate,1947
100,42,Ordered,square,30,stay,9706
100,42,Ordered,square,100,evacuate,2484
100,42,Ordered,square,80,evacuate,2005
100,42,Ordered,square,20,stay,2256
100,42,Ordered,square,70,evacuate,1811
10,42,Ordered,square,50,evacuate,3679
10,42,Ordered,square,70,evacuate,1932
100,42,Ordered,square,50,stay,10604
100,42,Ordered,square,10,stay,3870
10,42,Ordered,square,60,evacuate,3352
10,42,Ordered,square,80,evacuate,1549
10,42,Ordered,square,90,evacuate,1718
10,42,Ordered,square,30,stay,2747
10,42,Ordered,square,40,stay,2883
10,42,Ordered,square,10,stay,2062
100,42,Ordered,square,60,evacuate,3127
100,42,Ordered,square,90,evacuate,1901
10,42,Ordered,square,20,stay,3282
100,42,Ordered,square,40,stay,3153
100,42,Ordered,house,30,stay,11067
100,42,Ordered,house,100,evacuate,2487
10,42,Ordered,house,90,evacuate,2716
10,42,Ordered,house,70,evacuate,2983
10,42,Ordered,house,50,evacuate,2726
100,42,Ordered,house,10,stay,2648
10,42,Ordered,house,60,evacuate,2679
100,42,Ordered,house,70,evacuate,2690
100,42,Ordered,house,40,evacuate,14411
10,42,Ordered,house,20,stay,2387
10,42,Ordered,house,40,evacuate,6841
100,42,Ordered,house,20,stay,2291
10,42,Ordered,house,10,stay,2620
100,42,Ordered,house,60,evacuate,5745
100,42,Ordered,house,80,evacuate,2731
10,42,Ordered,house,80,evacuate,2547
100,42,Ordered,house,50,evacuate,2399
10,42,Ordered,house,30,stay,3702
100,42,Ordered,house,90,evacuate,2613
10,42,Random,square,90,evacuate,3100
10,42,Random,square,70,evacuate,2529
100,42,Random,square,10,stay,2885
100,42,Random,square,70,evacuate,5069
100,42,Random,square,50,evacuate,2843
100,42,Random,square,40,stay,3858
100,42,Random,square,60,evacuate,1943
10,42,Random,square,100,evacuate,2000
10,42,Random,square,30,stay,2676
100,42,Random,square,30,stay,3138
10,42,Random,square,40,evacuate,8622
10,42,Random,square,50,evacuate,9131
10,42,Random,square,10,stay,3809
100,42,Random,square,80,evacuate,2530
10,42,Random,square,20,stay,3513
100,42,Random,square,90,evacuate,5231
10,42,Random,square,80,evacuate,2410
100,42,Random,square,20,stay,2335
10,42,Random,square,60,evacuate,3684
10,42,Random,house,60,evacuate,4802
10,42,Random,house,20,stay,2019
10,42,Random,house,90,evacuate,2393
10,42,Random,house,80,evacuate,2479
100,42,Random,house,60,evacuate,2787
10,42,Random,house,10,stay,2970
100,42,Random,house,10,stay,3457
100,42,Random,house,40,evacuate,8181
100,42,Random,house,20,evacuate,20465
100,42,Random,house,80,evacuate,1717
10,42,Random,house,40,evacuate,6398
100,42,Random,house,100,evacuate,2561
10,42,Random,house,50,evacuate,3846
100,42,Random,house,70,evacuate,2437
100,42,Random,house,30,stay,1764
100,42,Random,house,90,evacuate,1529
100,42,Random,house,50,stay,2102
10,42,Random,house,30,stay,2079
10,42,Random,house,70,evacuate,2703
100,43,NA,naturalFrequency,80,evacuate,3345
100,43,NA,naturalFrequency,10,stay,1817
10,43,NA,naturalFrequency,80,evacuate,1686
10,43,NA,naturalFrequency,0,stay,1305
100,43,NA,naturalFrequency,40,stay,1741
10,43,NA,naturalFrequency,50,evacuate,1337
10,43,NA,naturalFrequency,90,evacuate,1251
10,43,NA,naturalFrequency,60,evacuate,1066
10,43,NA,naturalFrequency,10,stay,1017
100,43,NA,naturalFrequency,70,evacuate,2405
100,43,NA,naturalFrequency,60,evacuate,958
10,43,NA,naturalFrequency,30,stay,1055
10,43,NA,naturalFrequency,20,stay,1000
100,43,NA,naturalFrequency,30,stay,1197
100,43,NA,naturalFrequency,90,evacuate,974
100,43,NA,naturalFrequency,20,stay,944
10,43,NA,naturalFrequency,70,evacuate,1323
100,43,NA,naturalFrequency,50,evacuate,1286
10,43,NA,naturalFrequency,40,stay,950
100,43,Ordered,square,20,stay,3998
10,43,Ordered,square,70,evacuate,1311
100,43,Ordered,square,50,evacuate,1420
100,43,Ordered,square,90,evacuate,782
10,43,Ordered,square,90,evacuate,1228
10,43,Ordered,square,100,evacuate,791
10,43,Ordered,square,20,stay,895
10,43,Ordered,square,80,evacuate,6727
10,43,Ordered,square,30,stay,1177
10,43,Ordered,square,10,stay,1134
100,43,Ordered,square,10,stay,1182
10,43,Ordered,square,50,evacuate,1234
100,43,Ordered,square,80,evacuate,1273
100,43,Ordered,square,40,stay,1579
100,43,Ordered,square,70,evacuate,1033
10,43,Ordered,square,60,evacuate,1574
100,43,Ordered,square,30,stay,1299
10,43,Ordered,square,40,stay,1623
100,43,Ordered,square,60,evacuate,1207
100,43,Ordered,house,60,evacuate,1577
10,43,Ordered,house,50,evacuate,1135
100,43,Ordered,house,70,evacuate,904
100,43,Ordered,house,0,evacuate,704
100,43,Ordered,house,10,evacuate,1169
10,43,Ordered,house,60,evacuate,1285
100,43,Ordered,house,30,stay,1600
10,43,Ordered,house,80,evacuate,1229
10,43,Ordered,house,30,stay,888
10,43,Ordered,house,40,stay,850
100,43,Ordered,house,20,stay,1099
10,43,Ordered,house,10,stay,989
10,43,Ordered,house,20,stay,1046
10,43,Ordered,house,90,evacuate,869
100,43,Ordered,house,50,evacuate,1187
100,43,Ordered,house,40,stay,987
100,43,Ordered,house,90,evacuate,896
100,43,Ordered,house,80,evacuate,821
10,43,Ordered,house,70,evacuate,1209
100,43,Random,square,60,evacuate,1648
100,43,Random,square,100,evacuate,760
100,43,Random,square,90,evacuate,1388
100,43,Random,square,80,evacuate,764
10,43,Random,square,50,evacuate,1360
100,43,Random,square,50,stay,1185
100,43,Random,square,20,stay,809
10,43,Random,square,80,evacuate,956
100,43,Random,square,10,stay,1704
10,43,Random,square,90,evacuate,1112
10,43,Random,square,60,evacuate,1318
10,43,Random,square,70,evacuate,814
100,43,Random,square,70,evacuate,1150
10,43,Random,square,20,stay,1451
10,43,Random,square,10,stay,831
10,43,Random,square,40,stay,1562
100,43,Random,square,40,evacuate,1161
100,43,Random,square,30,evacuate,818
10,43,Random,square,30,stay,1190
100,43,Random,house,40,stay,1345
10,43,Random,house,50,evacuate,1725
10,43,Random,house,30,stay,1706
10,43,Random,house,40,stay,832
100,43,Random,house,70,evacuate,1124
100,43,Random,house,50,evacuate,1564
10,43,Random,house,60,evacuate,1498
100,43,Random,house,30,stay,1054
10,43,Random,house,70,evacuate,959
100,43,Random,house,10,stay,1147
100,43,Random,house,90,evacuate,896
10,43,Random,house,90,evacuate,1392
10,43,Random,house,20,stay,1040
100,43,Random,house,60,evacuate,3223
100,43,Random,house,0,stay,1045
100,43,Random,house,80,evacuate,767
10,43,Random,house,10,stay,1205
100,43,Random,house,20,stay,1144
10,43,Random,house,80,evacuate,1056
100,44,NA,naturalFrequency,80,evacuate,7655
100,44,NA,naturalFrequency,60,evacuate,2884
100,44,NA,naturalFrequency,20,stay,1755
100,44,NA,naturalFrequency,70,evacuate,1837
100,44,NA,naturalFrequency,40,stay,2339
10,44,NA,naturalFrequency,100,stay,3656
10,44,NA,naturalFrequency,40,stay,1499
10,44,NA,naturalFrequency,60,stay,1340
10,44,NA,naturalFrequency,80,stay,1244
10,44,NA,naturalFrequency,30,stay,1169
100,44,NA,naturalFrequency,30,stay,1896
10,44,NA,naturalFrequency,90,stay,1372
100,44,NA,naturalFrequency,50,evacuate,1755
10,44,NA,naturalFrequency,50,stay,2157
100,44,NA,naturalFrequency,90,evacuate,1596
10,44,NA,naturalFrequency,10,stay,1552
100,44,NA,naturalFrequency,10,stay,1370
10,44,NA,naturalFrequency,70,stay,1470
10,44,NA,naturalFrequency,20,stay,1430
10,44,Ordered,square,70,evacuate,8720
10,44,Ordered,square,80,evacuate,1944
10,44,Ordered,square,40,stay,1787
100,44,Ordered,square,30,stay,1973
10,44,Ordered,square,60,evacuate,2334
100,44,Ordered,square,40,stay,2347
10,44,Ordered,square,90,evacuate,1813
100,44,Ordered,square,60,evacuate,2015
100,44,Ordered,square,70,evacuate,1828
100,44,Ordered,square,10,stay,1676
100,44,Ordered,square,80,evacuate,1801
10,44,Ordered,square,100,evacuate,1694
100,44,Ordered,square,20,stay,2029
100,44,Ordered,square,50,evacuate,1538
100,44,Ordered,square,90,evacuate,1477
10,44,Ordered,square,20,stay,2418
10,44,Ordered,square,30,stay,1514
10,44,Ordered,square,50,stay,1640
10,44,Ordered,square,10,stay,1227
100,44,Ordered,house,50,evacuate,6520
100,44,Ordered,house,30,stay,1881
10,44,Ordered,house,10,stay,1552
100,44,Ordered,house,20,stay,2484
100,44,Ordered,house,90,evacuate,1487
10,44,Ordered,house,30,stay,2730
10,44,Ordered,house,100,evacuate,1334
10,44,Ordered,house,50,stay,1652
10,44,Ordered,house,60,evacuate,1399
10,44,Ordered,house,40,stay,1362
100,44,Ordered,house,70,evacuate,2241
100,44,Ordered,house,80,evacuate,1176
100,44,Ordered,house,60,evacuate,3060
10,44,Ordered,house,90,evacuate,1833
100,44,Ordered,house,10,stay,1654
100,44,Ordered,house,40,stay,1645
10,44,Ordered,house,70,evacuate,1679
10,44,Ordered,house,80,evacuate,1557
10,44,Ordered,house,20,stay,1724
10,44,Random,square,60,evacuate,3426
10,44,Random,square,70,evacuate,1442
100,44,Random,square,50,evacuate,3472
100,44,Random,square,70,evacuate,1859
100,44,Random,square,20,stay,1363
10,44,Random,square,80,evacuate,1662
100,44,Random,square,40,stay,1553
100,44,Random,square,80,evacuate,1461
10,44,Random,square,10,stay,2332
10,44,Random,square,40,evacuate,3418
10,44,Random,square,20,stay,1976
100,44,Random,square,90,evacuate,1661
100,44,Random,square,10,stay,2221
10,44,Random,square,90,evacuate,2042
100,44,Random,square,100,evacuate,1820
10,44,Random,square,30,stay,3057
10,44,Random,square,50,evacuate,1319
100,44,Random,square,30,stay,1985
100,44,Random,square,60,evacuate,1846
10,44,Random,house,10,stay,2438
100,44,Random,house,60,evacuate,3100
100,44,Random,house,30,stay,1308
10,44,Random,house,90,evacuate,1649
10,44,Random,house,60,stay,1771
100,44,Random,house,70,evacuate,1505
10,44,Random,house,40,evacuate,1868
10,44,Random,house,80,evacuate,1586
100,44,Random,house,40,stay,2484
100,44,Random,house,80,evacuate,1648
100,44,Random,house,10,stay,2267
10,44,Random,house,20,stay,2227
10,44,Random,house,50,evacuate,1455
10,44,Random,house,30,stay,5592
100,44,Random,house,20,stay,2534
100,44,Random,house,50,evacuate,2867
10,44,Random,house,70,evacuate,3044
100,44,Random,house,90,evacuate,2211
10,44,Random,house,100,evacuate,5363
100,45,NA,naturalFrequency,100,evacuate,8982
100,45,NA,naturalFrequency,80,evacuate,4081
10,45,NA,naturalFrequency,80,evacuate,4250
10,45,NA,naturalFrequency,10,stay,2837
10,45,NA,naturalFrequency,90,evacuate,3281
100,45,NA,naturalFrequency,60,evacuate,10363
10,45,NA,naturalFrequency,50,stay,4615
100,45,NA,naturalFrequency,70,evacuate,2829
10,45,NA,naturalFrequency,70,evacuate,4332
10,45,NA,naturalFrequency,20,stay,3049
10,45,NA,naturalFrequency,60,evacuate,2248
100,45,NA,naturalFrequency,40,stay,2699
100,45,NA,naturalFrequency,30,stay,1982
100,45,NA,naturalFrequency,90,evacuate,2051
10,45,NA,naturalFrequency,40,evacuate,3132
100,45,NA,naturalFrequency,10,stay,4832
10,45,NA,naturalFrequency,30,stay,2300
100,45,NA,naturalFrequency,50,evacuate,8897
100,45,NA,naturalFrequency,20,stay,2319
100,45,Ordered,square,40,stay,12312
100,45,Ordered,square,20,stay,2482
100,45,Ordered,square,0,stay,6016
10,45,Ordered,square,80,evacuate,4681
10,45,Ordered,square,60,evacuate,6483
10,45,Ordered,square,30,stay,2213
10,45,Ordered,square,50,stay,4564
100,45,Ordered,square,90,evacuate,3113
10,45,Ordered,square,10,stay,1881
100,45,Ordered,square,70,evacuate,2279
100,45,Ordered,square,80,evacuate,1812
10,45,Ordered,square,90,evacuate,1980
100,45,Ordered,square,60,evacuate,2147
100,45,Ordered,square,10,stay,1827
100,45,Ordered,square,50,evacuate,3000
10,45,Ordered,square,20,stay,1782
100,45,Ordered,square,30,stay,1583
10,45,Ordered,square,70,evacuate,1749
10,45,Ordered,square,40,stay,1932
100,45,Ordered,house,20,stay,5558
100,45,Ordered,house,90,evacuate,3054
10,45,Ordered,house,20,stay,2597
100,45,Ordered,house,40,stay,2378
10,45,Ordered,house,80,evacuate,2165
10,45,Ordered,house,50,stay,2817
100,45,Ordered,house,70,evacuate,2161
100,45,Ordered,house,80,evacuate,1751
10,45,Ordered,house,90,evacuate,1898
100,45,Ordered,house,50,stay,2531
100,45,Ordered,house,30,stay,2251
100,45,Ordered,house,60,evacuate,2687
100,45,Ordered,house,10,stay,1675
10,45,Ordered,house,30,stay,2083
10,45,Ordered,house,10,stay,1502
10,45,Ordered,house,70,evacuate,2647
100,45,Ordered,house,0,stay,3263
10,45,Ordered,house,40,stay,1666
10,45,Ordered,house,60,evacuate,2016
100,45,Random,square,10,stay,8577
100,45,Random,square,50,evacuate,7960
100,45,Random,square,20,stay,1749
100,45,Random,square,40,stay,2267
100,45,Random,square,60,evacuate,2047
100,45,Random,square,90,evacuate,1748
10,45,Random,square,20,stay,2093
10,45,Random,square,60,evacuate,2749
100,45,Random,square,100,evacuate,1746
10,45,Random,square,90,evacuate,2433
10,45,Random,square,80,evacuate,1531
100,45,Random,square,30,stay,1982
10,45,Random,square,10,stay,1849
100,45,Random,square,80,evacuate,1668
10,45,Random,square,40,stay,2048
10,45,Random,square,30,stay,1683
10,45,Random,square,50,evacuate,6246
100,45,Random,square,70,evacuate,2082
10,45,Random,square,70,evacuate,2285
100,45,Random,house,30,stay,6708
100,45,Random,house,50,evacuate,5029
10,45,Random,house,80,evacuate,2234
10,45,Random,house,50,stay,7732
100,45,Random,house,60,evacuate,2664
100,45,Random,house,90,evacuate,1497
10,45,Random,house,60,evacuate,1784
10,45,Random,house,100,evacuate,1733
100,45,Random,house,80,evacuate,1896
10,45,Random,house,70,evacuate,2347
100,45,Random,house,40,stay,1927
10,45,Random,house,30,stay,2195
10,45,Random,house,40,stay,1683
10,45,Random,house,10,stay,1664
10,45,Random,house,90,evacuate,1652
100,45,Random,house,20,stay,2092
100,45,Random,house,70,evacuate,1579
10,45,Random,house,20,stay,1967
100,45,Random,house,10,stay,1778
10,46,NA,naturalFrequency,50,evacuate,7548
100,46,NA,naturalFrequency,90,evacuate,1714
100,46,NA,naturalFrequency,80,evacuate,1443
10,46,NA,naturalFrequency,30,stay,2406
100,46,NA,naturalFrequency,40,evacuate,1516
100,46,NA,naturalFrequency,10,stay,1676
100,46,NA,naturalFrequency,20,stay,2081
10,46,NA,naturalFrequency,20,stay,1452
10,46,NA,naturalFrequency,60,evacuate,1074
100,46,NA,naturalFrequency,70,evacuate,4626
10,46,NA,naturalFrequency,40,stay,1693
100,46,NA,naturalFrequency,60,evacuate,1176
10,46,NA,naturalFrequency,80,evacuate,1336
10,46,NA,naturalFrequency,90,evacuate,1092
100,46,NA,naturalFrequency,30,stay,1456
100,46,NA,naturalFrequency,50,evacuate,1440
10,46,NA,naturalFrequency,70,evacuate,1040
10,46,NA,naturalFrequency,10,stay,1371
10,46,NA,naturalFrequency,0,stay,1239
10,46,Ordered,square,40,evacuate,3630
100,46,Ordered,square,90,evacuate,1212
10,46,Ordered,square,60,evacuate,1753
100,46,Ordered,square,20,stay,1196
100,46,Ordered,square,60,evacuate,1264
10,46,Ordered,square,10,stay,1653
100,46,Ordered,square,0,stay,1306
10,46,Ordered,square,30,stay,1305
100,46,Ordered,square,40,stay,1284
100,46,Ordered,square,50,evacuate,1791
100,46,Ordered,square,70,evacuate,988
100,46,Ordered,square,80,evacuate,691
10,46,Ordered,square,90,evacuate,996
100,46,Ordered,square,10,stay,1053
10,46,Ordered,square,50,stay,1324
10,46,Ordered,square,20,stay,862
10,46,Ordered,square,80,evacuate,1075
10,46,Ordered,square,70,evacuate,4105
100,46,Ordered,square,30,stay,1375
100,46,Ordered,house,40,stay,7673
10,46,Ordered,house,70,evacuate,1489
100,46,Ordered,house,30,stay,1273
10,46,Ordered,house,40,stay,1420
100,46,Ordered,house,90,evacuate,1120
10,46,Ordered,house,50,evacuate,1167
100,46,Ordered,house,10,stay,1605
10,46,Ordered,house,30,stay,1002
100,46,Ordered,house,80,evacuate,1099
10,46,Ordered,house,80,evacuate,1124
100,46,Ordered,house,70,evacuate,3402
10,46,Ordered,house,100,evacuate,1430
100,46,Ordered,house,60,evacuate,1160
10,46,Ordered,house,10,stay,1071
10,46,Ordered,house,60,stay,1080
100,46,Ordered,house,20,evacuate,3006
10,46,Ordered,house,90,evacuate,933
10,46,Ordered,house,20,stay,1316
100,46,Ordered,house,50,evacuate,1194
10,46,Random,square,40,stay,3272
10,46,Random,square,70,evacuate,1798
100,46,Random,square,10,evacuate,1335
10,46,Random,square,20,evacuate,1893
100,46,Random,square,60,evacuate,1657
100,46,Random,square,0,evacuate,1002
100,46,Random,square,90,evacuate,1833
100,46,Random,square,40,stay,3370
100,46,Random,square,50,stay,1050
10,46,Random,square,50,evacuate,1124
100,46,Random,square,20,stay,2278
100,46,Random,square,80,evacuate,905
100,46,Random,square,70,evacuate,1144
10,46,Random,square,80,evacuate,2685
100,46,Random,square,30,stay,1393
10,46,Random,square,30,stay,1355
10,46,Random,square,10,stay,812
10,46,Random,square,90,evacuate,970
10,46,Random,square,60,evacuate,1239
10,46,Random,house,0,stay,4913
100,46,Random,house,50,stay,3717
100,46,Random,house,90,evacuate,1072
10,46,Random,house,90,evacuate,1124
100,46,Random,house,70,evacuate,1194
10,46,Random,house,30,stay,1580
10,46,Random,house,40,stay,793
100,46,Random,house,10,stay,1085
100,46,Random,house,40,evacuate,980
100,46,Random,house,80,evacuate,1223
10,46,Random,house,80,stay,1607
10,46,Random,house,70,evacuate,1563
10,46,Random,house,60,evacuate,1143
10,46,Random,house,10,evacuate,856
10,46,Random,house,50,evacuate,1255
100,46,Random,house,30,stay,1077
100,46,Random,house,60,evacuate,920
10,46,Random,house,20,stay,1474
100,46,Random,house,20,stay,1926
10,47,NA,naturalFrequency,30,evacuate,8084
10,47,NA,naturalFrequency,100,stay,8166
100,47,NA,naturalFrequency,40,stay,4166
10,47,NA,naturalFrequency,10,stay,2612
10,47,NA,naturalFrequency,70,evacuate,3284
100,47,NA,naturalFrequency,60,evacuate,2382
100,47,NA,naturalFrequency,10,stay,2127
100,47,NA,naturalFrequency,30,stay,1812
10,47,NA,naturalFrequency,60,evacuate,2546
100,47,NA,naturalFrequency,70,evacuate,2167
10,47,NA,naturalFrequency,40,stay,2051
10,47,NA,naturalFrequency,20,stay,2243
100,47,NA,naturalFrequency,80,evacuate,2316
10,47,NA,naturalFrequency,50,stay,2834
100,47,NA,naturalFrequency,90,evacuate,2199
10,47,NA,naturalFrequency,90,evacuate,2149
100,47,NA,naturalFrequency,20,stay,1992
100,47,NA,naturalFrequency,50,stay,2066
10,47,NA,naturalFrequency,80,evacuate,1665
100,47,Ordered,square,30,stay,6821
100,47,Ordered,square,40,evacuate,3207
10,47,Ordered,square,40,evacuate,3065
100,47,Ordered,square,70,evacuate,1849
10,47,Ordered,square,70,evacuate,2222
10,47,Ordered,square,20,stay,1440
10,47,Ordered,square,60,evacuate,1945
100,47,Ordered,square,60,evacuate,2050
100,47,Ordered,square,80,evacuate,1730
10,47,Ordered,square,90,evacuate,1832
100,47,Ordered,square,20,stay,1674
10,47,Ordered,square,30,stay,2801
100,47,Ordered,square,0,stay,2229
10,47,Ordered,square,50,stay,1826
10,47,Ordered,square,10,stay,1632
100,47,Ordered,square,10,stay,1929
100,47,Ordered,square,50,evacuate,2283
100,47,Ordered,square,90,evacuate,1522
10,47,Ordered,square,80,evacuate,1809
10,47,Ordered,house,10,stay,6088
10,47,Ordered,house,90,evacuate,1857
10,47,Ordered,house,60,stay,4146
100,47,Ordered,house,30,stay,1980
100,47,Ordered,house,70,evacuate,1754
100,47,Ordered,house,50,stay,1528
100,47,Ordered,house,80,evacuate,1702
10,47,Ordered,house,50,stay,2687
10,47,Ordered,house,20,stay,1550
100,47,Ordered,house,60,evacuate,1913
10,47,Ordered,house,70,evacuate,2050
100,47,Ordered,house,20,stay,1929
10,47,Ordered,house,80,evacuate,1982
10,47,Ordered,house,40,stay,2106
100,47,Ordered,house,40,stay,2023
10,47,Ordered,house,30,stay,1783
100,47,Ordered,house,100,evacuate,1895
100,47,Ordered,house,90,evacuate,1747
100,47,Ordered,house,10,stay,1578
10,47,Random,square,0,stay,2615
100,47,Random,square,50,evacuate,2515
10,47,Random,square,30,stay,1960
100,47,Random,square,10,stay,1740
10,47,Random,square,20,stay,1824
10,47,Random,square,80,evacuate,1577
100,47,Random,square,70,evacuate,1898
10,47,Random,square,10,stay,1689
10,47,Random,square,40,stay,2549
100,47,Random,square,60,evacuate,1787
100,47,Random,square,40,stay,2432
10,47,Random,square,70,evacuate,1684
10,47,Random,square,90,evacuate,1567
100,47,Random,square,90,evacuate,1774
10,47,Random,square,60,evacuate,1785
100,47,Random,square,20,stay,1584
100,47,Random,square,80,evacuate,1500
100,47,Random,square,30,stay,1417
10,47,Random,square,50,evacuate,5567
100,47,Random,house,80,evacuate,2702
10,47,Random,house,10,stay,2006
100,47,Random,house,90,evacuate,3187
10,47,Random,house,40,stay,1730
10,47,Random,house,0,stay,2149
10,47,Random,house,90,evacuate,1565
10,47,Random,house,30,evacuate,1824
100,47,Random,house,30,stay,2289
10,47,Random,house,60,evacuate,2260
100,47,Random,house,10,stay,1541
10,47,Random,house,20,evacuate,1581
100,47,Random,house,60,evacuate,1683
100,47,Random,house,20,stay,1488
100,47,Random,house,40,evacuate,1645
10,47,Random,house,80,evacuate,1684
100,47,Random,house,50,evacuate,1696
100,47,Random,house,70,evacuate,1459
10,47,Random,house,70,evacuate,1842
10,47,Random,house,50,evacuate,1565
10,48,NA,naturalFrequency,50,stay,5333
100,48,NA,naturalFrequency,10,stay,3351
10,48,NA,naturalFrequency,10,stay,3652
10,48,NA,naturalFrequency,90,evacuate,1776
10,48,NA,naturalFrequency,20,stay,1700
10,48,NA,naturalFrequency,30,stay,2004
100,48,NA,naturalFrequency,30,stay,4029
100,48,NA,naturalFrequency,90,evacuate,1251
100,48,NA,naturalFrequency,100,evacuate,1305
100,48,NA,naturalFrequency,20,stay,2108
100,48,NA,naturalFrequency,80,evacuate,1328
100,48,NA,naturalFrequency,40,stay,1368
10,48,NA,naturalFrequency,80,evacuate,1243
10,48,NA,naturalFrequency,70,evacuate,1133
100,48,NA,naturalFrequency,70,evacuate,2074
100,48,NA,naturalFrequency,50,stay,1263
10,48,NA,naturalFrequency,40,stay,2044
10,48,NA,naturalFrequency,60,evacuate,1184
100,48,NA,naturalFrequency,60,stay,3720
100,48,Ordered,square,50,stay,5397
10,48,Ordered,square,70,evacuate,3086
10,48,Ordered,square,30,stay,3797
100,48,Ordered,square,60,evacuate,1825
10,48,Ordered,square,60,evacuate,1587
100,48,Ordered,square,90,evacuate,1200
100,48,Ordered,square,80,evacuate,1405
100,48,Ordered,square,10,stay,1242
10,48,Ordered,square,20,stay,1608
10,48,Ordered,square,40,stay,963
100,48,Ordered,square,70,stay,1257
10,48,Ordered,square,10,stay,1692
100,48,Ordered,square,20,stay,1420
100,48,Ordered,square,40,stay,950
100,48,Ordered,square,0,stay,861
10,48,Ordered,square,50,stay,1462
100,48,Ordered,square,30,stay,1247
10,48,Ordered,square,90,evacuate,1327
10,48,Ordered,square,80,evacuate,964
100,48,Ordered,house,70,evacuate,2921
10,48,Ordered,house,30,stay,1726
10,48,Ordered,house,10,stay,1036
100,48,Ordered,house,50,stay,1193
100,48,Ordered,house,80,evacuate,1081
10,48,Ordered,house,90,evacuate,1393
100,48,Ordered,house,40,stay,1304
10,48,Ordered,house,20,stay,1164
100,48,Ordered,house,20,stay,1348
10,48,Ordered,house,70,evacuate,1186
100,48,Ordered,house,30,stay,1022
10,48,Ordered,house,60,stay,2542
10,48,Ordered,house,80,evacuate,984
10,48,Ordered,house,50,stay,1137
100,48,Ordered,house,90,evacuate,1350
10,48,Ordered,house,40,stay,1325
10,48,Ordered,house,100,evacuate,1050
100,48,Ordered,house,60,stay,1502
100,48,Ordered,house,10,stay,1741
100,48,Random,square,70,evacuate,1513
10,48,Random,square,50,stay,1427
10,48,Random,square,80,evacuate,906
100,48,Random,square,10,stay,1335
100,48,Random,square,50,evacuate,1065
10,48,Random,square,70,evacuate,1273
100,48,Random,square,90,evacuate,955
10,48,Random,square,20,stay,1294
10,48,Random,square,60,evacuate,2406
10,48,Random,square,30,stay,1126
10,48,Random,square,0,stay,950
100,48,Random,square,20,stay,1139
100,48,Random,square,30,stay,983
100,48,Random,square,80,evacuate,925
100,48,Random,square,40,stay,1288
10,48,Random,square,10,stay,1291
10,48,Random,square,90,evacuate,732
10,48,Random,square,40,stay,1084
100,48,Random,square,60,evacuate,1217
10,48,Random,house,90,evacuate,1383
100,48,Random,house,70,stay,2290
10,48,Random,house,50,stay,1456
100,48,Random,house,50,stay,2520
10,48,Random,house,60,stay,1578
100,48,Random,house,60,evacuate,1139
10,48,Random,house,80,evacuate,1141
100,48,Random,house,100,evacuate,1435
10,48,Random,house,20,stay,1209
100,48,Random,house,90,evacuate,1150
100,48,Random,house,40,stay,965
100,48,Random,house,30,stay,879
10,48,Random,house,10,stay,1318
100,48,Random,house,20,stay,1070
10,48,Random,house,30,stay,1290
10,48,Random,house,40,evacuate,962
100,48,Random,house,80,evacuate,1133
10,48,Random,house,70,evacuate,1114
100,48,Random,house,10,stay,984
100,49,NA,naturalFrequency,30,stay,15231
100,49,NA,naturalFrequency,60,evacuate,8984
10,49,NA,naturalFrequency,30,evacuate,7513
100,49,NA,naturalFrequency,50,stay,4433
100,49,NA,naturalFrequency,70,stay,4223
100,49,NA,naturalFrequency,20,stay,5905
100,49,NA,naturalFrequency,100,evacuate,3943
100,49,NA,naturalFrequency,90,evacuate,2728
10,49,NA,naturalFrequency,70,evacuate,6408
10,49,NA,naturalFrequency,90,evacuate,5142
10,49,NA,naturalFrequency,50,evacuate,5824
10,49,NA,naturalFrequency,40,stay,3833
10,49,NA,naturalFrequency,10,stay,2208
100,49,NA,naturalFrequency,80,evacuate,4393
100,49,NA,naturalFrequency,10,stay,5049
10,49,NA,naturalFrequency,60,evacuate,4798
10,49,NA,naturalFrequency,80,evacuate,4425
10,49,NA,naturalFrequency,20,stay,2720
100,49,NA,naturalFrequency,40,stay,3137
100,49,Ordered,square,40,stay,8254
100,49,Ordered,square,60,evacuate,1755
100,49,Ordered,square,100,evacuate,1887
10,49,Ordered,square,90,evacuate,2070
10,49,Ordered,square,80,evacuate,2360
10,49,Ordered,square,50,stay,2159
10,49,Ordered,square,10,stay,1767
10,49,Ordered,square,70,evacuate,2184
100,49,Ordered,square,50,stay,2051
100,49,Ordered,square,30,stay,2039
10,49,Ordered,square,40,stay,1814
10,49,Ordered,square,30,stay,1202
100,49,Ordered,square,10,stay,2175
10,49,Ordered,square,60,evacuate,2336
100,49,Ordered,square,70,evacuate,1654
100,49,Ordered,square,90,evacuate,2581
100,49,Ordered,square,20,stay,1940
100,49,Ordered,square,80,evacuate,2014
10,49,Ordered,square,20,stay,2296
100,49,Ordered,house,70,evacuate,2903
100,49,Ordered,house,40,stay,3526
10,49,Ordered,house,50,stay,2492
10,49,Ordered,house,10,stay,2221
10,49,Ordered,house,40,stay,1639
100,49,Ordered,house,20,stay,2352
100,49,Ordered,house,90,evacuate,1531
10,49,Ordered,house,90,evacuate,1772
10,49,Ordered,house,100,evacuate,1637
100,49,Ordered,house,60,evacuate,2184
100,49,Ordered,house,50,stay,4421
10,49,Ordered,house,70,evacuate,1646
10,49,Ordered,house,80,evacuate,2365
10,49,Ordered,house,60,evacuate,1564
100,49,Ordered,house,30,stay,2226
100,49,Ordered,house,10,stay,1526
10,49,Ordered,house,30,stay,2525
10,49,Ordered,house,20,stay,1553
100,49,Ordered,house,80,evacuate,1705
100,49,Random,square,90,evacuate,2470
100,49,Random,square,20,stay,1967
10,49,Random,square,80,evacuate,2118
10,49,Random,square,10,stay,1645
10,49,Random,square,50,stay,4711
10,49,Random,square,60,evacuate,1543
100,49,Random,square,50,evacuate,9791
10,49,Random,square,30,stay,2975
100,49,Random,square,10,stay,2071
100,49,Random,square,80,evacuate,1600
100,49,Random,square,0,stay,1606
10,49,Random,square,40,stay,4208
10,49,Random,square,90,evacuate,1608
100,49,Random,square,60,stay,3319
100,49,Random,square,70,evacuate,1897
10,49,Random,square,70,evacuate,2016
100,49,Random,square,30,stay,1998
10,49,Random,square,20,stay,1729
100,49,Random,square,40,stay,2046
10,49,Random,house,90,evacuate,4174
100,49,Random,house,30,stay,2427
100,49,Random,house,20,stay,1773
100,49,Random,house,10,stay,1326
10,49,Random,house,20,stay,2226
10,49,Random,house,60,evacuate,2958
10,49,Random,house,50,stay,3444
10,49,Random,house,80,evacuate,2174
10,49,Random,house,30,stay,1836
10,49,Random,house,70,evacuate,2304
100,49,Random,house,60,stay,2167
10,49,Random,house,40,stay,2157
100,49,Random,house,70,evacuate,1924
10,49,Random,house,10,stay,1882
10,49,Random,house,100,evacuate,3140
100,49,Random,house,90,evacuate,2487
100,49,Random,house,40,stay,1740
100,49,Random,house,80,evacuate,2288
100,49,Random,house,50,stay,3263
100,50,NA,naturalFrequency,20,stay,5053
100,50,NA,naturalFrequency,40,stay,1331
10,50,NA,naturalFrequency,20,stay,1414
10,50,NA,naturalFrequency,30,stay,881
10,50,NA,naturalFrequency,50,stay,1533
10,50,NA,naturalFrequency,40,stay,957
100,50,NA,naturalFrequency,70,evacuate,1489
10,50,NA,naturalFrequency,90,evacuate,1036
100,50,NA,naturalFrequency,30,stay,1059
10,50,NA,naturalFrequency,70,evacuate,3664
10,50,NA,naturalFrequency,60,stay,1260
10,50,NA,naturalFrequency,0,stay,1341
100,50,NA,naturalFrequency,10,stay,1939
10,50,NA,naturalFrequency,80,evacuate,1212
100,50,NA,naturalFrequency,60,evacuate,1380
100,50,NA,naturalFrequency,50,stay,1045
100,50,NA,naturalFrequency,90,evacuate,1304
10,50,NA,naturalFrequency,10,stay,1436
100,50,NA,naturalFrequency,80,evacuate,1041
10,50,Ordered,square,30,stay,2944
100,50,Ordered,square,90,evacuate,1423
10,50,Ordered,square,100,evacuate,1164
10,50,Ordered,square,60,stay,3654
100,50,Ordered,square,20,stay,1233
10,50,Ordered,square,10,stay,1498
10,50,Ordered,square,90,evacuate,1273
100,50,Ordered,square,70,evacuate,1229
100,50,Ordered,square,30,stay,945
10,50,Ordered,square,40,stay,1286
100,50,Ordered,square,80,evacuate,1526
100,50,Ordered,square,40,stay,1064
10,50,Ordered,square,80,evacuate,1133
100,50,Ordered,square,10,stay,1309
100,50,Ordered,square,50,stay,1537
100,50,Ordered,square,60,evacuate,969
10,50,Ordered,square,70,evacuate,1117
10,50,Ordered,square,20,stay,972
10,50,Ordered,square,50,evacuate,1115
100,50,Ordered,house,0,stay,4546
100,50,Ordered,house,50,evacuate,2967
10,50,Ordered,house,60,evacuate,1319
10,50,Ordered,house,90,evacuate,1225
100,50,Ordered,house,30,stay,1190
10,50,Ordered,house,10,stay,1154
100,50,Ordered,house,70,evacuate,1220
10,50,Ordered,house,20,stay,1212
100,50,Ordered,house,60,evacuate,1137
100,50,Ordered,house,10,stay,1292
10,50,Ordered,house,70,evacuate,1322
100,50,Ordered,house,90,evacuate,1207
10,50,Ordered,house,40,stay,1450
100,50,Ordered,house,20,stay,48455
10,50,Ordered,house,80,evacuate,6813
100,50,Ordered,house,40,stay,1497
10,50,Ordered,house,30,stay,1126
100,50,Ordered,house,80,evacuate,1325
10,50,Ordered,house,50,evacuate,1220
10,50,Random,square,90,evacuate,1601
100,50,Random,square,80,evacuate,1282
100,50,Random,square,20,stay,923
10,50,Random,square,60,evacuate,1466
100,50,Random,square,60,evacuate,1503
100,50,Random,square,50,stay,1093
10,50,Random,square,40,stay,2179
10,50,Random,square,80,evacuate,877
100,50,Random,square,90,evacuate,922
100,50,Random,square,0,stay,984
100,50,Random,square,30,stay,956
10,50,Random,square,20,stay,1203
10,50,Random,square,50,evacuate,1086
100,50,Random,square,70,evacuate,1295
10,50,Random,square,70,evacuate,945
10,50,Random,square,30,stay,1112
100,50,Random,square,10,stay,1090
10,50,Random,square,10,stay,1020
100,50,Random,square,40,evacuate,1609
100,50,Random,house,90,evacuate,1867
100,50,Random,house,10,stay,856
10,50,Random,house,70,evacuate,1081
100,50,Random,house,80,evacuate,916
10,50,Random,house,80,evacuate,934
10,50,Random,house,50,evacuate,2320
100,50,Random,house,70,evacuate,1029
100,50,Random,house,30,stay,1154
100,50,Random,house,20,stay,1010
100,50,Random,house,60,evacuate,821
10,50,Random,house,10,stay,1058
10,50,Random,house,20,stay,1656
10,50,Random,house,30,stay,807
10,50,Random,house,40,stay,914
100,50,Random,house,40,stay,1292
100,50,Random,house,50,evacuate,1218
10,50,Random,house,60,evacuate,1313
10,50,Random,house,90,evacuate,773
10,50,Random,house,0,stay,895
100,51,NA,naturalFrequency,20,stay,3047
100,51,NA,naturalFrequency,50,evacuate,1080
10,51,NA,naturalFrequency,30,stay,3576
10,51,NA,naturalFrequency,0,stay,1936
10,51,NA,naturalFrequency,90,evacuate,865
10,51,NA,naturalFrequency,80,evacuate,896
100,51,NA,naturalFrequency,90,evacuate,1720
10,51,NA,naturalFrequency,40,stay,2928
100,51,NA,naturalFrequency,60,evacuate,968
10,51,NA,naturalFrequency,10,stay,1096
100,51,NA,naturalFrequency,40,stay,2576
10,51,NA,naturalFrequency,60,evacuate,1336
10,51,NA,naturalFrequency,50,evacuate,1136
100,51,NA,naturalFrequency,70,evacuate,1361
100,51,NA,naturalFrequency,30,stay,776
10,51,NA,naturalFrequency,70,evacuate,824
10,51,NA,naturalFrequency,20,stay,1192
100,51,NA,naturalFrequency,80,evacuate,1528
100,51,NA,naturalFrequency,10,evacuate,816
100,51,Ordered,square,100,stay,5606
10,51,Ordered,square,70,evacuate,5576
10,51,Ordered,square,40,evacuate,3552
100,51,Ordered,square,30,stay,2687
100,51,Ordered,square,40,evacuate,1664
10,51,Ordered,square,50,evacuate,1472
10,51,Ordered,square,60,evacuate,1760
100,51,Ordered,square,80,stay,1096
100,51,Ordered,square,70,stay,1103
100,51,Ordered,square,90,stay,975
100,51,Ordered,square,20,evacuate,1784
10,51,Ordered,square,90,stay,3392
10,51,Ordered,square,20,stay,1816
10,51,Ordered,square,80,evacuate,1984
100,51,Ordered,square,10,stay,1311
100,51,Ordered,square,60,evacuate,1376
100,51,Ordered,square,50,evacuate,1513
10,51,Ordered,square,30,stay,1496
10,51,Ordered,square,10,stay,1552
10,51,Ordered,house,30,stay,3230
100,51,Ordered,house,20,stay,1366
100,51,Ordered,house,10,stay,1053
10,51,Ordered,house,60,evacuate,1431
10,51,Ordered,house,100,evacuate,719
100,51,Ordered,house,50,evacuate,1758
10,51,Ordered,house,40,evacuate,1264
100,51,Ordered,house,30,stay,1903
10,51,Ordered,house,50,evacuate,1192
10,51,Ordered,house,20,stay,1095
100,51,Ordered,house,90,evacuate,1126
10,51,Ordered,house,10,stay,1047
10,51,Ordered,house,90,evacuate,952
100,51,Ordered,house,40,evacuate,1360
100,51,Ordered,house,70,evacuate,926
10,51,Ordered,house,70,evacuate,1081
10,51,Ordered,house,80,evacuate,927
100,51,Ordered,house,80,evacuate,893
100,51,Ordered,house,60,evacuate,1005
10,51,Random,square,80,stay,4103
100,51,Random,square,50,evacuate,1183
100,51,Random,square,60,stay,1849
100,51,Random,square,70,stay,1399
10,51,Random,square,60,stay,3824
100,51,Random,square,10,evacuate,1856
10,51,Random,square,10,stay,4432
10,51,Random,square,30,stay,1143
10,51,Random,square,0,stay,960
10,51,Random,square,50,evacuate,1184
100,51,Random,square,40,evacuate,1288
10,51,Random,square,20,stay,2952
10,51,Random,square,40,evacuate,3280
100,51,Random,square,30,evacuate,1489
10,51,Random,square,70,evacuate,1264
10,51,Random,square,90,stay,4960
100,51,Random,square,20,evacuate,1575
100,51,Random,square,90,evacuate,1015
100,51,Random,square,80,evacuate,864
10,51,Random,house,10,stay,4728
100,51,Random,house,0,evacuate,2293
10,51,Random,house,90,evacuate,3607
10,51,Random,house,80,evacuate,1143
100,51,Random,house,90,evacuate,1175
100,51,Random,house,10,stay,1685
100,51,Random,house,20,stay,981
10,51,Random,house,70,evacuate,1720
10,51,Random,house,50,evacuate,1239
100,51,Random,house,70,evacuate,1109
10,51,Random,house,20,stay,1239
10,51,Random,house,40,evacuate,831
100,51,Random,house,40,evacuate,1045
100,51,Random,house,50,evacuate,2990
100,51,Random,house,60,evacuate,1303
100,51,Random,house,30,evacuate,1213
10,51,Random,house,30,stay,2103
10,51,Random,house,60,evacuate,911
100,51,Random,house,80,evacuate,1174
100,52,NA,naturalFrequency,50,evacuate,4346
10,52,NA,naturalFrequency,90,evacuate,3914
10,52,NA,naturalFrequency,40,stay,4130
10,52,NA,naturalFrequency,20,stay,1929
100,52,NA,naturalFrequency,40,evacuate,1958
10,52,NA,naturalFrequency,60,evacuate,3220
10,52,NA,naturalFrequency,80,evacuate,1746
100,52,NA,naturalFrequency,60,evacuate,1829
10,52,NA,naturalFrequency,30,stay,1694
10,52,NA,naturalFrequency,50,evacuate,1586
100,52,NA,naturalFrequency,10,stay,4600
100,52,NA,naturalFrequency,90,evacuate,2332
100,52,NA,naturalFrequency,20,stay,2345
100,52,NA,naturalFrequency,0,stay,2242
10,52,NA,naturalFrequency,10,stay,2547
100,52,NA,naturalFrequency,70,evacuate,1672
10,52,NA,naturalFrequency,70,evacuate,1416
100,52,NA,naturalFrequency,30,stay,3072
100,52,NA,naturalFrequency,80,evacuate,1866
10,52,Ordered,square,40,stay,8866
10,52,Ordered,square,80,evacuate,1452
100,52,Ordered,square,40,stay,2095
100,52,Ordered,square,90,stay,2765
10,52,Ordered,square,0,stay,3426
100,52,Ordered,square,70,evacuate,2204
10,52,Ordered,square,70,evacuate,13743
10,52,Ordered,square,90,stay,1752
10,52,Ordered,square,20,stay,2172
10,52,Ordered,square,60,evacuate,1966
10,52,Ordered,square,30,stay,4682
10,52,Ordered,square,10,stay,1503
100,52,Ordered,square,10,stay,2309
100,52,Ordered,square,50,stay,2228
10,52,Ordered,square,50,evacuate,2664
100,52,Ordered,square,80,evacuate,1770
100,52,Ordered,square,30,stay,1470
100,52,Ordered,square,20,stay,1973
100,52,Ordered,square,60,evacuate,2137
10,52,Ordered,house,20,stay,3702
100,52,Ordered,house,70,evacuate,1544
10,52,Ordered,house,100,evacuate,1465
10,52,Ordered,house,90,evacuate,1680
100,52,Ordered,house,10,stay,2410
100,52,Ordered,house,60,evacuate,1596
100,52,Ordered,house,50,evacuate,2654
100,52,Ordered,house,20,stay,2176
10,52,Ordered,house,30,stay,1731
100,52,Ordered,house,30,stay,1648
10,52,Ordered,house,60,evacuate,1623
10,52,Ordered,house,10,stay,1225
100,52,Ordered,house,80,evacuate,1300
100,52,Ordered,house,40,stay,1436
10,52,Ordered,house,70,evacuate,1622
100,52,Ordered,house,90,evacuate,1231
10,52,Ordered,house,40,evacuate,2534
10,52,Ordered,house,80,evacuate,1551
10,52,Ordered,house,50,evacuate,1540
10,52,Random,square,20,stay,5195
10,52,Random,square,30,stay,1854
100,52,Random,square,10,stay,2720
100,52,Random,square,60,evacuate,1457
10,52,Random,square,90,evacuate,1930
100,52,Random,square,90,evacuate,1722
100,52,Random,square,20,stay,1696
100,52,Random,square,70,evacuate,1050
100,52,Random,square,0,stay,2170
10,52,Random,square,70,evacuate,1672
10,52,Random,square,10,stay,1772
10,52,Random,square,50,evacuate,1282
100,52,Random,square,30,stay,1396
10,52,Random,square,60,evacuate,1454
100,52,Random,square,80,evacuate,1586
100,52,Random,square,50,evacuate,2348
10,52,Random,square,80,evacuate,1461
10,52,Random,square,40,evacuate,2076
100,52,Random,square,40,evacuate,1870
10,52,Random,house,90,evacuate,1483
10,52,Random,house,80,evacuate,1969
100,52,Random,house,70,evacuate,1872
100,52,Random,house,80,evacuate,1222
10,52,Random,house,60,evacuate,1365
100,52,Random,house,20,stay,1873
100,52,Random,house,90,evacuate,1030
100,52,Random,house,50,stay,3720
10,52,Random,house,70,evacuate,2299
100,52,Random,house,30,stay,1714
10,52,Random,house,30,stay,2176
10,52,Random,house,0,stay,1241
100,52,Random,house,10,stay,1996
10,52,Random,house,20,stay,1312
100,52,Random,house,40,stay,2289
10,52,Random,house,50,evacuate,2001
10,52,Random,house,40,evacuate,3546
100,52,Random,house,60,evacuate,2283
10,52,Random,house,10,stay,1256
100,53,NA,naturalFrequency,90,evacuate,24754
10,53,NA,naturalFrequency,10,stay,5686
10,53,NA,naturalFrequency,90,evacuate,2392
100,53,NA,naturalFrequency,40,evacuate,6310
10,53,NA,naturalFrequency,50,stay,2792
10,53,NA,naturalFrequency,70,evacuate,1797
10,53,NA,naturalFrequency,80,evacuate,1779
100,53,NA,naturalFrequency,0,stay,1434
10,53,NA,naturalFrequency,60,evacuate,2066
100,53,NA,naturalFrequency,10,stay,2175
100,53,NA,naturalFrequency,80,evacuate,1708
100,53,NA,naturalFrequency,20,evacuate,3286
10,53,NA,naturalFrequency,30,stay,1794
100,53,NA,naturalFrequency,70,evacuate,1210
100,53,NA,naturalFrequency,50,evacuate,1227
10,53,NA,naturalFrequency,40,stay,2479
100,53,NA,naturalFrequency,60,evacuate,1192
100,53,NA,naturalFrequency,30,stay,1428
10,53,NA,naturalFrequency,20,stay,1440
100,53,Ordered,square,10,stay,6001
100,53,Ordered,square,40,stay,2807
10,53,Ordered,square,90,evacuate,2008
10,53,Ordered,square,20,stay,1463
100,53,Ordered,square,80,evacuate,1335
10,53,Ordered,square,40,stay,2674
10,53,Ordered,square,50,evacuate,2423
10,53,Ordered,square,70,evacuate,1706
10,53,Ordered,square,30,stay,1252
100,53,Ordered,square,100,evacuate,1323
100,53,Ordered,square,70,evacuate,2307
10,53,Ordered,square,10,stay,1587
100,53,Ordered,square,50,evacuate,1782
100,53,Ordered,square,20,stay,3111
100,53,Ordered,square,30,stay,1166
100,53,Ordered,square,60,evacuate,1094
10,53,Ordered,square,80,evacuate,1479
100,53,Ordered,square,90,evacuate,3506
10,53,Ordered,square,60,evacuate,1915
10,53,Ordered,house,90,evacuate,2620
10,53,Ordered,house,80,evacuate,1023
10,53,Ordered,house,10,stay,1084
10,53,Ordered,house,50,stay,2667
100,53,Ordered,house,40,stay,2228
100,53,Ordered,house,60,evacuate,1035
10,53,Ordered,house,20,stay,1476
100,53,Ordered,house,80,evacuate,1185
10,53,Ordered,house,30,stay,2591
10,53,Ordered,house,40,evacuate,1080
100,53,Ordered,house,20,stay,4023
100,53,Ordered,house,10,stay,997
100,53,Ordered,house,50,evacuate,1613
100,53,Ordered,house,30,stay,1211
100,53,Ordered,house,90,evacuate,1120
10,53,Ordered,house,60,evacuate,1398
100,53,Ordered,house,0,stay,3566
100,53,Ordered,house,70,evacuate,1849
10,53,Ordered,house,70,evacuate,1191
10,53,Random,square,70,evacuate,1839
100,53,Random,square,90,evacuate,1286
100,53,Random,square,50,evacuate,1494
10,53,Random,square,20,stay,1560
10,53,Random,square,30,stay,1283
100,53,Random,square,70,evacuate,1333
10,53,Random,square,60,evacuate,3323
100,53,Random,square,40,stay,2790
100,53,Random,square,80,evacuate,1804
100,53,Random,square,30,evacuate,878
10,53,Random,square,0,stay,1357
100,53,Random,square,20,stay,1211
10,53,Random,square,10,stay,984
10,53,Random,square,40,stay,876
10,53,Random,square,50,stay,1876
100,53,Random,square,10,stay,1730
10,53,Random,square,90,evacuate,1281
100,53,Random,square,60,evacuate,1832
10,53,Random,square,80,evacuate,1576
10,53,Random,house,80,evacuate,4268
10,53,Random,house,20,stay,2761
100,53,Random,house,10,stay,1704
100,53,Random,house,0,stay,755
10,53,Random,house,40,stay,1871
100,53,Random,house,20,stay,1787
10,53,Random,house,70,evacuate,1190
100,53,Random,house,80,evacuate,3407
100,53,Random,house,40,evacuate,5380
100,53,Random,house,60,stay,2235
10,53,Random,house,50,evacuate,3805
10,53,Random,house,60,evacuate,1394
10,53,Random,house,30,stay,1708
100,53,Random,house,30,stay,1949
10,53,Random,house,10,evacuate,1774
10,53,Random,house,90,evacuate,1701
100,53,Random,house,70,evacuate,1547
100,53,Random,house,50,stay,1454
100,53,Random,house,90,evacuate,1111
100,54,NA,naturalFrequency,70,evacuate,8323
100,54,NA,naturalFrequency,40,stay,2660
100,54,NA,naturalFrequency,20,stay,2368
10,54,NA,naturalFrequency,70,evacuate,2100
10,54,NA,naturalFrequency,10,stay,2168
100,54,NA,naturalFrequency,80,evacuate,2180
100,54,NA,naturalFrequency,30,stay,2636
100,54,NA,naturalFrequency,0,stay,7163
100,54,NA,naturalFrequency,50,evacuate,3292
10,54,NA,naturalFrequency,60,evacuate,1804
10,54,NA,naturalFrequency,20,stay,1492
10,54,NA,naturalFrequency,80,evacuate,4944
10,54,NA,naturalFrequency,90,evacuate,1711
100,54,NA,naturalFrequency,90,evacuate,3292
10,54,NA,naturalFrequency,40,stay,1892
100,54,NA,naturalFrequency,10,stay,2120
100,54,NA,naturalFrequency,60,evacuate,3404
10,54,NA,naturalFrequency,30,stay,1685
10,54,NA,naturalFrequency,50,evacuate,4195
100,54,Ordered,square,40,stay,6747
10,54,Ordered,square,70,evacuate,6548
100,54,Ordered,square,80,evacuate,2091
100,54,Ordered,square,20,stay,2548
10,54,Ordered,square,30,stay,2916
10,54,Ordered,square,0,stay,7996
10,54,Ordered,square,10,stay,1488
10,54,Ordered,square,90,evacuate,1408
100,54,Ordered,square,70,evacuate,5343
10,54,Ordered,square,40,stay,1824
100,54,Ordered,square,60,evacuate,3132
10,54,Ordered,square,50,evacuate,2084
10,54,Ordered,square,80,evacuate,3428
100,54,Ordered,square,10,stay,1523
100,54,Ordered,square,90,evacuate,1344
10,54,Ordered,square,60,evacuate,3276
100,54,Ordered,square,30,stay,1407
100,54,Ordered,square,50,evacuate,3091
10,54,Ordered,square,20,stay,8771
100,54,Ordered,house,10,stay,5951
10,54,Ordered,house,70,evacuate,1715
10,54,Ordered,house,40,stay,1491
10,54,Ordered,house,80,evacuate,1624
100,54,Ordered,house,60,evacuate,2866
10,54,Ordered,house,20,stay,1620
10,54,Ordered,house,10,stay,1316
100,54,Ordered,house,40,stay,7330
10,54,Ordered,house,50,evacuate,1525
100,54,Ordered,house,80,evacuate,1538
10,54,Ordered,house,90,evacuate,3700
100,54,Ordered,house,70,evacuate,2362
100,54,Ordered,house,90,evacuate,1770
100,54,Ordered,house,0,stay,3558
100,54,Ordered,house,30,stay,1710
100,54,Ordered,house,50,evacuate,2426
100,54,Ordered,house,20,stay,1410
10,54,Ordered,house,30,stay,4103
10,54,Ordered,house,60,evacuate,1859
100,54,Random,square,70,evacuate,3418
10,54,Random,square,70,evacuate,1747
10,54,Random,square,50,stay,2731
10,54,Random,square,80,evacuate,1719
10,54,Random,square,10,stay,7775
10,54,Random,square,0,stay,1975
10,54,Random,square,90,evacuate,1648
100,54,Random,square,10,stay,1647
100,54,Random,square,90,evacuate,1295
100,54,Random,square,20,stay,1683
10,54,Random,square,60,evacuate,6292
100,54,Random,square,40,stay,8467
10,54,Random,square,20,stay,1539
100,54,Random,square,30,stay,2100
100,54,Random,square,60,evacuate,1315
100,54,Random,square,50,evacuate,1359
10,54,Random,square,40,evacuate,2156
100,54,Random,square,80,evacuate,1939
10,54,Random,square,30,stay,1507
100,54,Random,house,10,stay,2576
100,54,Random,house,20,stay,1953
10,54,Random,house,70,evacuate,2595
10,54,Random,house,20,stay,1375
10,54,Random,house,50,evacuate,5379
100,54,Random,house,50,evacuate,6246
100,54,Random,house,70,evacuate,1614
10,54,Random,house,60,evacuate,3659
100,54,Random,house,60,evacuate,1762
100,54,Random,house,100,evacuate,3574
10,54,Random,house,80,evacuate,3803
100,54,Random,house,90,evacuate,1677
100,54,Random,house,40,stay,8866
10,54,Random,house,10,stay,2299
10,54,Random,house,90,evacuate,1299
100,54,Random,house,30,stay,1431
10,54,Random,house,40,stay,2046
10,54,Random,house,30,stay,1327
100,54,Random,house,80,evacuate,1562
100,55,NA,naturalFrequency,10,stay,5128
100,55,NA,naturalFrequency,100,evacuate,1876
100,55,NA,naturalFrequency,40,evacuate,2606
10,55,NA,naturalFrequency,80,evacuate,2222
100,55,NA,naturalFrequency,70,evacuate,1364
10,55,NA,naturalFrequency,90,evacuate,1040
10,55,NA,naturalFrequency,20,stay,7581
10,55,NA,naturalFrequency,50,evacuate,1682
100,55,NA,naturalFrequency,20,stay,1858
100,55,NA,naturalFrequency,60,evacuate,1544
100,55,NA,naturalFrequency,80,evacuate,1650
100,55,NA,naturalFrequency,90,evacuate,1797
10,55,NA,naturalFrequency,60,evacuate,1242
100,55,NA,naturalFrequency,50,evacuate,1473
100,55,NA,naturalFrequency,30,stay,2398
10,55,NA,naturalFrequency,70,evacuate,1164
10,55,NA,naturalFrequency,40,stay,1996
10,55,NA,naturalFrequency,10,stay,1288
10,55,NA,naturalFrequency,30,stay,908
10,55,Ordered,square,60,evacuate,8376
100,55,Ordered,square,10,stay,2560
10,55,Ordered,square,50,evacuate,2021
10,55,Ordered,square,0,stay,1458
100,55,Ordered,square,60,evacuate,1280
100,55,Ordered,square,50,evacuate,1280
10,55,Ordered,square,10,stay,1526
10,55,Ordered,square,70,evacuate,1104
100,55,Ordered,square,80,evacuate,1410
10,55,Ordered,square,30,stay,1472
100,55,Ordered,square,70,evacuate,1420
100,55,Ordered,square,40,evacuate,926
100,55,Ordered,square,30,stay,1974
10,55,Ordered,square,80,evacuate,1425
100,55,Ordered,square,20,stay,1936
10,55,Ordered,square,90,evacuate,1595
100,55,Ordered,square,90,evacuate,1250
10,55,Ordered,square,40,stay,1914
10,55,Ordered,square,20,stay,1318
100,55,Ordered,house,60,evacuate,3753
10,55,Ordered,house,30,stay,1898
100,55,Ordered,house,0,stay,2274
100,55,Ordered,house,30,stay,2249
10,55,Ordered,house,70,evacuate,21873
10,55,Ordered,house,40,stay,1471
10,55,Ordered,house,10,stay,909
100,55,Ordered,house,50,evacuate,2641
100,55,Ordered,house,20,stay,1339
10,55,Ordered,house,50,evacuate,1674
10,55,Ordered,house,80,evacuate,2127
100,55,Ordered,house,90,evacuate,1154
10,55,Ordered,house,60,evacuate,955
10,55,Ordered,house,20,stay,2150
100,55,Ordered,house,10,stay,1515
10,55,Ordered,house,90,evacuate,1812
100,55,Ordered,house,80,evacuate,1494
100,55,Ordered,house,70,evacuate,1247
100,55,Ordered,house,40,stay,1332
10,55,Random,square,20,stay,2028
10,55,Random,square,30,stay,1063
100,55,Random,square,40,evacuate,2635
100,55,Random,square,10,stay,1727
100,55,Random,square,80,evacuate,1125
100,55,Random,square,50,evacuate,1185
100,55,Random,square,60,evacuate,1201
10,55,Random,square,40,stay,2036
10,55,Random,square,10,stay,1133
10,55,Random,square,70,evacuate,2011
10,55,Random,square,80,evacuate,1034
10,55,Random,square,90,evacuate,1427
100,55,Random,square,100,evacuate,1633
100,55,Random,square,20,stay,1402
100,55,Random,square,30,stay,1071
100,55,Random,square,70,evacuate,1196
10,55,Random,square,60,evacuate,1787
10,55,Random,square,50,evacuate,1296
100,55,Random,square,90,evacuate,1457
10,55,Random,house,30,stay,3083
100,55,Random,house,10,stay,1301
10,55,Random,house,50,evacuate,3423
100,55,Random,house,70,evacuate,1756
100,55,Random,house,50,evacuate,1917
10,55,Random,house,40,stay,2213
100,55,Random,house,80,evacuate,1716
10,55,Random,house,80,evacuate,1156
100,55,Random,house,60,evacuate,1494
10,55,Random,house,10,stay,1325
100,55,Random,house,30,stay,2171
100,55,Random,house,20,stay,967
100,55,Random,house,90,evacuate,1593
100,55,Random,house,40,evacuate,2211
10,55,Random,house,70,evacuate,2243
10,55,Random,house,60,evacuate,1905
10,55,Random,house,100,evacuate,801
10,55,Random,house,90,evacuate,716
10,55,Random,house,20,stay,1239
10,56,NA,naturalFrequency,10,stay,8200
10,56,NA,naturalFrequency,30,stay,3078
10,56,NA,naturalFrequency,70,evacuate,2854
100,56,NA,naturalFrequency,50,stay,4589
100,56,NA,naturalFrequency,10,stay,2395
100,56,NA,naturalFrequency,20,stay,1881
100,56,NA,naturalFrequency,90,evacuate,1790
10,56,NA,naturalFrequency,90,evacuate,2247
100,56,NA,naturalFrequency,70,evacuate,4186
10,56,NA,naturalFrequency,50,stay,2577
10,56,NA,naturalFrequency,40,stay,2264
100,56,NA,naturalFrequency,30,stay,1938
10,56,NA,naturalFrequency,80,evacuate,4070
100,56,NA,naturalFrequency,80,evacuate,2730
10,56,NA,naturalFrequency,60,stay,1816
100,56,NA,naturalFrequency,60,stay,3384
10,56,NA,naturalFrequency,20,stay,3642
100,56,NA,naturalFrequency,40,stay,2160
100,56,NA,naturalFrequency,0,stay,1694
10,56,Ordered,square,0,stay,8919
10,56,Ordered,square,70,stay,7232
10,56,Ordered,square,50,stay,1573
10,56,Ordered,square,80,stay,1855
100,56,Ordered,square,10,stay,3368
100,56,Ordered,square,30,stay,1456
10,56,Ordered,square,60,stay,1799
10,56,Ordered,square,10,stay,1205
10,56,Ordered,square,90,evacuate,1223
100,56,Ordered,square,40,stay,3802
100,56,Ordered,square,80,evacuate,1576
10,56,Ordered,square,20,stay,1799
10,56,Ordered,square,30,stay,1074
100,56,Ordered,square,60,stay,2098
100,56,Ordered,square,90,evacuate,1342
100,56,Ordered,square,20,stay,1941
100,56,Ordered,square,70,evacuate,7839
100,56,Ordered,square,50,stay,1346
10,56,Ordered,square,40,stay,2180
10,56,Ordered,house,10,stay,2423
10,56,Ordered,house,90,evacuate,1335
10,56,Ordered,house,20,stay,1183
100,56,Ordered,house,60,stay,2161
10,56,Ordered,house,50,stay,1805
100,56,Ordered,house,100,evacuate,1418
100,56,Ordered,house,70,evacuate,1981
100,56,Ordered,house,50,stay,1366
100,56,Ordered,house,80,evacuate,1642
10,56,Ordered,house,70,evacuate,2709
100,56,Ordered,house,90,evacuate,1957
100,56,Ordered,house,30,stay,1476
10,56,Ordered,house,60,stay,3987
10,56,Ordered,house,30,stay,1603
100,56,Ordered,house,10,stay,2229
100,56,Ordered,house,20,stay,932
10,56,Ordered,house,40,stay,1601
10,56,Ordered,house,80,evacuate,1109
100,56,Ordered,house,40,stay,1251
100,56,Random,square,50,stay,7422
10,56,Random,square,50,stay,8596
10,56,Random,square,80,evacuate,1164
10,56,Random,square,40,stay,1462
100,56,Random,square,90,evacuate,1269
100,56,Random,square,100,evacuate,1184
10,56,Random,square,10,stay,1442
100,56,Random,square,80,evacuate,1301
100,56,Random,square,70,evacuate,1095
10,56,Random,square,70,evacuate,4216
100,56,Random,square,60,stay,2263
100,56,Random,square,40,stay,1295
10,56,Random,square,90,evacuate,1822
10,56,Random,square,30,stay,1193
10,56,Random,square,60,evacuate,3685
100,56,Random,square,10,stay,1381
100,56,Random,square,30,stay,1033
10,56,Random,square,20,stay,3204
100,56,Random,square,20,stay,4049
100,56,Random,house,20,stay,6061
10,56,Random,house,60,evacuate,2680
100,56,Random,house,70,evacuate,1446
100,56,Random,house,60,stay,2264
10,56,Random,house,50,stay,1649
100,56,Random,house,50,evacuate,1713
10,56,Random,house,100,evacuate,1599
10,56,Random,house,40,stay,1159
10,56,Random,house,70,evacuate,1785
100,56,Random,house,80,evacuate,1644
10,56,Random,house,20,stay,1708
100,56,Random,house,10,stay,2492
10,56,Random,house,80,evacuate,4055
100,56,Random,house,30,stay,3635
10,56,Random,house,30,stay,1331
100,56,Random,house,40,stay,1573
100,56,Random,house,90,evacuate,1148
10,56,Random,house,90,evacuate,1855
10,56,Random,house,10,stay,1219
100,57,NA,naturalFrequency,10,stay,4447
10,57,NA,naturalFrequency,80,evacuate,3774
100,57,NA,naturalFrequency,60,evacuate,2568
10,57,NA,naturalFrequency,60,evacuate,2040
100,57,NA,naturalFrequency,20,stay,2592
100,57,NA,naturalFrequency,100,evacuate,2089
100,57,NA,naturalFrequency,90,evacuate,1177
100,57,NA,naturalFrequency,30,stay,896
10,57,NA,naturalFrequency,90,evacuate,1102
10,57,NA,naturalFrequency,50,stay,2600
100,57,NA,naturalFrequency,80,evacuate,1884
100,57,NA,naturalFrequency,70,evacuate,937
10,57,NA,naturalFrequency,20,stay,1367
100,57,NA,naturalFrequency,40,stay,1691
10,57,NA,naturalFrequency,70,evacuate,968
100,57,NA,naturalFrequency,50,evacuate,1358
10,57,NA,naturalFrequency,10,stay,1167
10,57,NA,naturalFrequency,40,stay,1272
10,57,NA,naturalFrequency,30,stay,830
10,57,Ordered,square,40,stay,5583
100,57,Ordered,square,40,stay,2207
10,57,Ordered,square,70,evacuate,1319
10,57,Ordered,square,90,evacuate,889
10,57,Ordered,square,20,stay,1072
100,57,Ordered,square,50,stay,1407
10,57,Ordered,square,80,evacuate,960
10,57,Ordered,square,30,stay,986
10,57,Ordered,square,0,stay,2144
100,57,Ordered,square,30,stay,1288
10,57,Ordered,square,60,evacuate,1392
100,57,Ordered,square,70,evacuate,1159
100,57,Ordered,square,90,evacuate,767
100,57,Ordered,square,20,stay,1353
100,57,Ordered,square,80,evacuate,904
100,57,Ordered,square,60,evacuate,1008
100,57,Ordered,square,10,stay,921
10,57,Ordered,square,10,stay,1009
10,57,Ordered,square,50,evacuate,2328
100,57,Ordered,house,10,stay,3270
100,57,Ordered,house,20,stay,2117
10,57,Ordered,house,30,stay,2249
10,57,Ordered,house,80,evacuate,992
100,57,Ordered,house,100,evacuate,951
10,57,Ordered,house,70,evacuate,1270
10,57,Ordered,house,90,evacuate,798
100,57,Ordered,house,50,evacuate,1023
100,57,Ordered,house,70,evacuate,821
10,57,Ordered,house,20,stay,1280
10,57,Ordered,house,10,stay,887
100,57,Ordered,house,60,evacuate,1333
100,57,Ordered,house,30,evacuate,1045
10,57,Ordered,house,50,evacuate,1327
100,57,Ordered,house,40,evacuate,1318
10,57,Ordered,house,40,stay,1159
100,57,Ordered,house,80,evacuate,1476
10,57,Ordered,house,60,evacuate,1104
100,57,Ordered,house,90,evacuate,956
100,57,Random,square,20,stay,2974
10,57,Random,square,10,stay,2080
10,57,Random,square,20,stay,2000
100,57,Random,square,70,evacuate,944
100,57,Random,square,60,evacuate,809
100,57,Random,square,80,evacuate,1336
10,57,Random,square,40,evacuate,3216
100,57,Random,square,50,evacuate,1015
100,57,Random,square,90,evacuate,2575
100,57,Random,square,100,evacuate,1271
10,57,Random,square,60,evacuate,5521
100,57,Random,square,30,evacuate,1303
100,57,Random,square,10,stay,1393
10,57,Random,square,90,evacuate,920
10,57,Random,square,80,evacuate,728
10,57,Random,square,70,evacuate,2462
100,57,Random,square,40,evacuate,5127
10,57,Random,square,50,evacuate,1584
10,57,Random,square,30,stay,1031
100,57,Random,house,70,evacuate,1932
10,57,Random,house,10,stay,1370
100,57,Random,house,30,evacuate,1127
100,57,Random,house,60,evacuate,771
100,57,Random,house,10,stay,1067
10,57,Random,house,20,evacuate,1912
10,57,Random,house,40,evacuate,770
10,57,Random,house,70,evacuate,1121
10,57,Random,house,50,evacuate,1199
10,57,Random,house,30,evacuate,1970
100,57,Random,house,90,evacuate,1126
100,57,Random,house,0,stay,1086
100,57,Random,house,40,stay,2295
10,57,Random,house,90,evacuate,1252
100,57,Random,house,80,evacuate,998
100,57,Random,house,20,stay,1286
100,57,Random,house,50,evacuate,718
10,57,Random,house,60,evacuate,912
10,57,Random,house,80,evacuate,624
100,58,NA,naturalFrequency,40,evacuate,11226
100,58,NA,naturalFrequency,80,stay,1792
100,58,NA,naturalFrequency,50,evacuate,1771
100,58,NA,naturalFrequency,30,evacuate,2161
10,58,NA,naturalFrequency,20,evacuate,125217
100,58,NA,naturalFrequency,60,stay,2047
100,58,NA,naturalFrequency,70,stay,1557
10,58,NA,naturalFrequency,60,stay,1534
100,58,NA,naturalFrequency,90,stay,2320
100,58,NA,naturalFrequency,0,evacuate,2166
100,58,NA,naturalFrequency,20,stay,1314
10,58,NA,naturalFrequency,70,evacuate,2249
10,58,NA,naturalFrequency,50,stay,3357
10,58,NA,naturalFrequency,80,evacuate,1242
100,58,NA,naturalFrequency,10,evacuate,2302
10,58,NA,naturalFrequency,90,evacuate,1491
10,58,NA,naturalFrequency,30,evacuate,1204
10,58,NA,naturalFrequency,10,evacuate,1363
10,58,NA,naturalFrequency,40,stay,1723
100,58,Ordered,square,10,evacuate,2344
10,58,Ordered,square,100,evacuate,2535
100,58,Ordered,square,90,evacuate,1432
100,58,Ordered,square,30,stay,1270
100,58,Ordered,square,20,stay,876
10,58,Ordered,square,40,evacuate,1755
10,58,Ordered,square,30,stay,1128
10,58,Ordered,square,10,evacuate,1210
100,58,Ordered,square,40,stay,1313
10,58,Ordered,square,60,stay,1473
100,58,Ordered,square,50,evacuate,955
100,58,Ordered,square,80,stay,547
10,58,Ordered,square,80,evacuate,1345
10,58,Ordered,square,20,stay,1484
100,58,Ordered,square,60,evacuate,1153
10,58,Ordered,square,50,stay,924
100,58,Ordered,square,70,evacuate,959
10,58,Ordered,square,70,stay,1208
10,58,Ordered,square,90,evacuate,1753
10,58,Ordered,house,80,evacuate,3639
10,58,Ordered,house,50,stay,1726
10,58,Ordered,house,30,stay,909
10,58,Ordered,house,60,evacuate,1013
10,58,Ordered,house,70,evacuate,530
100,58,Ordered,house,40,stay,992
100,58,Ordered,house,30,stay,1254
100,58,Ordered,house,90,evacuate,548
10,58,Ordered,house,0,evacuate,1560
100,58,Ordered,house,70,evacuate,1134
10,58,Ordered,house,20,stay,1505
100,58,Ordered,house,10,stay,1052
100,58,Ordered,house,50,stay,1304
10,58,Ordered,house,10,stay,8094
100,58,Ordered,house,20,stay,989
10,58,Ordered,house,40,evacuate,809
100,58,Ordered,house,60,evacuate,1420
100,58,Ordered,house,80,stay,821
10,58,Ordered,house,90,stay,900
10,58,Random,square,10,stay,1444
100,58,Random,square,50,evacuate,1362
10,58,Random,square,30,stay,1050
10,58,Random,square,80,evacuate,937
10,58,Random,square,50,stay,1214
10,58,Random,square,40,evacuate,462
100,58,Random,square,10,stay,915
100,58,Random,square,70,evacuate,803
10,58,Random,square,20,stay,2150
100,58,Random,square,30,stay,1173
10,58,Random,square,60,evacuate,947
100,58,Random,square,80,evacuate,996
10,58,Random,square,0,evacuate,1775
10,58,Random,square,70,evacuate,2595
10,58,Random,square,90,evacuate,1599
100,58,Random,square,90,evacuate,1093
100,58,Random,square,60,stay,1182
100,58,Random,square,20,stay,874
100,58,Random,square,40,stay,884
10,58,Random,house,10,stay,1391
10,58,Random,house,40,stay,972
10,58,Random,house,80,evacuate,792
10,58,Random,house,70,evacuate,2719
100,58,Random,house,90,evacuate,1965
100,58,Random,house,50,stay,1245
100,58,Random,house,10,stay,901
100,58,Random,house,80,evacuate,733
10,58,Random,house,90,stay,4102
100,58,Random,house,20,stay,948
100,58,Random,house,100,evacuate,824
100,58,Random,house,60,evacuate,1411
100,58,Random,house,40,evacuate,1469
10,58,Random,house,60,evacuate,1992
10,58,Random,house,50,stay,1017
100,58,Random,house,30,stay,792
10,58,Random,house,30,stay,1077
100,58,Random,house,70,evacuate,1311
10,58,Random,house,20,stay,1064
100,59,NA,naturalFrequency,90,evacuate,5662
10,59,NA,naturalFrequency,50,stay,1978
10,59,NA,naturalFrequency,60,evacuate,1870
10,59,NA,naturalFrequency,90,evacuate,1519
100,59,NA,naturalFrequency,70,evacuate,1457
10,59,NA,naturalFrequency,80,evacuate,815
10,59,NA,naturalFrequency,30,stay,1066
100,59,NA,naturalFrequency,100,evacuate,2866
10,59,NA,naturalFrequency,10,stay,1534
100,59,NA,naturalFrequency,40,stay,1224
100,59,NA,naturalFrequency,80,evacuate,3725
100,59,NA,naturalFrequency,20,stay,1084
100,59,NA,naturalFrequency,60,evacuate,1230
100,59,NA,naturalFrequency,10,stay,965
10,59,NA,naturalFrequency,20,evacuate,1220
10,59,NA,naturalFrequency,70,evacuate,1215
10,59,NA,naturalFrequency,40,stay,1985
100,59,NA,naturalFrequency,30,evacuate,1455
100,59,NA,naturalFrequency,50,evacuate,918
10,59,Ordered,square,30,stay,5472
100,59,Ordered,square,40,evacuate,1525
10,59,Ordered,square,80,evacuate,842
100,59,Ordered,square,20,evacuate,979
100,59,Ordered,square,0,stay,1519
100,59,Ordered,square,30,evacuate,1823
10,59,Ordered,square,90,evacuate,1160
10,59,Ordered,square,50,evacuate,1152
100,59,Ordered,square,80,evacuate,1368
10,59,Ordered,square,10,stay,1230
100,59,Ordered,square,90,evacuate,1378
100,59,Ordered,square,50,stay,1377
100,59,Ordered,square,60,stay,1385
10,59,Ordered,square,60,evacuate,1567
100,59,Ordered,square,10,stay,1238
100,59,Ordered,square,70,evacuate,11649
10,59,Ordered,square,70,evacuate,2490
10,59,Ordered,square,20,stay,1027
10,59,Ordered,square,40,evacuate,514
100,59,Ordered,house,60,evacuate,2141
100,59,Ordered,house,80,evacuate,907
10,59,Ordered,house,70,evacuate,1160
100,59,Ordered,house,70,evacuate,931
10,59,Ordered,house,90,evacuate,1097
100,59,Ordered,house,90,evacuate,915
100,59,Ordered,house,10,evacuate,576
10,59,Ordered,house,20,stay,1315
100,59,Ordered,house,50,stay,2264
10,59,Ordered,house,50,evacuate,1065
10,59,Ordered,house,10,stay,1897
10,59,Ordered,house,30,evacuate,1314
10,59,Ordered,house,80,evacuate,1237
100,59,Ordered,house,30,stay,2071
10,59,Ordered,house,40,stay,1067
100,59,Ordered,house,20,stay,513212
100,59,Ordered,house,100,evacuate,1376
100,59,Ordered,house,40,stay,1612
10,59,Ordered,house,60,stay,1106
100,59,Random,square,10,stay,3190
10,59,Random,square,30,stay,1767
100,59,Random,square,50,evacuate,990
100,59,Random,square,40,evacuate,957
10,59,Random,square,10,stay,1433
100,59,Random,square,60,evacuate,849
100,59,Random,square,90,evacuate,972
10,59,Random,square,70,evacuate,1354
10,59,Random,square,60,evacuate,2748
10,59,Random,square,50,evacuate,1184
100,59,Random,square,70,evacuate,2141
100,59,Random,square,0,stay,779
10,59,Random,square,80,evacuate,1098
100,59,Random,square,80,evacuate,966
10,59,Random,square,40,stay,982
100,59,Random,square,30,evacuate,957
10,59,Random,square,90,evacuate,2656
10,59,Random,square,20,stay,1090
100,59,Random,square,20,evacuate,1777
100,59,Random,house,90,evacuate,2418
10,59,Random,house,70,evacuate,1470
100,59,Random,house,70,evacuate,1704
100,59,Random,house,40,stay,1805
10,59,Random,house,50,stay,1864
100,59,Random,house,60,evacuate,1126
100,59,Random,house,50,evacuate,682
10,59,Random,house,80,evacuate,1628
100,59,Random,house,30,evacuate,1422
100,59,Random,house,10,stay,1112
10,59,Random,house,60,evacuate,1044
10,59,Random,house,90,evacuate,764
10,59,Random,house,100,evacuate,591
10,59,Random,house,20,evacuate,459
100,59,Random,house,20,stay,1289
10,59,Random,house,10,stay,966
100,59,Random,house,80,stay,1347
10,59,Random,house,30,evacuate,1044
10,59,Random,house,40,evacuate,863
10,61,NA,naturalFrequency,80,evacuate,12705
100,61,NA,naturalFrequency,90,evacuate,2976
10,61,NA,naturalFrequency,90,evacuate,3208
10,61,NA,naturalFrequency,50,evacuate,3887
100,61,NA,naturalFrequency,20,stay,2512
10,61,NA,naturalFrequency,10,stay,2456
10,61,NA,naturalFrequency,40,stay,1824
100,61,NA,naturalFrequency,60,evacuate,1800
100,61,NA,naturalFrequency,50,evacuate,2472
100,61,NA,naturalFrequency,70,evacuate,1504
10,61,NA,naturalFrequency,60,evacuate,1672
100,61,NA,naturalFrequency,100,evacuate,2041
10,61,NA,naturalFrequency,70,evacuate,4296
10,61,NA,naturalFrequency,20,stay,3040
100,61,NA,naturalFrequency,10,stay,1877
100,61,NA,naturalFrequency,30,stay,1664
100,61,NA,naturalFrequency,80,evacuate,1216
10,61,NA,naturalFrequency,30,stay,1512
100,61,NA,naturalFrequency,40,stay,1304
100,61,Ordered,square,40,stay,6855
10,61,Ordered,square,10,stay,2222
100,61,Ordered,square,20,stay,2207
100,61,Ordered,square,50,evacuate,1904
10,61,Ordered,square,90,evacuate,1616
10,61,Ordered,square,70,evacuate,1471
100,61,Ordered,square,60,evacuate,1518
10,61,Ordered,square,60,evacuate,1992
100,61,Ordered,square,30,stay,1950
10,61,Ordered,square,30,stay,1583
100,61,Ordered,square,70,evacuate,1471
10,61,Ordered,square,40,stay,1720
10,61,Ordered,square,50,evacuate,1384
100,61,Ordered,square,80,evacuate,1495
100,61,Ordered,square,90,evacuate,1647
100,61,Ordered,square,10,stay,1399
100,61,Ordered,square,0,stay,3496
10,61,Ordered,square,80,evacuate,1632
10,61,Ordered,square,20,stay,1552
10,61,Ordered,house,30,stay,3799
100,61,Ordered,house,50,evacuate,1900
100,61,Ordered,house,90,evacuate,1108
10,61,Ordered,house,70,evacuate,1295
100,61,Ordered,house,80,evacuate,1387
10,61,Ordered,house,90,evacuate,1375
10,61,Ordered,house,40,stay,1343
100,61,Ordered,house,10,stay,1485
100,61,Ordered,house,40,stay,1907
100,61,Ordered,house,70,evacuate,1267
100,61,Ordered,house,60,evacuate,1587
10,61,Ordered,house,50,evacuate,2576
10,61,Ordered,house,60,evacuate,1343
10,61,Ordered,house,20,stay,2719
100,61,Ordered,house,30,stay,1884
100,61,Ordered,house,20,stay,1300
10,61,Ordered,house,0,stay,1863
10,61,Ordered,house,80,evacuate,1399
10,61,Ordered,house,10,stay,1470
100,61,Random,square,80,evacuate,2766
100,61,Random,square,40,stay,1472
10,61,Random,square,40,evacuate,2480
100,61,Random,square,60,evacuate,2368
10,61,Random,square,90,evacuate,1289
100,61,Random,square,30,stay,1584
100,61,Random,square,10,stay,1599
100,61,Random,square,90,evacuate,1183
10,61,Random,square,20,stay,1712
100,61,Random,square,50,evacuate,1503
100,61,Random,square,0,stay,1766
10,61,Random,square,80,evacuate,1792
10,61,Random,square,30,stay,1447
10,61,Random,square,50,evacuate,1512
10,61,Random,square,10,stay,1735
10,61,Random,square,70,evacuate,1232
100,61,Random,square,20,stay,1576
10,61,Random,square,60,evacuate,1577
100,61,Random,square,70,evacuate,1583
100,61,Random,house,40,stay,2571
100,61,Random,house,20,stay,1876
100,61,Random,house,80,evacuate,1107
100,61,Random,house,30,stay,1876
100,61,Random,house,10,stay,1244
100,61,Random,house,90,evacuate,1083
10,61,Random,house,40,stay,1888
10,61,Random,house,80,evacuate,1111
10,61,Random,house,50,evacuate,1440
10,61,Random,house,30,stay,1167
10,61,Random,house,90,evacuate,1152
100,61,Random,house,60,evacuate,1827
100,61,Random,house,50,evacuate,1309
10,61,Random,house,20,stay,1637
10,61,Random,house,10,stay,976
100,61,Random,house,100,evacuate,1891
100,61,Random,house,70,evacuate,1434
10,61,Random,house,60,evacuate,1663
10,61,Random,house,70,evacuate,1271
100,62,NA,naturalFrequency,10,stay,6804
10,62,NA,naturalFrequency,80,stay,2990
10,62,NA,naturalFrequency,40,evacuate,3518
100,62,NA,naturalFrequency,90,evacuate,2002
10,62,NA,naturalFrequency,60,evacuate,1556
100,62,NA,naturalFrequency,20,stay,4684
10,62,NA,naturalFrequency,100,evacuate,3570
10,62,NA,naturalFrequency,10,stay,1693
10,62,NA,naturalFrequency,30,stay,2932
10,62,NA,naturalFrequency,50,evacuate,1327
100,62,NA,naturalFrequency,40,evacuate,2022
10,62,NA,naturalFrequency,20,stay,2062
100,62,NA,naturalFrequency,70,evacuate,1158
10,62,NA,naturalFrequency,70,evacuate,2743
100,62,NA,naturalFrequency,50,evacuate,2037
10,62,NA,naturalFrequency,90,evacuate,1850
100,62,NA,naturalFrequency,60,evacuate,3312
100,62,NA,naturalFrequency,30,stay,1349
100,62,NA,naturalFrequency,80,evacuate,1264
10,62,Ordered,square,10,stay,6853
10,62,Ordered,square,20,stay,1106
100,62,Ordered,square,20,stay,1663
10,62,Ordered,square,70,evacuate,1372
10,62,Ordered,square,90,evacuate,1081
100,62,Ordered,square,90,evacuate,1403
10,62,Ordered,square,60,evacuate,1869
10,62,Ordered,square,50,stay,1046
100,62,Ordered,square,40,stay,1515
100,62,Ordered,square,80,evacuate,1216
10,62,Ordered,square,30,stay,1837
100,62,Ordered,square,10,stay,2536
10,62,Ordered,square,80,evacuate,1125
100,62,Ordered,square,50,stay,1660
100,62,Ordered,square,60,evacuate,858
100,62,Ordered,square,30,stay,898
100,62,Ordered,square,70,evacuate,1066
100,62,Ordered,square,100,evacuate,899
10,62,Ordered,square,40,stay,1944
10,62,Ordered,house,30,stay,2948
10,62,Ordered,house,20,stay,938
100,62,Ordered,house,20,stay,1537
10,62,Ordered,house,10,stay,2871
10,62,Ordered,house,80,evacuate,858
100,62,Ordered,house,30,stay,1225
100,62,Ordered,house,10,stay,1010
100,62,Ordered,house,60,evacuate,838
100,62,Ordered,house,90,evacuate,1054
100,62,Ordered,house,40,stay,1778
10,62,Ordered,house,50,evacuate,1395
100,62,Ordered,house,50,evacuate,1513
10,62,Ordered,house,40,stay,1207
100,62,Ordered,house,100,evacuate,1425
10,62,Ordered,house,70,evacuate,1510
100,62,Ordered,house,80,evacuate,1256
10,62,Ordered,house,60,stay,1959
100,62,Ordered,house,70,evacuate,1471
10,62,Ordered,house,90,evacuate,1236
100,62,Random,square,20,stay,5729
10,62,Random,square,40,stay,3215
10,62,Random,square,10,stay,1499
10,62,Random,square,90,evacuate,988
10,62,Random,square,70,evacuate,1244
10,62,Random,square,20,stay,1178
10,62,Random,square,60,evacuate,938
100,62,Random,square,80,evacuate,1427
100,62,Random,square,60,evacuate,1252
10,62,Random,square,50,evacuate,3712
10,62,Random,square,80,evacuate,884
100,62,Random,square,40,stay,1757
100,62,Random,square,50,evacuate,793
10,62,Random,square,100,evacuate,1259
100,62,Random,square,30,stay,1381
100,62,Random,square,90,evacuate,1043
100,62,Random,square,70,evacuate,833
10,62,Random,square,30,stay,1404
100,62,Random,square,10,stay,1491
10,62,Random,house,20,stay,1376
100,62,Random,house,60,evacuate,1232
100,62,Random,house,0,stay,1169
10,62,Random,house,60,evacuate,1827
100,62,Random,house,90,evacuate,1168
10,62,Random,house,10,stay,1203
100,62,Random,house,50,evacuate,1456
100,62,Random,house,30,evacuate,1259
10,62,Random,house,30,stay,1323
100,62,Random,house,40,stay,1553
10,62,Random,house,80,evacuate,1228
10,62,Random,house,70,evacuate,2486
10,62,Random,house,90,evacuate,954
100,62,Random,house,80,evacuate,1281
10,62,Random,house,40,stay,1452
10,62,Random,house,50,evacuate,1065
100,62,Random,house,10,stay,1337
100,62,Random,house,70,evacuate,1146
100,62,Random,house,20,stay,1110
10,63,NA,naturalFrequency,90,evacuate,5033
10,63,NA,naturalFrequency,50,evacuate,1391
100,63,NA,naturalFrequency,10,evacuate,7012
100,63,NA,naturalFrequency,60,evacuate,1440
10,63,NA,naturalFrequency,40,evacuate,1299
10,63,NA,naturalFrequency,80,evacuate,1271
100,63,NA,naturalFrequency,50,evacuate,1013
10,63,NA,naturalFrequency,60,evacuate,1773
100,63,NA,naturalFrequency,70,evacuate,3874
100,63,NA,naturalFrequency,90,evacuate,954
100,63,NA,naturalFrequency,20,evacuate,1107
10,63,NA,naturalFrequency,100,evacuate,1492
10,63,NA,naturalFrequency,20,evacuate,930
10,63,NA,naturalFrequency,70,evacuate,831
100,63,NA,naturalFrequency,80,evacuate,1334
10,63,NA,naturalFrequency,10,evacuate,1086
100,63,NA,naturalFrequency,30,evacuate,1060
100,63,NA,naturalFrequency,40,evacuate,1217
10,63,NA,naturalFrequency,30,evacuate,1574
10,63,Ordered,square,50,evacuate,4071
10,63,Ordered,square,20,evacuate,1882
100,63,Ordered,square,30,evacuate,4668
10,63,Ordered,square,80,evacuate,1059
10,63,Ordered,square,30,evacuate,882
100,63,Ordered,square,40,evacuate,914
10,63,Ordered,square,90,evacuate,834
100,63,Ordered,square,50,evacuate,2003
100,63,Ordered,square,10,evacuate,1724
10,63,Ordered,square,10,evacuate,1533
10,63,Ordered,square,70,evacuate,704
100,63,Ordered,square,70,evacuate,1065
10,63,Ordered,square,60,evacuate,1325
100,63,Ordered,square,90,evacuate,1086
100,63,Ordered,square,60,evacuate,806
10,63,Ordered,square,40,evacuate,797
100,63,Ordered,square,0,stay,1601
100,63,Ordered,square,80,evacuate,944
100,63,Ordered,square,20,evacuate,1157
10,63,Ordered,house,0,stay,2332
10,63,Ordered,house,70,evacuate,2599
10,63,Ordered,house,90,evacuate,1028
100,63,Ordered,house,90,evacuate,991
100,63,Ordered,house,50,evacuate,841
10,63,Ordered,house,60,evacuate,916
100,63,Ordered,house,30,evacuate,1523
10,63,Ordered,house,50,evacuate,854
10,63,Ordered,house,20,evacuate,1306
100,63,Ordered,house,20,evacuate,1151
100,63,Ordered,house,10,evacuate,1407
100,63,Ordered,house,60,evacuate,707
100,63,Ordered,house,80,evacuate,546
10,63,Ordered,house,30,evacuate,1012
100,63,Ordered,house,40,evacuate,996
10,63,Ordered,house,10,evacuate,1191
100,63,Ordered,house,70,evacuate,1738
10,63,Ordered,house,40,evacuate,978
10,63,Ordered,house,80,evacuate,643
10,63,Random,square,70,evacuate,3456
100,63,Random,square,80,evacuate,1364
10,63,Random,square,30,evacuate,1114
10,63,Random,square,40,evacuate,587
100,63,Random,square,100,evacuate,851
100,63,Random,square,10,evacuate,1002
100,63,Random,square,70,evacuate,883
10,63,Random,square,50,evacuate,916
100,63,Random,square,60,evacuate,1486
10,63,Random,square,20,evacuate,901
100,63,Random,square,40,evacuate,813
100,63,Random,square,90,evacuate,748
100,63,Random,square,50,evacuate,578
10,63,Random,square,80,evacuate,1110
10,63,Random,square,60,evacuate,680
100,63,Random,square,30,evacuate,798
100,63,Random,square,20,evacuate,684
10,63,Random,square,10,evacuate,821
10,63,Random,square,90,evacuate,1290
100,63,Random,house,40,evacuate,3093
100,63,Random,house,70,evacuate,577
10,63,Random,house,40,evacuate,858
100,63,Random,house,20,evacuate,827
10,63,Random,house,80,evacuate,668
10,63,Random,house,70,evacuate,559
100,63,Random,house,100,evacuate,1094
100,63,Random,house,50,evacuate,780
10,63,Random,house,20,evacuate,996
100,63,Random,house,10,evacuate,1578
10,63,Random,house,90,evacuate,972
100,63,Random,house,30,evacuate,1101
10,63,Random,house,30,evacuate,778
10,63,Random,house,10,stay,1495
100,63,Random,house,80,evacuate,1425
100,63,Random,house,60,evacuate,866
10,63,Random,house,60,evacuate,2622
10,63,Random,house,50,evacuate,744
100,63,Random,house,90,evacuate,1029
100,64,NA,naturalFrequency,60,stay,15636
100,64,NA,naturalFrequency,30,stay,3159
100,64,NA,naturalFrequency,40,stay,2016
100,64,NA,naturalFrequency,50,stay,1733
10,64,NA,naturalFrequency,20,stay,7978
10,64,NA,naturalFrequency,70,evacuate,2987
100,64,NA,naturalFrequency,80,evacuate,2557
10,64,NA,naturalFrequency,60,stay,4747
10,64,NA,naturalFrequency,10,stay,2410
10,64,NA,naturalFrequency,80,evacuate,1669
10,64,NA,naturalFrequency,50,stay,2371
100,64,NA,naturalFrequency,90,evacuate,1733
100,64,NA,naturalFrequency,0,stay,2399
100,64,NA,naturalFrequency,10,stay,1621
10,64,NA,naturalFrequency,30,stay,1424
100,64,NA,naturalFrequency,70,evacuate,2950
10,64,NA,naturalFrequency,90,evacuate,1819
100,64,NA,naturalFrequency,20,stay,2939
10,64,NA,naturalFrequency,40,stay,1548
10,64,Ordered,square,10,stay,9820
100,64,Ordered,square,40,stay,4992
100,64,Ordered,square,80,evacuate,2099
100,64,Ordered,square,50,stay,2731
10,64,Ordered,square,80,evacuate,3417
10,64,Ordered,square,70,evacuate,2212
100,64,Ordered,square,10,stay,2507
100,64,Ordered,square,90,evacuate,1622
10,64,Ordered,square,30,stay,2176
10,64,Ordered,square,60,stay,4746
100,64,Ordered,square,0,stay,2890
100,64,Ordered,square,20,stay,1536
100,64,Ordered,square,60,stay,5604
100,64,Ordered,square,30,stay,1547
100,64,Ordered,square,70,evacuate,1633
10,64,Ordered,square,40,stay,2335
10,64,Ordered,square,90,evacuate,1462
10,64,Ordered,square,20,stay,1437
10,64,Ordered,square,50,stay,1598
10,64,Ordered,house,30,stay,2419
100,64,Ordered,house,20,stay,2489
10,64,Ordered,house,10,stay,2015
10,64,Ordered,house,100,evacuate,1978
10,64,Ordered,house,40,stay,2494
100,64,Ordered,house,80,evacuate,2341
100,64,Ordered,house,90,evacuate,1641
10,64,Ordered,house,50,stay,2175
10,64,Ordered,house,70,evacuate,1805
100,64,Ordered,house,10,stay,1987
100,64,Ordered,house,60,stay,3707
10,64,Ordered,house,60,stay,2088
10,64,Ordered,house,80,evacuate,1807
100,64,Ordered,house,50,stay,2192
10,64,Ordered,house,20,stay,2064
10,64,Ordered,house,90,evacuate,1671
100,64,Ordered,house,40,stay,2118
100,64,Ordered,house,70,evacuate,1861
100,64,Ordered,house,30,stay,1800
100,64,Random,square,40,stay,6243
10,64,Random,square,0,stay,2410
10,64,Random,square,90,evacuate,2078
100,64,Random,square,20,stay,2458
10,64,Random,square,50,evacuate,3516
10,64,Random,square,20,stay,1609
100,64,Random,square,60,evacuate,2091
100,64,Random,square,10,stay,1622
10,64,Random,square,40,stay,2582
100,64,Random,square,80,evacuate,2188
10,64,Random,square,10,stay,1857
100,64,Random,square,90,evacuate,2630
100,64,Random,square,70,evacuate,1547
10,64,Random,square,60,evacuate,1967
100,64,Random,square,50,evacuate,2212
10,64,Random,square,30,stay,2778
100,64,Random,square,30,stay,5543
10,64,Random,square,70,evacuate,2852
10,64,Random,square,80,evacuate,1636
100,64,Random,house,20,stay,2239
10,64,Random,house,20,stay,1720
10,64,Random,house,50,stay,1351
100,64,Random,house,40,stay,2501
10,64,Random,house,10,stay,1794
10,64,Random,house,80,evacuate,1707
100,64,Random,house,60,evacuate,3827
100,64,Random,house,30,stay,2083
10,64,Random,house,90,evacuate,3441
10,64,Random,house,30,stay,1475
100,64,Random,house,10,stay,3190
10,64,Random,house,40,stay,2102
100,64,Random,house,50,evacuate,2441
100,64,Random,house,100,evacuate,1592
100,64,Random,house,70,evacuate,2195
10,64,Random,house,70,evacuate,6515
100,64,Random,house,90,evacuate,2735
10,64,Random,house,60,stay,3958
100,64,Random,house,80,evacuate,2305
100,65,NA,naturalFrequency,20,stay,6581
10,65,NA,naturalFrequency,70,evacuate,2917
100,65,NA,naturalFrequency,30,stay,2571
100,65,NA,naturalFrequency,60,evacuate,2316
100,65,NA,naturalFrequency,70,evacuate,2889
10,65,NA,naturalFrequency,20,stay,2823
100,65,NA,naturalFrequency,100,evacuate,3042
10,65,NA,naturalFrequency,80,evacuate,3778
10,65,NA,naturalFrequency,30,stay,2789
100,65,NA,naturalFrequency,50,evacuate,2953
10,65,NA,naturalFrequency,60,evacuate,2022
10,65,NA,naturalFrequency,50,stay,2302
100,65,NA,naturalFrequency,90,evacuate,2661
10,65,NA,naturalFrequency,40,stay,3751
10,65,NA,naturalFrequency,10,stay,2182
100,65,NA,naturalFrequency,40,evacuate,2952
100,65,NA,naturalFrequency,10,stay,3294
100,65,NA,naturalFrequency,80,evacuate,2265
10,65,NA,naturalFrequency,90,evacuate,2655
100,65,Ordered,square,60,evacuate,7296
100,65,Ordered,square,90,evacuate,2427
100,65,Ordered,square,100,evacuate,3479
100,65,Ordered,square,20,stay,2666
100,65,Ordered,square,30,stay,2204
100,65,Ordered,square,10,stay,2372
100,65,Ordered,square,40,evacuate,2688
100,65,Ordered,square,50,evacuate,2219
10,65,Ordered,square,50,evacuate,3182
10,65,Ordered,square,60,evacuate,2370
10,65,Ordered,square,80,evacuate,1730
10,65,Ordered,square,70,evacuate,2218
10,65,Ordered,square,20,stay,2043
100,65,Ordered,square,80,evacuate,2758
10,65,Ordered,square,30,stay,2486
10,65,Ordered,square,40,stay,3957
100,65,Ordered,square,70,evacuate,2761
10,65,Ordered,square,90,evacuate,3431
10,65,Ordered,square,10,stay,2254
100,65,Ordered,house,90,evacuate,4318
10,65,Ordered,house,0,stay,2226
10,65,Ordered,house,50,evacuate,1870
10,65,Ordered,house,70,evacuate,1688
10,65,Ordered,house,30,stay,2009
10,65,Ordered,house,40,evacuate,2830
100,65,Ordered,house,70,evacuate,2161
100,65,Ordered,house,40,stay,3611
100,65,Ordered,house,10,stay,1519
10,65,Ordered,house,90,evacuate,1769
10,65,Ordered,house,10,stay,1814
100,65,Ordered,house,20,stay,2190
100,65,Ordered,house,80,evacuate,1888
100,65,Ordered,house,50,evacuate,2389
100,65,Ordered,house,60,evacuate,1703
10,65,Ordered,house,80,evacuate,1765
10,65,Ordered,house,60,stay,2781
10,65,Ordered,house,20,stay,1582
100,65,Ordered,house,30,stay,1972
10,65,Random,square,40,evacuate,4225
100,65,Random,square,90,evacuate,2620
100,65,Random,square,60,evacuate,3256
10,65,Random,square,80,evacuate,3208
100,65,Random,square,70,evacuate,2073
10,65,Random,square,30,stay,2172
100,65,Random,square,10,stay,1722
10,65,Random,square,20,stay,1916
100,65,Random,square,80,evacuate,2327
10,65,Random,square,60,evacuate,3770
100,65,Random,square,20,stay,1726
10,65,Random,square,90,evacuate,1786
10,65,Random,square,70,evacuate,1864
100,65,Random,square,30,stay,2118
10,65,Random,square,50,stay,2417
100,65,Random,square,100,evacuate,2000
100,65,Random,square,50,evacuate,2198
100,65,Random,square,40,stay,2386
10,65,Random,square,10,stay,1700
10,65,Random,house,10,stay,2756
10,65,Random,house,20,stay,2352
100,65,Random,house,10,stay,2334
100,65,Random,house,70,evacuate,2153
100,65,Random,house,80,evacuate,2181
100,65,Random,house,40,stay,2300
100,65,Random,house,50,evacuate,3042
10,65,Random,house,0,stay,2045
100,65,Random,house,60,evacuate,4995
100,65,Random,house,90,evacuate,3035
10,65,Random,house,60,evacuate,3618
100,65,Random,house,30,stay,2556
10,65,Random,house,30,stay,2979
100,65,Random,house,20,stay,2804
10,65,Random,house,70,evacuate,2873
10,65,Random,house,80,evacuate,2431
10,65,Random,house,40,evacuate,3714
10,65,Random,house,90,evacuate,1916
10,65,Random,house,50,evacuate,4428
100,66,NA,naturalFrequency,50,evacuate,5715
100,66,NA,naturalFrequency,90,evacuate,3566
100,66,NA,naturalFrequency,80,evacuate,3015
10,66,NA,naturalFrequency,50,evacuate,3816
10,66,NA,naturalFrequency,80,evacuate,1249
10,66,NA,naturalFrequency,20,evacuate,2466
10,66,NA,naturalFrequency,40,evacuate,932
10,66,NA,naturalFrequency,60,evacuate,917
100,66,NA,naturalFrequency,40,evacuate,4166
10,66,NA,naturalFrequency,10,evacuate,2816
10,66,NA,naturalFrequency,90,evacuate,1349
100,66,NA,naturalFrequency,100,evacuate,1233
100,66,NA,naturalFrequency,10,evacuate,1800
100,66,NA,naturalFrequency,60,evacuate,1049
100,66,NA,naturalFrequency,30,evacuate,1083
100,66,NA,naturalFrequency,70,evacuate,800
10,66,NA,naturalFrequency,70,evacuate,1184
10,66,NA,naturalFrequency,30,evacuate,833
100,66,NA,naturalFrequency,20,evacuate,933
10,66,Ordered,square,50,evacuate,7113
100,66,Ordered,square,80,evacuate,8732
100,66,Ordered,square,60,evacuate,1166
10,66,Ordered,square,10,evacuate,1934
100,66,Ordered,square,10,evacuate,4916
100,66,Ordered,square,70,evacuate,700
100,66,Ordered,square,0,stay,2000
10,66,Ordered,square,40,evacuate,1033
10,66,Ordered,square,20,evacuate,700
10,66,Ordered,square,80,evacuate,667
10,66,Ordered,square,70,evacuate,683
10,66,Ordered,square,60,evacuate,783
100,66,Ordered,square,50,evacuate,1132
100,66,Ordered,square,30,evacuate,632
10,66,Ordered,square,30,evacuate,1101
100,66,Ordered,square,90,evacuate,932
100,66,Ordered,square,20,evacuate,616
10,66,Ordered,square,90,evacuate,1050
100,66,Ordered,square,40,evacuate,866
10,66,Ordered,house,10,evacuate,3282
10,66,Ordered,house,20,evacuate,700
100,66,Ordered,house,50,evacuate,897
100,66,Ordered,house,70,evacuate,764
100,66,Ordered,house,30,evacuate,747
100,66,Ordered,house,10,evacuate,614
10,66,Ordered,house,30,evacuate,1300
100,66,Ordered,house,40,evacuate,897
100,66,Ordered,house,20,evacuate,580
100,66,Ordered,house,80,evacuate,630
100,66,Ordered,house,90,evacuate,679
10,66,Ordered,house,60,evacuate,967
10,66,Ordered,house,70,evacuate,616
10,66,Ordered,house,40,evacuate,650
10,66,Ordered,house,90,evacuate,566
100,66,Ordered,house,60,evacuate,980
10,66,Ordered,house,50,evacuate,915
10,66,Ordered,house,80,evacuate,517
100,66,Ordered,house,100,evacuate,915
100,66,Random,square,20,evacuate,4164
100,66,Random,square,70,evacuate,933
10,66,Random,square,60,evacuate,849
100,66,Random,square,60,evacuate,766
10,66,Random,square,90,evacuate,648
100,66,Random,square,40,evacuate,816
10,66,Random,square,20,evacuate,900
10,66,Random,square,50,evacuate,583
10,66,Random,square,10,evacuate,500
100,66,Random,square,90,evacuate,933
10,66,Random,square,100,evacuate,1016
100,66,Random,square,10,stay,5299
100,66,Random,square,50,evacuate,1182
100,66,Random,square,80,evacuate,500
10,66,Random,square,30,evacuate,933
10,66,Random,square,70,evacuate,549
10,66,Random,square,80,evacuate,500
10,66,Random,square,40,evacuate,466
100,66,Random,square,30,evacuate,983
10,66,Random,house,50,evacuate,1782
10,66,Random,house,90,evacuate,516
100,66,Random,house,60,evacuate,1081
100,66,Random,house,100,evacuate,648
100,66,Random,house,20,evacuate,830
100,66,Random,house,90,evacuate,863
10,66,Random,house,60,evacuate,1699
10,66,Random,house,20,evacuate,516
10,66,Random,house,10,evacuate,516
10,66,Random,house,80,evacuate,482
100,66,Random,house,10,stay,2314
100,66,Random,house,70,evacuate,765
100,66,Random,house,40,evacuate,548
100,66,Random,house,50,evacuate,547
10,66,Random,house,30,evacuate,1649
10,66,Random,house,40,evacuate,599
10,66,Random,house,70,evacuate,549
100,66,Random,house,30,evacuate,881
100,66,Random,house,80,evacuate,847
10,67,NA,naturalFrequency,10,stay,5088
10,67,NA,naturalFrequency,20,stay,2487
100,67,NA,naturalFrequency,50,stay,2175
100,67,NA,naturalFrequency,70,evacuate,1432
100,67,NA,naturalFrequency,60,stay,1641
100,67,NA,naturalFrequency,90,evacuate,1192
10,67,NA,naturalFrequency,30,stay,1271
10,67,NA,naturalFrequency,0,stay,1599
100,67,NA,naturalFrequency,20,stay,1336
10,67,NA,naturalFrequency,90,evacuate,2328
10,67,NA,naturalFrequency,50,stay,2320
10,67,NA,naturalFrequency,40,stay,856
100,67,NA,naturalFrequency,30,stay,1264
100,67,NA,naturalFrequency,80,evacuate,999
100,67,NA,naturalFrequency,40,stay,2041
10,67,NA,naturalFrequency,60,evacuate,1056
10,67,NA,naturalFrequency,80,evacuate,1129
100,67,NA,naturalFrequency,10,stay,1512
10,67,NA,naturalFrequency,70,evacuate,1471
10,67,Ordered,square,90,evacuate,6816
100,67,Ordered,square,30,stay,1207
100,67,Ordered,square,40,stay,1119
100,67,Ordered,square,60,evacuate,1032
100,67,Ordered,square,90,evacuate,1224
100,67,Ordered,square,70,evacuate,1343
10,67,Ordered,square,30,stay,1608
10,67,Ordered,square,60,evacuate,776
10,67,Ordered,square,70,evacuate,743
10,67,Ordered,square,50,evacuate,1624
100,67,Ordered,square,50,evacuate,2080
10,67,Ordered,square,40,evacuate,1415
10,67,Ordered,square,20,stay,1048
10,67,Ordered,square,10,stay,761
100,67,Ordered,square,20,stay,927
10,67,Ordered,square,80,evacuate,815
100,67,Ordered,square,100,evacuate,976
100,67,Ordered,square,10,stay,919
100,67,Ordered,square,80,evacuate,1240
100,67,Ordered,house,40,stay,2462
10,67,Ordered,house,40,stay,1031
100,67,Ordered,house,80,evacuate,844
100,67,Ordered,house,10,stay,1213
100,67,Ordered,house,20,stay,1692
10,67,Ordered,house,90,evacuate,1023
10,67,Ordered,house,10,stay,815
10,67,Ordered,house,0,stay,1815
10,67,Ordered,house,30,stay,928
10,67,Ordered,house,70,evacuate,768
10,67,Ordered,house,60,evacuate,1047
100,67,Ordered,house,70,evacuate,1085
100,67,Ordered,house,90,evacuate,3725
100,67,Ordered,house,30,stay,870
10,67,Ordered,house,50,evacuate,1479
10,67,Ordered,house,20,stay,968
100,67,Ordered,house,50,evacuate,1134
10,67,Ordered,house,80,evacuate,1040
100,67,Ordered,house,60,evacuate,975
10,67,Random,square,60,evacuate,1479
100,67,Random,square,80,evacuate,1007
10,67,Random,square,50,evacuate,1361
10,67,Random,square,20,stay,847
100,67,Random,square,90,evacuate,847
100,67,Random,square,70,evacuate,719
100,67,Random,square,20,stay,1431
10,67,Random,square,80,evacuate,944
10,67,Random,square,40,evacuate,840
10,67,Random,square,100,evacuate,904
10,67,Random,square,10,stay,895
10,67,Random,square,70,evacuate,783
100,67,Random,square,60,evacuate,1127
10,67,Random,square,90,evacuate,1240
100,67,Random,square,30,stay,975
10,67,Random,square,30,stay,1087
100,67,Random,square,40,evacuate,1032
100,67,Random,square,10,stay,823
100,67,Random,square,50,evacuate,679
100,67,Random,house,50,evacuate,25356
100,67,Random,house,70,evacuate,917
10,67,Random,house,80,evacuate,6927
100,67,Random,house,40,stay,1533
10,67,Random,house,20,stay,2279
10,67,Random,house,40,evacuate,1552
100,67,Random,house,60,evacuate,981
10,67,Random,house,70,evacuate,1192
100,67,Random,house,10,stay,1142
10,67,Random,house,30,stay,1264
10,67,Random,house,10,stay,904
100,67,Random,house,0,stay,1125
10,67,Random,house,60,evacuate,1279
100,67,Random,house,80,evacuate,941
100,67,Random,house,90,evacuate,974
100,67,Random,house,20,stay,1101
100,67,Random,house,30,stay,16669
10,67,Random,house,50,evacuate,1328
10,67,Random,house,90,evacuate,751
100,68,NA,naturalFrequency,60,evacuate,5964
100,68,NA,naturalFrequency,30,stay,1928
10,68,NA,naturalFrequency,60,evacuate,3032
100,68,NA,naturalFrequency,80,evacuate,3225
10,68,NA,naturalFrequency,90,evacuate,1416
100,68,NA,naturalFrequency,10,stay,2288
100,68,NA,naturalFrequency,90,evacuate,1841
100,68,NA,naturalFrequency,20,stay,2344
10,68,NA,naturalFrequency,50,evacuate,2288
100,68,NA,naturalFrequency,70,evacuate,1479
10,68,NA,naturalFrequency,40,stay,2393
10,68,NA,naturalFrequency,70,evacuate,1745
100,68,NA,naturalFrequency,50,stay,1528
10,68,NA,naturalFrequency,80,evacuate,1416
10,68,NA,naturalFrequency,20,stay,2304
100,68,NA,naturalFrequency,40,stay,1608
10,68,NA,naturalFrequency,10,stay,1160
10,68,NA,naturalFrequency,100,evacuate,1583
10,68,NA,naturalFrequency,30,stay,1368
10,68,Ordered,square,20,stay,5070
100,68,Ordered,square,10,stay,3495
100,68,Ordered,square,80,evacuate,2496
10,68,Ordered,square,90,evacuate,1328
100,68,Ordered,square,90,evacuate,1199
100,68,Ordered,square,20,stay,1440
100,68,Ordered,square,70,evacuate,1223
100,68,Ordered,square,60,evacuate,1320
10,68,Ordered,square,60,evacuate,1281
10,68,Ordered,square,40,stay,1295
10,68,Ordered,square,70,evacuate,1121
10,68,Ordered,square,80,evacuate,1664
10,68,Ordered,square,50,stay,1424
100,68,Ordered,square,0,stay,2040
10,68,Ordered,square,10,stay,2880
100,68,Ordered,square,40,stay,1671
10,68,Ordered,square,30,stay,1233
100,68,Ordered,square,30,stay,1064
100,68,Ordered,square,50,evacuate,1145
10,68,Ordered,house,40,stay,3783
10,68,Ordered,house,30,stay,880
10,68,Ordered,house,60,evacuate,1072
10,68,Ordered,house,50,stay,1344
10,68,Ordered,house,70,evacuate,1505
100,68,Ordered,house,10,stay,1455
100,68,Ordered,house,50,evacuate,2870
100,68,Ordered,house,20,stay,1310
10,68,Ordered,house,100,evacuate,2064
10,68,Ordered,house,10,stay,1231
100,68,Ordered,house,80,evacuate,1685
100,68,Ordered,house,70,evacuate,1174
100,68,Ordered,house,60,evacuate,4279
100,68,Ordered,house,40,stay,2431
100,68,Ordered,house,30,stay,1398
10,68,Ordered,house,90,evacuate,1312
10,68,Ordered,house,20,stay,2735
10,68,Ordered,house,80,evacuate,1304
100,68,Ordered,house,90,evacuate,1295
100,68,Random,square,60,evacuate,4524
100,68,Random,square,70,evacuate,1488
10,68,Random,square,90,evacuate,2735
10,68,Random,square,40,stay,2031
100,68,Random,square,90,evacuate,1208
10,68,Random,square,80,evacuate,1104
10,68,Random,square,70,evacuate,904
100,68,Random,square,40,stay,1552
100,68,Random,square,0,stay,983
10,68,Random,square,50,evacuate,1672
10,68,Random,square,60,evacuate,1320
100,68,Random,square,30,stay,1888
10,68,Random,square,20,evacuate,1560
100,68,Random,square,20,stay,2367
100,68,Random,square,80,evacuate,1015
10,68,Random,square,30,stay,2728
100,68,Random,square,10,stay,1231
100,68,Random,square,50,evacuate,1568
10,68,Random,square,10,stay,3647
100,68,Random,house,50,stay,3367
10,68,Random,house,40,stay,1271
100,68,Random,house,70,evacuate,1150
10,68,Random,house,0,stay,1023
10,68,Random,house,20,stay,3103
100,68,Random,house,20,stay,1262
10,68,Random,house,10,stay,1240
10,68,Random,house,80,evacuate,1095
100,68,Random,house,80,evacuate,1183
100,68,Random,house,10,stay,1262
10,68,Random,house,50,stay,1432
100,68,Random,house,90,evacuate,1326
100,68,Random,house,60,evacuate,1174
10,68,Random,house,70,stay,1367
10,68,Random,house,60,evacuate,1368
100,68,Random,house,30,stay,1348
100,68,Random,house,40,stay,1062
10,68,Random,house,30,stay,1431
10,68,Random,house,90,evacuate,977
10,69,NA,naturalFrequency,10,stay,3534
10,69,NA,naturalFrequency,20,stay,2070
100,69,NA,naturalFrequency,90,evacuate,1831
100,69,NA,naturalFrequency,60,evacuate,1583
10,69,NA,naturalFrequency,70,evacuate,1670
100,69,NA,naturalFrequency,40,evacuate,3558
10,69,NA,naturalFrequency,100,evacuate,1568
100,69,NA,naturalFrequency,70,evacuate,1223
10,69,NA,naturalFrequency,80,evacuate,1127
10,69,NA,naturalFrequency,60,evacuate,1143
100,69,NA,naturalFrequency,20,evacuate,3079
10,69,NA,naturalFrequency,30,stay,3191
10,69,NA,naturalFrequency,40,evacuate,1182
10,69,NA,naturalFrequency,90,evacuate,1127
100,69,NA,naturalFrequency,80,evacuate,1311
10,69,NA,naturalFrequency,50,evacuate,2550
100,69,NA,naturalFrequency,10,stay,3910
100,69,NA,naturalFrequency,50,evacuate,1120
100,69,NA,naturalFrequency,30,evacuate,1104
10,69,Ordered,square,60,evacuate,3116
10,69,Ordered,square,70,evacuate,1415
100,69,Ordered,square,20,stay,4494
100,69,Ordered,square,50,evacuate,1182
10,69,Ordered,square,10,stay,1670
10,69,Ordered,square,30,evacuate,1695
100,69,Ordered,square,30,evacuate,5900
100,69,Ordered,square,40,evacuate,1086
100,69,Ordered,square,70,evacuate,1079
100,69,Ordered,square,90,evacuate,1102
10,69,Ordered,square,80,evacuate,1990
100,69,Ordered,square,60,evacuate,1575
10,69,Ordered,square,20,stay,1591
10,69,Ordered,square,50,evacuate,943
100,69,Ordered,square,80,evacuate,2326
100,69,Ordered,square,10,stay,1349
10,69,Ordered,square,40,evacuate,1600
10,69,Ordered,square,90,evacuate,1103
100,69,Ordered,square,0,stay,2072
10,69,Ordered,house,100,evacuate,3220
100,69,Ordered,house,30,stay,4589
10,69,Ordered,house,60,evacuate,1631
10,69,Ordered,house,90,evacuate,1254
10,69,Ordered,house,80,evacuate,1031
100,69,Ordered,house,20,stay,2309
100,69,Ordered,house,90,evacuate,1419
10,69,Ordered,house,30,stay,2510
100,69,Ordered,house,60,evacuate,1477
100,69,Ordered,house,80,evacuate,989
10,69,Ordered,house,40,evacuate,2358
10,69,Ordered,house,50,evacuate,1158
100,69,Ordered,house,50,evacuate,2258
100,69,Ordered,house,40,evacuate,1243
10,69,Ordered,house,20,stay,1432
100,69,Ordered,house,10,stay,2389
10,69,Ordered,house,70,evacuate,1131
100,69,Ordered,house,70,evacuate,2396
10,69,Ordered,house,10,stay,1447
10,69,Random,square,90,evacuate,3596
10,69,Random,square,60,evacuate,1303
10,69,Random,square,70,evacuate,2575
10,69,Random,square,80,evacuate,1375
10,69,Random,square,50,evacuate,1303
100,69,Random,square,30,evacuate,7253
100,69,Random,square,60,evacuate,1295
100,69,Random,square,80,evacuate,1270
100,69,Random,square,20,stay,4102
10,69,Random,square,10,stay,1448
100,69,Random,square,50,evacuate,1318
10,69,Random,square,20,stay,1774
100,69,Random,square,90,evacuate,1246
100,69,Random,square,70,evacuate,1749
10,69,Random,square,100,evacuate,1295
100,69,Random,square,40,evacuate,1502
100,69,Random,square,10,stay,1760
10,69,Random,square,40,evacuate,1671
10,69,Random,square,30,stay,3494
100,69,Random,house,80,evacuate,4463
10,69,Random,house,40,evacuate,2077
100,69,Random,house,50,evacuate,1460
100,69,Random,house,30,evacuate,3069
100,69,Random,house,60,evacuate,1421
10,69,Random,house,90,evacuate,1840
100,69,Random,house,20,stay,4171
100,69,Random,house,40,evacuate,1085
100,69,Random,house,0,stay,1435
100,69,Random,house,70,evacuate,1203
100,69,Random,house,10,stay,1844
10,69,Random,house,60,evacuate,1582
10,69,Random,house,20,stay,1575
10,69,Random,house,30,evacuate,1838
10,69,Random,house,10,stay,1423
10,69,Random,house,70,evacuate,1014
10,69,Random,house,50,evacuate,1160
100,69,Random,house,90,evacuate,1652
10,69,Random,house,80,evacuate,1423
100,70,NA,naturalFrequency,10,stay,4728
10,70,NA,naturalFrequency,80,stay,1264
100,70,NA,naturalFrequency,70,evacuate,1138
100,70,NA,naturalFrequency,90,evacuate,695
10,70,NA,naturalFrequency,40,stay,861
100,70,NA,naturalFrequency,60,evacuate,1044
10,70,NA,naturalFrequency,60,stay,996
100,70,NA,naturalFrequency,20,evacuate,1028
100,70,NA,naturalFrequency,50,evacuate,1099
10,70,NA,naturalFrequency,10,stay,1029
100,70,NA,naturalFrequency,80,evacuate,885
10,70,NA,naturalFrequency,50,stay,1193
10,70,NA,naturalFrequency,90,stay,916
10,70,NA,naturalFrequency,70,evacuate,1516
100,70,NA,naturalFrequency,40,evacuate,1280
100,70,NA,naturalFrequency,30,evacuate,2150
10,70,NA,naturalFrequency,20,evacuate,3335
10,70,NA,naturalFrequency,0,stay,1361
10,70,NA,naturalFrequency,30,evacuate,1691
100,70,Ordered,square,100,evacuate,4765
100,70,Ordered,square,20,evacuate,3351
10,70,Ordered,square,20,evacuate,1184
10,70,Ordered,square,40,evacuate,791
100,70,Ordered,square,30,evacuate,1279
10,70,Ordered,square,70,evacuate,971
10,70,Ordered,square,30,evacuate,1029
10,70,Ordered,square,80,evacuate,831
100,70,Ordered,square,60,evacuate,1187
100,70,Ordered,square,70,evacuate,726
100,70,Ordered,square,50,evacuate,860
10,70,Ordered,square,10,stay,1573
100,70,Ordered,square,80,evacuate,941
100,70,Ordered,square,90,evacuate,775
10,70,Ordered,square,50,evacuate,987
100,70,Ordered,square,10,evacuate,3549
10,70,Ordered,square,90,evacuate,1107
100,70,Ordered,square,40,evacuate,1303
10,70,Ordered,square,60,evacuate,1114
100,70,Ordered,house,60,evacuate,7587
10,70,Ordered,house,100,evacuate,1295
10,70,Ordered,house,20,evacuate,1327
100,70,Ordered,house,10,stay,2006
100,70,Ordered,house,40,evacuate,796
10,70,Ordered,house,70,evacuate,1075
100,70,Ordered,house,90,evacuate,987
10,70,Ordered,house,30,evacuate,981
100,70,Ordered,house,20,evacuate,1618
10,70,Ordered,house,80,evacuate,972
100,70,Ordered,house,70,evacuate,1000
10,70,Ordered,house,10,stay,1224
100,70,Ordered,house,50,evacuate,885
10,70,Ordered,house,60,evacuate,862
10,70,Ordered,house,50,evacuate,893
10,70,Ordered,house,90,evacuate,718
100,70,Ordered,house,30,evacuate,1460
10,70,Ordered,house,40,evacuate,963
100,70,Ordered,house,80,evacuate,1365
10,70,Random,square,80,evacuate,1256
10,70,Random,square,10,stay,1215
100,70,Random,square,80,evacuate,1590
100,70,Random,square,20,evacuate,1841
100,70,Random,square,30,evacuate,8488
10,70,Random,square,30,evacuate,1179
10,70,Random,square,100,evacuate,962
100,70,Random,square,90,evacuate,1028
10,70,Random,square,60,evacuate,869
100,70,Random,square,60,evacuate,989
100,70,Random,square,40,evacuate,1034
10,70,Random,square,20,evacuate,1114
100,70,Random,square,10,stay,2095
100,70,Random,square,50,evacuate,514
10,70,Random,square,90,evacuate,2119
10,70,Random,square,40,evacuate,694
10,70,Random,square,70,evacuate,679
10,70,Random,square,50,evacuate,766
100,70,Random,square,70,evacuate,1044
10,70,Random,house,80,evacuate,2908
100,70,Random,house,90,evacuate,977
100,70,Random,house,10,stay,1453
100,70,Random,house,0,stay,907
10,70,Random,house,90,evacuate,1327
10,70,Random,house,20,evacuate,1193
10,70,Random,house,50,evacuate,884
100,70,Random,house,30,evacuate,1336
100,70,Random,house,70,evacuate,779
100,70,Random,house,20,evacuate,961
10,70,Random,house,40,evacuate,1090
10,70,Random,house,60,evacuate,805
100,70,Random,house,80,evacuate,1144
10,70,Random,house,70,evacuate,837
10,70,Random,house,10,stay,957
100,70,Random,house,60,evacuate,971
100,70,Random,house,50,evacuate,608
10,70,Random,house,30,evacuate,1052
100,70,Random,house,40,evacuate,860
10,71,NA,naturalFrequency,80,evacuate,14198
100,71,NA,naturalFrequency,90,evacuate,6313
100,71,NA,naturalFrequency,30,stay,2741
10,71,NA,naturalFrequency,70,evacuate,2686
100,71,NA,naturalFrequency,60,evacuate,3284
10,71,NA,naturalFrequency,60,evacuate,2460
100,71,NA,naturalFrequency,40,stay,3346
100,71,NA,naturalFrequency,70,evacuate,3602
100,71,NA,naturalFrequency,10,stay,2174
10,71,NA,naturalFrequency,20,stay,1614
10,71,NA,naturalFrequency,40,evacuate,1452
10,71,NA,naturalFrequency,50,evacuate,1406
100,71,NA,naturalFrequency,80,evacuate,1623
100,71,NA,naturalFrequency,20,stay,2034
10,71,NA,naturalFrequency,30,stay,1382
10,71,NA,naturalFrequency,10,stay,1366
100,71,NA,naturalFrequency,0,stay,1562
10,71,NA,naturalFrequency,90,evacuate,2764
100,71,NA,naturalFrequency,50,evacuate,1792
10,71,Ordered,square,90,evacuate,15891
10,71,Ordered,square,10,stay,5540
10,71,Ordered,square,40,evacuate,7132
100,71,Ordered,square,50,evacuate,2373
10,71,Ordered,square,70,evacuate,6922
10,71,Ordered,square,50,evacuate,1614
100,71,Ordered,square,70,evacuate,2577
100,71,Ordered,square,40,stay,1511
10,71,Ordered,square,60,evacuate,4228
100,71,Ordered,square,80,evacuate,1428
100,71,Ordered,square,10,stay,4103
100,71,Ordered,square,20,stay,1800
100,71,Ordered,square,30,stay,4378
100,71,Ordered,square,60,evacuate,2852
100,71,Ordered,square,0,stay,1838
100,71,Ordered,square,90,evacuate,1522
10,71,Ordered,square,80,evacuate,4375
10,71,Ordered,square,20,stay,1605
10,71,Ordered,square,30,evacuate,3956
100,71,Ordered,house,40,evacuate,9774
100,71,Ordered,house,90,evacuate,1843
100,71,Ordered,house,60,evacuate,1160
10,71,Ordered,house,10,stay,2365
10,71,Ordered,house,80,evacuate,1791
100,71,Ordered,house,10,stay,2052
10,71,Ordered,house,70,evacuate,1387
100,71,Ordered,house,20,stay,2518
10,71,Ordered,house,20,stay,2133
10,71,Ordered,house,40,evacuate,1459
10,71,Ordered,house,90,evacuate,1325
10,71,Ordered,house,60,evacuate,2258
100,71,Ordered,house,50,evacuate,1510
100,71,Ordered,house,0,stay,1377
100,71,Ordered,house,70,evacuate,2254
100,71,Ordered,house,80,evacuate,897
100,71,Ordered,house,30,evacuate,2688
10,71,Ordered,house,50,evacuate,1735
10,71,Ordered,house,30,evacuate,4857
100,71,Random,square,10,stay,8004
10,71,Random,square,40,evacuate,5804
100,71,Random,square,60,evacuate,3443
10,71,Random,square,60,evacuate,1505
10,71,Random,square,30,stay,1296
100,71,Random,square,20,stay,2342
10,71,Random,square,20,stay,1391
10,71,Random,square,0,stay,1102
10,71,Random,square,90,evacuate,1046
10,71,Random,square,10,stay,3670
100,71,Random,square,80,evacuate,1473
100,71,Random,square,30,evacuate,1807
100,71,Random,square,70,evacuate,992
10,71,Random,square,80,evacuate,1240
10,71,Random,square,50,evacuate,1878
10,71,Random,square,70,evacuate,1606
100,71,Random,square,40,evacuate,3762
100,71,Random,square,50,evacuate,1504
100,71,Random,square,90,evacuate,1954
10,71,Random,house,60,evacuate,4063
100,71,Random,house,0,stay,1726
10,71,Random,house,10,stay,1527
10,71,Random,house,40,evacuate,1606
10,71,Random,house,80,evacuate,1047
10,71,Random,house,30,stay,1676
100,71,Random,house,60,evacuate,1409
100,71,Random,house,40,evacuate,2532
10,71,Random,house,90,evacuate,1899
100,71,Random,house,70,evacuate,1945
100,71,Random,house,80,evacuate,1764
100,71,Random,house,10,stay,1293
100,71,Random,house,50,evacuate,1617
10,71,Random,house,20,stay,1705
100,71,Random,house,20,stay,5279
100,71,Random,house,90,evacuate,1479
100,71,Random,house,30,stay,2115
10,71,Random,house,70,evacuate,1561
10,71,Random,house,50,evacuate,3615
10,72,NA,naturalFrequency,30,stay,7377
10,72,NA,naturalFrequency,60,evacuate,3586
100,72,NA,naturalFrequency,70,evacuate,1295
100,72,NA,naturalFrequency,40,stay,1782
100,72,NA,naturalFrequency,10,stay,1220
10,72,NA,naturalFrequency,0,stay,878
100,72,NA,naturalFrequency,90,evacuate,1274
10,72,NA,naturalFrequency,70,evacuate,1314
10,72,NA,naturalFrequency,20,stay,950
10,72,NA,naturalFrequency,90,evacuate,832
100,72,NA,naturalFrequency,50,stay,7648
10,72,NA,naturalFrequency,10,stay,982
100,72,NA,naturalFrequency,30,stay,914
10,72,NA,naturalFrequency,40,stay,616
100,72,NA,naturalFrequency,60,evacuate,846
100,72,NA,naturalFrequency,80,evacuate,728
100,72,NA,naturalFrequency,20,stay,688
10,72,NA,naturalFrequency,50,stay,1624
10,72,NA,naturalFrequency,80,evacuate,756
10,72,Ordered,square,90,evacuate,6630
100,72,Ordered,square,90,evacuate,1202
10,72,Ordered,square,60,evacuate,1303
100,72,Ordered,square,0,stay,1036
10,72,Ordered,square,10,stay,1100
100,72,Ordered,square,40,stay,794
10,72,Ordered,square,40,stay,900
100,72,Ordered,square,10,stay,872
100,72,Ordered,square,70,evacuate,1010
100,72,Ordered,square,80,evacuate,730
100,72,Ordered,square,60,evacuate,820
10,72,Ordered,square,80,evacuate,982
100,72,Ordered,square,50,stay,922
10,72,Ordered,square,70,evacuate,934
10,72,Ordered,square,50,stay,706
100,72,Ordered,square,20,stay,1099
100,72,Ordered,square,30,stay,774
10,72,Ordered,square,30,stay,812
10,72,Ordered,square,20,stay,756
10,72,Ordered,house,90,evacuate,2602
10,72,Ordered,house,10,stay,1118
100,72,Ordered,house,80,evacuate,958
100,72,Ordered,house,70,evacuate,901
100,72,Ordered,house,50,evacuate,878
10,72,Ordered,house,20,stay,996
100,72,Ordered,house,40,stay,851
100,72,Ordered,house,90,evacuate,1007
10,72,Ordered,house,70,evacuate,950
10,72,Ordered,house,40,stay,1377
100,72,Ordered,house,30,stay,707
10,72,Ordered,house,60,evacuate,912
100,72,Ordered,house,20,stay,822
100,72,Ordered,house,60,evacuate,673
10,72,Ordered,house,50,stay,1002
10,72,Ordered,house,100,evacuate,652
10,72,Ordered,house,80,evacuate,678
100,72,Ordered,house,10,stay,951
10,72,Ordered,house,30,stay,837
10,72,Random,square,0,stay,2353
100,72,Random,square,50,stay,4139
100,72,Random,square,70,evacuate,677
10,72,Random,square,60,evacuate,1116
10,72,Random,square,20,stay,672
10,72,Random,square,10,stay,841
100,72,Random,square,40,stay,1218
10,72,Random,square,70,evacuate,782
100,72,Random,square,10,stay,765
100,72,Random,square,90,evacuate,618
10,72,Random,square,40,stay,1714
100,72,Random,square,20,stay,837
100,72,Random,square,30,stay,728
10,72,Random,square,30,stay,1036
10,72,Random,square,90,evacuate,596
100,72,Random,square,80,evacuate,857
10,72,Random,square,50,stay,3841
100,72,Random,square,60,evacuate,939
10,72,Random,square,80,evacuate,1476
100,72,Random,house,80,evacuate,2595
100,72,Random,house,70,stay,1454
10,72,Random,house,0,stay,1110
100,72,Random,house,20,stay,919
10,72,Random,house,80,evacuate,950
10,72,Random,house,30,stay,980
100,72,Random,house,40,stay,902
10,72,Random,house,10,stay,866
10,72,Random,house,60,evacuate,1136
100,72,Random,house,10,stay,869
10,72,Random,house,90,evacuate,1108
100,72,Random,house,50,stay,902
100,72,Random,house,30,stay,695
100,72,Random,house,60,stay,1271
10,72,Random,house,20,stay,986
10,72,Random,house,50,evacuate,880
100,72,Random,house,90,evacuate,940
10,72,Random,house,70,evacuate,1206
10,72,Random,house,40,stay,1062
100,73,NA,naturalFrequency,50,evacuate,10996
100,73,NA,naturalFrequency,20,evacuate,8294
100,73,NA,naturalFrequency,40,evacuate,5296
10,73,NA,naturalFrequency,30,evacuate,5998
10,73,NA,naturalFrequency,80,evacuate,3390
100,73,NA,naturalFrequency,90,evacuate,4607
100,73,NA,naturalFrequency,70,evacuate,2702
10,73,NA,naturalFrequency,50,evacuate,2004
10,73,NA,naturalFrequency,60,evacuate,3563
10,73,NA,naturalFrequency,90,evacuate,1718
100,73,NA,naturalFrequency,30,stay,2359
10,73,NA,naturalFrequency,100,evacuate,2405
100,73,NA,naturalFrequency,10,stay,2330
100,73,NA,naturalFrequency,80,evacuate,2452
10,73,NA,naturalFrequency,70,evacuate,2051
100,73,NA,naturalFrequency,60,evacuate,3202
10,73,NA,naturalFrequency,10,stay,3748
10,73,NA,naturalFrequency,20,stay,1577
10,73,NA,naturalFrequency,40,stay,1499
100,73,Ordered,square,50,evacuate,9007
100,73,Ordered,square,30,stay,5236
10,73,Ordered,square,70,evacuate,2693
10,73,Ordered,square,60,stay,1543
10,73,Ordered,square,90,stay,2514
100,73,Ordered,square,60,evacuate,4641
100,73,Ordered,square,80,evacuate,1982
100,73,Ordered,square,40,stay,1527
10,73,Ordered,square,20,stay,2419
10,73,Ordered,square,80,evacuate,1390
100,73,Ordered,square,0,stay,2085
10,73,Ordered,square,40,stay,2170
10,73,Ordered,square,10,stay,1288
100,73,Ordered,square,70,evacuate,1894
10,73,Ordered,square,30,stay,1612
100,73,Ordered,square,90,evacuate,1735
10,73,Ordered,square,50,evacuate,2542
100,73,Ordered,square,10,stay,2727
100,73,Ordered,square,20,stay,1542
10,73,Ordered,house,70,evacuate,3730
100,73,Ordered,house,90,evacuate,3426
100,73,Ordered,house,30,stay,1532
100,73,Ordered,house,50,stay,2089
100,73,Ordered,house,20,stay,1352
10,73,Ordered,house,10,stay,7808
10,73,Ordered,house,30,stay,1243
100,73,Ordered,house,40,stay,1787
10,73,Ordered,house,0,stay,2890
100,73,Ordered,house,80,evacuate,1759
100,73,Ordered,house,60,evacuate,2356
10,73,Ordered,house,50,stay,2188
10,73,Ordered,house,60,evacuate,1720
10,73,Ordered,house,80,evacuate,1458
10,73,Ordered,house,20,stay,1354
10,73,Ordered,house,40,stay,1478
100,73,Ordered,house,70,evacuate,3709
100,73,Ordered,house,10,stay,1414
10,73,Ordered,house,90,evacuate,12397
10,73,Random,square,90,evacuate,2773
100,73,Random,square,90,evacuate,1691
10,73,Random,square,20,stay,1543
10,73,Random,square,60,evacuate,1371
100,73,Random,square,100,evacuate,1659
100,73,Random,square,70,stay,1616
10,73,Random,square,40,stay,1812
10,73,Random,square,70,evacuate,2019
100,73,Random,square,60,evacuate,2100
100,73,Random,square,40,stay,1796
100,73,Random,square,10,stay,1630
10,73,Random,square,30,stay,1743
100,73,Random,square,20,stay,1831
100,73,Random,square,50,evacuate,1431
100,73,Random,square,30,stay,1348
10,73,Random,square,50,stay,1687
100,73,Random,square,80,evacuate,2430
10,73,Random,square,80,evacuate,1798
10,73,Random,square,10,stay,1351
100,73,Random,house,10,stay,2207
10,73,Random,house,80,evacuate,2098
100,73,Random,house,50,evacuate,2034
10,73,Random,house,60,evacuate,1960
10,73,Random,house,20,stay,2126
10,73,Random,house,90,evacuate,1382
100,73,Random,house,30,stay,2330
100,73,Random,house,40,stay,5156
10,73,Random,house,10,stay,1933
10,73,Random,house,70,evacuate,1967
100,73,Random,house,80,evacuate,2083
100,73,Random,house,20,stay,1558
100,73,Random,house,100,evacuate,1628
10,73,Random,house,50,evacuate,4607
100,73,Random,house,60,evacuate,3116
10,73,Random,house,40,stay,2643
100,73,Random,house,70,evacuate,2089
10,73,Random,house,30,stay,4648
100,73,Random,house,90,evacuate,1890
10,74,NA,naturalFrequency,10,stay,9347
10,74,NA,naturalFrequency,50,evacuate,3640
10,74,NA,naturalFrequency,60,evacuate,3444
100,74,NA,naturalFrequency,80,evacuate,2500
100,74,NA,naturalFrequency,60,evacuate,1886
100,74,NA,naturalFrequency,70,evacuate,1714
100,74,NA,naturalFrequency,40,evacuate,5414
100,74,NA,naturalFrequency,30,stay,6708
10,74,NA,naturalFrequency,30,stay,3717
100,74,NA,naturalFrequency,0,stay,4332
10,74,NA,naturalFrequency,20,stay,1580
10,74,NA,naturalFrequency,40,evacuate,1620
100,74,NA,naturalFrequency,50,evacuate,1698
10,74,NA,naturalFrequency,80,evacuate,1970
10,74,NA,naturalFrequency,90,evacuate,1386
100,74,NA,naturalFrequency,90,evacuate,1696
100,74,NA,naturalFrequency,10,stay,2620
100,74,NA,naturalFrequency,20,stay,2050
10,74,NA,naturalFrequency,70,evacuate,1802
10,74,Ordered,square,70,evacuate,7966
10,74,Ordered,square,40,evacuate,4221
100,74,Ordered,square,20,stay,2392
10,74,Ordered,square,50,evacuate,1870
100,74,Ordered,square,50,evacuate,1964
100,74,Ordered,square,30,stay,2600
100,74,Ordered,square,90,evacuate,2052
100,74,Ordered,square,80,evacuate,3728
10,74,Ordered,square,60,evacuate,1772
10,74,Ordered,square,10,stay,1428
100,74,Ordered,square,40,evacuate,3994
100,74,Ordered,square,10,stay,1634
10,74,Ordered,square,90,evacuate,1800
10,74,Ordered,square,80,evacuate,2166
10,74,Ordered,square,20,stay,1826
10,74,Ordered,square,30,stay,2790
100,74,Ordered,square,100,evacuate,1588
100,74,Ordered,square,60,evacuate,1468
100,74,Ordered,square,70,evacuate,1616
100,74,Ordered,house,50,evacuate,8704
100,74,Ordered,house,30,stay,2326
100,74,Ordered,house,60,evacuate,1422
100,74,Ordered,house,20,stay,1218
10,74,Ordered,house,20,stay,3047
100,74,Ordered,house,10,stay,1435
10,74,Ordered,house,30,stay,1666
100,74,Ordered,house,70,evacuate,1614
10,74,Ordered,house,90,evacuate,1575
100,74,Ordered,house,90,evacuate,2344
10,74,Ordered,house,80,evacuate,2832
10,74,Ordered,house,50,evacuate,1471
10,74,Ordered,house,40,evacuate,4013
10,74,Ordered,house,70,evacuate,1506
100,74,Ordered,house,40,evacuate,1902
10,74,Ordered,house,60,evacuate,1584
10,74,Ordered,house,10,stay,1378
100,74,Ordered,house,80,evacuate,1518
100,74,Ordered,house,100,evacuate,1230
10,74,Random,square,30,stay,3812
100,74,Random,square,70,evacuate,4389
100,74,Random,square,80,evacuate,1472
100,74,Random,square,20,stay,1682
100,74,Random,square,90,evacuate,1280
100,74,Random,square,60,evacuate,1883
10,74,Random,square,0,stay,1624
10,74,Random,square,20,stay,1374
10,74,Random,square,60,evacuate,1240
100,74,Random,square,40,evacuate,3314
10,74,Random,square,70,evacuate,1971
10,74,Random,square,10,stay,1234
100,74,Random,square,50,evacuate,2918
10,74,Random,square,40,evacuate,2138
10,74,Random,square,80,evacuate,1959
10,74,Random,square,50,evacuate,1470
100,74,Random,square,10,stay,1338
10,74,Random,square,90,evacuate,1269
100,74,Random,square,30,stay,4886
10,74,Random,house,10,stay,3422
10,74,Random,house,20,stay,1393
100,74,Random,house,70,evacuate,1990
100,74,Random,house,40,evacuate,5006
100,74,Random,house,90,evacuate,1234
10,74,Random,house,30,stay,1648
100,74,Random,house,50,evacuate,4413
100,74,Random,house,80,evacuate,1562
10,74,Random,house,70,evacuate,1441
100,74,Random,house,20,stay,1434
100,74,Random,house,60,evacuate,3012
10,74,Random,house,90,evacuate,1359
10,74,Random,house,50,evacuate,1738
10,74,Random,house,40,stay,5952
100,74,Random,house,0,stay,2078
100,74,Random,house,30,stay,2158
10,74,Random,house,80,evacuate,2151
10,74,Random,house,60,evacuate,1937
100,74,Random,house,10,stay,1392
100,75,NA,naturalFrequency,100,evacuate,8055
100,75,NA,naturalFrequency,40,evacuate,5840
10,75,NA,naturalFrequency,30,stay,4196
10,75,NA,naturalFrequency,70,evacuate,2115
100,75,NA,naturalFrequency,30,evacuate,2059
100,75,NA,naturalFrequency,90,evacuate,3251
100,75,NA,naturalFrequency,80,evacuate,1088
10,75,NA,naturalFrequency,60,evacuate,2500
10,75,NA,naturalFrequency,90,evacuate,1071
100,75,NA,naturalFrequency,70,evacuate,2196
100,75,NA,naturalFrequency,50,evacuate,1634
100,75,NA,naturalFrequency,60,evacuate,1316
10,75,NA,naturalFrequency,20,stay,2204
10,75,NA,naturalFrequency,10,stay,1688
100,75,NA,naturalFrequency,20,stay,1553
10,75,NA,naturalFrequency,50,evacuate,2901
100,75,NA,naturalFrequency,10,stay,2114
10,75,NA,naturalFrequency,80,evacuate,2047
10,75,NA,naturalFrequency,40,evacuate,1420
100,75,Ordered,square,90,evacuate,8379
10,75,Ordered,square,30,evacuate,3239
10,75,Ordered,square,70,evacuate,1563
10,75,Ordered,square,20,stay,1451
10,75,Ordered,square,40,evacuate,1372
10,75,Ordered,square,60,evacuate,1304
100,75,Ordered,square,40,evacuate,1620
100,75,Ordered,square,50,evacuate,3260
10,75,Ordered,square,90,evacuate,1500
10,75,Ordered,square,80,evacuate,1543
10,75,Ordered,square,100,evacuate,3352
100,75,Ordered,square,60,evacuate,1172
100,75,Ordered,square,10,stay,1678
10,75,Ordered,square,50,evacuate,1610
100,75,Ordered,square,70,evacuate,1147
100,75,Ordered,square,30,evacuate,1295
100,75,Ordered,square,80,evacuate,1124
10,75,Ordered,square,10,stay,2056
100,75,Ordered,square,20,stay,2332
10,75,Ordered,house,40,evacuate,4037
100,75,Ordered,house,10,stay,2044
100,75,Ordered,house,90,evacuate,1244
100,75,Ordered,house,70,evacuate,939
100,75,Ordered,house,30,stay,2561
10,75,Ordered,house,90,evacuate,1194
10,75,Ordered,house,70,evacuate,935
100,75,Ordered,house,40,evacuate,1316
10,75,Ordered,house,60,evacuate,1374
100,75,Ordered,house,100,evacuate,1370
10,75,Ordered,house,20,stay,1621
100,75,Ordered,house,20,stay,1315
10,75,Ordered,house,50,evacuate,1291
100,75,Ordered,house,50,evacuate,1955
100,75,Ordered,house,60,evacuate,1271
10,75,Ordered,house,10,stay,3545
100,75,Ordered,house,80,evacuate,1211
10,75,Ordered,house,80,evacuate,5491
10,75,Ordered,house,30,evacuate,1609
10,75,Random,square,70,evacuate,3497
100,75,Random,square,10,stay,3790
10,75,Random,square,60,evacuate,1316
100,75,Random,square,40,evacuate,1158
10,75,Random,square,10,stay,1653
10,75,Random,square,50,evacuate,1387
10,75,Random,square,30,evacuate,1632
100,75,Random,square,90,evacuate,1123
100,75,Random,square,20,stay,1454
100,75,Random,square,30,evacuate,1554
10,75,Random,square,90,evacuate,1813
100,75,Random,square,60,evacuate,1889
100,75,Random,square,50,evacuate,1112
10,75,Random,square,80,evacuate,1554
10,75,Random,square,20,stay,2767
10,75,Random,square,40,evacuate,1667
100,75,Random,square,0,stay,1588
100,75,Random,square,70,evacuate,1554
100,75,Random,square,80,evacuate,1177
10,75,Random,house,0,stay,3452
10,75,Random,house,40,evacuate,1929
100,75,Random,house,20,stay,1607
10,75,Random,house,30,evacuate,1870
100,75,Random,house,70,evacuate,2203
10,75,Random,house,70,evacuate,1315
100,75,Random,house,90,evacuate,1259
100,75,Random,house,10,stay,1234
10,75,Random,house,90,evacuate,1161
100,75,Random,house,50,evacuate,1168
100,75,Random,house,80,evacuate,1213
10,75,Random,house,20,stay,1394
10,75,Random,house,50,evacuate,4243
10,75,Random,house,10,stay,1822
100,75,Random,house,40,stay,1964
100,75,Random,house,30,stay,1944
100,75,Random,house,60,evacuate,1304
10,75,Random,house,60,evacuate,1788
10,75,Random,house,80,evacuate,1013
100,76,NA,naturalFrequency,10,stay,5211
100,76,NA,naturalFrequency,50,evacuate,4334
10,76,NA,naturalFrequency,90,evacuate,2592
10,76,NA,naturalFrequency,50,evacuate,2772
100,76,NA,naturalFrequency,20,stay,2429
10,76,NA,naturalFrequency,70,evacuate,4151
100,76,NA,naturalFrequency,0,stay,1593
100,76,NA,naturalFrequency,90,evacuate,2289
10,76,NA,naturalFrequency,30,stay,3396
10,76,NA,naturalFrequency,20,stay,1750
100,76,NA,naturalFrequency,30,stay,1676
100,76,NA,naturalFrequency,40,stay,32252
10,76,NA,naturalFrequency,80,evacuate,1740
100,76,NA,naturalFrequency,60,evacuate,1382
10,76,NA,naturalFrequency,60,evacuate,1606
10,76,NA,naturalFrequency,10,stay,1093
100,76,NA,naturalFrequency,80,evacuate,3288
100,76,NA,naturalFrequency,70,evacuate,1008
10,76,NA,naturalFrequency,40,stay,1189
10,76,Ordered,square,90,evacuate,5471
100,76,Ordered,square,60,evacuate,2627
100,76,Ordered,square,40,stay,1609
10,76,Ordered,square,70,evacuate,1407
100,76,Ordered,square,90,evacuate,3971
10,76,Ordered,square,50,evacuate,2436
100,76,Ordered,square,10,stay,2444
10,76,Ordered,square,60,evacuate,2456
100,76,Ordered,square,80,stay,1522
100,76,Ordered,square,70,evacuate,1362
10,76,Ordered,square,80,stay,1523
100,76,Ordered,square,30,stay,2567
100,76,Ordered,square,50,stay,1430
10,76,Ordered,square,40,stay,5218
100,76,Ordered,square,20,stay,2197
10,76,Ordered,square,30,stay,3341
10,76,Ordered,square,20,stay,1864
100,76,Ordered,square,100,evacuate,1501
10,76,Ordered,square,10,stay,1557
100,76,Ordered,house,10,stay,2691
100,76,Ordered,house,50,stay,2851
100,76,Ordered,house,30,stay,1192
10,76,Ordered,house,60,evacuate,1537
10,76,Ordered,house,30,stay,1261
100,76,Ordered,house,0,stay,1659
10,76,Ordered,house,80,evacuate,3228
100,76,Ordered,house,80,stay,1630
100,76,Ordered,house,90,evacuate,1464
10,76,Ordered,house,50,evacuate,2575
100,76,Ordered,house,40,stay,1424
100,76,Ordered,house,20,stay,4548
100,76,Ordered,house,60,evacuate,1847
100,76,Ordered,house,70,evacuate,1839
10,76,Ordered,house,10,stay,1504
10,76,Ordered,house,40,evacuate,2709
10,76,Ordered,house,70,evacuate,2131
10,76,Ordered,house,90,stay,2344
10,76,Ordered,house,20,stay,2300
10,76,Random,square,20,stay,3117
100,76,Random,square,50,evacuate,1358
10,76,Random,square,90,evacuate,2530
10,76,Random,square,50,evacuate,1690
100,76,Random,square,90,evacuate,1412
100,76,Random,square,10,stay,2629
10,76,Random,square,70,evacuate,1546
10,76,Random,square,80,evacuate,2716
10,76,Random,square,10,stay,2403
10,76,Random,square,0,stay,1136
100,76,Random,square,60,evacuate,1360
10,76,Random,square,60,evacuate,1837
100,76,Random,square,40,stay,1308
100,76,Random,square,80,evacuate,1219
10,76,Random,square,30,evacuate,2247
10,76,Random,square,40,evacuate,1098
100,76,Random,square,70,evacuate,1977
100,76,Random,square,30,stay,1263
100,76,Random,square,20,stay,1558
100,76,Random,house,60,evacuate,1987
10,76,Random,house,40,stay,3446
100,76,Random,house,100,evacuate,1502
100,76,Random,house,70,evacuate,1252
10,76,Random,house,10,stay,1524
10,76,Random,house,70,stay,2037
10,76,Random,house,90,evacuate,1610
100,76,Random,house,10,stay,2117
10,76,Random,house,80,evacuate,1874
10,76,Random,house,20,stay,1526
100,76,Random,house,40,stay,1724
100,76,Random,house,50,evacuate,3212
100,76,Random,house,30,evacuate,6024
10,76,Random,house,50,evacuate,1883
10,76,Random,house,30,stay,1559
10,76,Random,house,60,stay,1113
100,76,Random,house,20,evacuate,1687
100,76,Random,house,80,evacuate,1307
100,76,Random,house,90,evacuate,1075
10,77,NA,naturalFrequency,80,evacuate,19831
10,77,NA,naturalFrequency,70,evacuate,2876
100,77,NA,naturalFrequency,60,evacuate,4362
10,77,NA,naturalFrequency,50,stay,3946
10,77,NA,naturalFrequency,30,stay,1705
10,77,NA,naturalFrequency,40,stay,2893
10,77,NA,naturalFrequency,20,stay,2025
10,77,NA,naturalFrequency,10,stay,1495
100,77,NA,naturalFrequency,30,stay,2766
100,77,NA,naturalFrequency,20,stay,1695
10,77,NA,naturalFrequency,100,evacuate,2252
100,77,NA,naturalFrequency,50,evacuate,1494
100,77,NA,naturalFrequency,80,evacuate,1659
100,77,NA,naturalFrequency,70,evacuate,2832
100,77,NA,naturalFrequency,40,stay,1866
100,77,NA,naturalFrequency,90,evacuate,1726
10,77,NA,naturalFrequency,60,evacuate,2392
10,77,NA,naturalFrequency,90,evacuate,1431
100,77,NA,naturalFrequency,10,evacuate,4000
10,77,Ordered,square,70,evacuate,17310
100,77,Ordered,square,20,evacuate,5752
100,77,Ordered,square,10,stay,1912
100,77,Ordered,square,70,evacuate,2444
100,77,Ordered,square,80,stay,6382
10,77,Ordered,square,60,stay,2230
10,77,Ordered,square,20,stay,2073
10,77,Ordered,square,40,stay,3305
100,77,Ordered,square,100,evacuate,2022
10,77,Ordered,square,50,evacuate,2213
100,77,Ordered,square,50,evacuate,2280
10,77,Ordered,square,10,stay,3033
10,77,Ordered,square,30,stay,4788
10,77,Ordered,square,80,evacuate,1336
100,77,Ordered,square,30,stay,1927
10,77,Ordered,square,90,evacuate,1782
100,77,Ordered,square,90,evacuate,1587
100,77,Ordered,square,40,evacuate,1413
100,77,Ordered,square,60,stay,2705
10,77,Ordered,house,90,evacuate,3875
100,77,Ordered,house,20,stay,2113
10,77,Ordered,house,50,stay,3121
10,77,Ordered,house,80,evacuate,1529
10,77,Ordered,house,30,stay,2069
100,77,Ordered,house,40,stay,1923
10,77,Ordered,house,100,evacuate,1568
100,77,Ordered,house,70,evacuate,1623
10,77,Ordered,house,40,stay,2221
100,77,Ordered,house,10,stay,1547
100,77,Ordered,house,30,stay,1429
10,77,Ordered,house,10,stay,1849
100,77,Ordered,house,80,evacuate,1877
10,77,Ordered,house,60,evacuate,1860
10,77,Ordered,house,20,stay,2452
100,77,Ordered,house,60,stay,1935
10,77,Ordered,house,70,evacuate,6544
100,77,Ordered,house,90,evacuate,1568
100,77,Ordered,house,50,evacuate,1302
10,77,Random,square,60,evacuate,9031
10,77,Random,square,20,stay,1618
10,77,Random,square,10,stay,1591
100,77,Random,square,30,stay,1655
100,77,Random,square,50,evacuate,11951
100,77,Random,square,0,stay,4417
10,77,Random,square,70,evacuate,5485
100,77,Random,square,80,evacuate,1394
100,77,Random,square,20,stay,1457
100,77,Random,square,10,stay,1830
10,77,Random,square,50,evacuate,57603
10,77,Random,square,30,stay,1662
100,77,Random,square,90,evacuate,1588
10,77,Random,square,80,evacuate,1949
100,77,Random,square,70,evacuate,2577
100,77,Random,square,40,evacuate,3391
10,77,Random,square,40,stay,2970
10,77,Random,square,90,evacuate,3990
100,77,Random,square,60,evacuate,3071
10,77,Random,house,60,evacuate,3761
100,77,Random,house,10,stay,1743
100,77,Random,house,90,evacuate,2094
100,77,Random,house,40,stay,5179
100,77,Random,house,20,stay,1799
100,77,Random,house,70,evacuate,1492
10,77,Random,house,90,evacuate,2739
100,77,Random,house,30,stay,2211
10,77,Random,house,10,stay,6624
10,77,Random,house,80,evacuate,17059
10,77,Random,house,50,evacuate,4860
10,77,Random,house,30,stay,3100
10,77,Random,house,70,evacuate,2229
100,77,Random,house,80,evacuate,17228
10,77,Random,house,20,stay,1898
100,77,Random,house,50,evacuate,1567
10,77,Random,house,40,stay,2899
10,77,Random,house,0,stay,1909
100,77,Random,house,60,stay,2656
10,78,NA,naturalFrequency,0,stay,4374
100,78,NA,naturalFrequency,80,evacuate,2324
10,78,NA,naturalFrequency,70,evacuate,2244
100,78,NA,naturalFrequency,50,evacuate,1770
10,78,NA,naturalFrequency,50,evacuate,1762
100,78,NA,naturalFrequency,10,stay,2085
100,78,NA,naturalFrequency,60,evacuate,946
10,78,NA,naturalFrequency,30,stay,7802
100,78,NA,naturalFrequency,20,stay,944
10,78,NA,naturalFrequency,90,evacuate,1554
10,78,NA,naturalFrequency,10,stay,1066
10,78,NA,naturalFrequency,80,evacuate,762
100,78,NA,naturalFrequency,90,evacuate,770
10,78,NA,naturalFrequency,20,stay,977
100,78,NA,naturalFrequency,70,evacuate,945
10,78,NA,naturalFrequency,40,evacuate,1370
10,78,NA,naturalFrequency,60,evacuate,1058
100,78,NA,naturalFrequency,40,evacuate,1786
100,78,NA,naturalFrequency,30,stay,882
10,78,Ordered,square,20,stay,4085
100,78,Ordered,square,70,evacuate,3611
100,78,Ordered,square,50,evacuate,1857
10,78,Ordered,square,100,evacuate,1410
100,78,Ordered,square,60,evacuate,1346
10,78,Ordered,square,80,evacuate,1210
100,78,Ordered,square,20,stay,1377
10,78,Ordered,square,50,evacuate,1865
100,78,Ordered,square,30,stay,1609
100,78,Ordered,square,90,evacuate,2011
100,78,Ordered,square,10,stay,1073
10,78,Ordered,square,30,evacuate,2068
10,78,Ordered,square,70,evacuate,906
100,78,Ordered,square,80,evacuate,2699
10,78,Ordered,square,40,evacuate,1520
10,78,Ordered,square,90,evacuate,896
10,78,Ordered,square,10,stay,1554
100,78,Ordered,square,40,evacuate,1497
10,78,Ordered,square,60,evacuate,1186
100,78,Ordered,house,20,stay,2315
10,78,Ordered,house,40,evacuate,1457
10,78,Ordered,house,0,stay,1514
100,78,Ordered,house,10,stay,1168
100,78,Ordered,house,80,evacuate,992
10,78,Ordered,house,70,evacuate,1136
10,78,Ordered,house,10,stay,1048
100,78,Ordered,house,30,stay,1920
10,78,Ordered,house,90,evacuate,1426
10,78,Ordered,house,30,stay,1322
100,78,Ordered,house,60,evacuate,1264
100,78,Ordered,house,90,evacuate,911
10,78,Ordered,house,20,stay,1314
100,78,Ordered,house,40,evacuate,1880
10,78,Ordered,house,60,evacuate,1618
100,78,Ordered,house,70,evacuate,1136
10,78,Ordered,house,80,evacuate,1178
100,78,Ordered,house,50,evacuate,1312
10,78,Ordered,house,50,evacuate,3740
100,78,Random,square,60,evacuate,4591
10,78,Random,square,60,evacuate,2340
100,78,Random,square,80,evacuate,1234
10,78,Random,square,10,stay,1170
100,78,Random,square,50,evacuate,2034
10,78,Random,square,20,stay,1290
100,78,Random,square,70,evacuate,1152
100,78,Random,square,20,stay,1234
10,78,Random,square,50,evacuate,1506
100,78,Random,square,90,evacuate,1122
10,78,Random,square,40,evacuate,1836
100,78,Random,square,30,stay,1346
10,78,Random,square,90,evacuate,1026
10,78,Random,square,80,evacuate,914
100,78,Random,square,40,evacuate,2244
100,78,Random,square,0,stay,882
10,78,Random,square,30,stay,1554
100,78,Random,square,10,stay,1202
10,78,Random,square,70,evacuate,1082
10,78,Random,house,80,evacuate,1585
100,78,Random,house,80,evacuate,1128
100,78,Random,house,50,evacuate,1726
100,78,Random,house,100,evacuate,702
10,78,Random,house,90,evacuate,1210
10,78,Random,house,10,stay,1229
100,78,Random,house,20,stay,1088
10,78,Random,house,30,stay,1137
100,78,Random,house,40,evacuate,1432
100,78,Random,house,70,evacuate,848
100,78,Random,house,30,stay,2179
10,78,Random,house,60,evacuate,1769
10,78,Random,house,70,evacuate,841
10,78,Random,house,40,evacuate,1362
10,78,Random,house,50,evacuate,896
100,78,Random,house,10,stay,1133
10,78,Random,house,20,stay,1282
100,78,Random,house,60,evacuate,1326
100,78,Random,house,90,evacuate,1232
10,79,NA,naturalFrequency,40,evacuate,13462
10,79,NA,naturalFrequency,90,evacuate,3392
100,79,NA,naturalFrequency,50,evacuate,3712
100,79,NA,naturalFrequency,40,evacuate,2921
10,79,NA,naturalFrequency,10,evacuate,9192
10,79,NA,naturalFrequency,20,evacuate,4021
100,79,NA,naturalFrequency,0,stay,2242
100,79,NA,naturalFrequency,30,evacuate,2341
10,79,NA,naturalFrequency,50,evacuate,1822
10,79,NA,naturalFrequency,60,evacuate,2252
10,79,NA,naturalFrequency,30,evacuate,1943
100,79,NA,naturalFrequency,60,evacuate,2233
100,79,NA,naturalFrequency,80,evacuate,1821
100,79,NA,naturalFrequency,70,evacuate,2212
100,79,NA,naturalFrequency,20,evacuate,4214
10,79,NA,naturalFrequency,80,evacuate,2162
10,79,NA,naturalFrequency,70,evacuate,2582
100,79,NA,naturalFrequency,90,evacuate,1811
100,79,NA,naturalFrequency,10,evacuate,2101
10,79,Ordered,square,30,evacuate,4842
10,79,Ordered,square,10,stay,2212
100,79,Ordered,square,20,evacuate,2031
100,79,Ordered,square,10,stay,3152
100,79,Ordered,square,30,evacuate,1031
10,79,Ordered,square,90,evacuate,2632
10,79,Ordered,square,40,evacuate,1561
100,79,Ordered,square,80,evacuate,1862
100,79,Ordered,square,90,evacuate,2691
10,79,Ordered,square,0,stay,1582
100,79,Ordered,square,70,evacuate,1712
100,79,Ordered,square,50,evacuate,1532
100,79,Ordered,square,40,evacuate,1601
100,79,Ordered,square,60,evacuate,1571
10,79,Ordered,square,60,evacuate,2232
10,79,Ordered,square,80,evacuate,2211
10,79,Ordered,square,50,evacuate,1872
10,79,Ordered,square,70,evacuate,1431
10,79,Ordered,square,20,stay,1832
10,79,Ordered,house,90,evacuate,2732
10,79,Ordered,house,70,evacuate,1501
100,79,Ordered,house,40,evacuate,1981
10,79,Ordered,house,30,evacuate,1751
100,79,Ordered,house,90,evacuate,1590
100,79,Ordered,house,30,evacuate,1380
100,79,Ordered,house,80,evacuate,1161
10,79,Ordered,house,20,stay,1782
100,79,Ordered,house,100,evacuate,1000
10,79,Ordered,house,40,evacuate,1871
100,79,Ordered,house,10,evacuate,1420
10,79,Ordered,house,80,evacuate,1341
10,79,Ordered,house,50,evacuate,893
10,79,Ordered,house,60,evacuate,1251
10,79,Ordered,house,10,stay,1221
100,79,Ordered,house,50,evacuate,1010
100,79,Ordered,house,70,evacuate,1400
100,79,Ordered,house,20,evacuate,1220
100,79,Ordered,house,60,evacuate,1080
10,79,Random,square,80,evacuate,2261
10,79,Random,square,0,stay,1502
10,79,Random,square,10,stay,1253
10,79,Random,square,40,evacuate,1091
100,79,Random,square,80,evacuate,1231
10,79,Random,square,20,stay,1602
100,79,Random,square,70,evacuate,1031
100,79,Random,square,30,evacuate,1501
100,79,Random,square,60,evacuate,931
10,79,Random,square,30,evacuate,1581
10,79,Random,square,50,evacuate,1442
100,79,Random,square,40,evacuate,771
100,79,Random,square,10,stay,2661
100,79,Random,square,90,evacuate,991
10,79,Random,square,70,evacuate,1893
10,79,Random,square,90,evacuate,932
100,79,Random,square,20,stay,1891
100,79,Random,square,50,evacuate,1021
10,79,Random,square,60,evacuate,2492
100,79,Random,house,70,evacuate,2039
100,79,Random,house,90,evacuate,1210
100,79,Random,house,10,stay,1240
10,79,Random,house,60,evacuate,1311
10,79,Random,house,30,stay,2041
10,79,Random,house,70,evacuate,762
100,79,Random,house,40,evacuate,1259
100,79,Random,house,60,evacuate,1041
10,79,Random,house,50,evacuate,762
10,79,Random,house,20,stay,1471
100,79,Random,house,30,evacuate,1190
10,79,Random,house,0,stay,1362
100,79,Random,house,80,evacuate,1290
10,79,Random,house,40,evacuate,1662
10,79,Random,house,90,evacuate,1222
100,79,Random,house,50,evacuate,1281
100,79,Random,house,20,evacuate,1241
10,79,Random,house,10,stay,1401
10,79,Random,house,80,evacuate,1241
100,80,NA,naturalFrequency,100,evacuate,2255
10,80,NA,naturalFrequency,80,evacuate,1051
10,80,NA,naturalFrequency,10,stay,2375
100,80,NA,naturalFrequency,20,evacuate,1648
100,80,NA,naturalFrequency,80,evacuate,937
10,80,NA,naturalFrequency,20,stay,1669
10,80,NA,naturalFrequency,30,stay,1182
100,80,NA,naturalFrequency,90,evacuate,1538
100,80,NA,naturalFrequency,30,evacuate,1458
10,80,NA,naturalFrequency,70,evacuate,1418
100,80,NA,naturalFrequency,40,evacuate,2129
100,80,NA,naturalFrequency,50,evacuate,1183
10,80,NA,naturalFrequency,40,evacuate,1122
100,80,NA,naturalFrequency,70,evacuate,697
10,80,NA,naturalFrequency,90,evacuate,660
100,80,NA,naturalFrequency,10,evacuate,1633
100,80,NA,naturalFrequency,60,evacuate,1798
10,80,NA,naturalFrequency,60,evacuate,1514
10,80,NA,naturalFrequency,50,evacuate,807
10,80,Ordered,square,20,stay,3697
10,80,Ordered,square,80,evacuate,781
100,80,Ordered,square,40,evacuate,1803
100,80,Ordered,square,70,evacuate,882
10,80,Ordered,square,10,stay,1569
10,80,Ordered,square,100,evacuate,822
100,80,Ordered,square,90,evacuate,1027
100,80,Ordered,square,30,evacuate,2666
100,80,Ordered,square,60,evacuate,821
10,80,Ordered,square,90,evacuate,892
100,80,Ordered,square,80,evacuate,1092
10,80,Ordered,square,50,evacuate,1157
10,80,Ordered,square,70,evacuate,727
10,80,Ordered,square,40,stay,898
10,80,Ordered,square,60,evacuate,1553
100,80,Ordered,square,20,stay,1011
10,80,Ordered,square,30,evacuate,1669
100,80,Ordered,square,50,evacuate,2942
100,80,Ordered,square,10,stay,997
100,80,Ordered,house,10,stay,2780
10,80,Ordered,house,30,evacuate,1152
100,80,Ordered,house,20,stay,1047
100,80,Ordered,house,50,evacuate,1516
10,80,Ordered,house,50,evacuate,1002
10,80,Ordered,house,100,evacuate,850
100,80,Ordered,house,30,evacuate,1907
100,80,Ordered,house,40,evacuate,846
10,80,Ordered,house,60,evacuate,997
100,80,Ordered,house,90,evacuate,1187
100,80,Ordered,house,80,evacuate,976
100,80,Ordered,house,70,evacuate,1787
100,80,Ordered,house,60,evacuate,897
10,80,Ordered,house,40,evacuate,1066
10,80,Ordered,house,80,evacuate,698
10,80,Ordered,house,10,stay,827
10,80,Ordered,house,20,stay,801
10,80,Ordered,house,90,evacuate,700
10,80,Ordered,house,70,evacuate,841
10,80,Random,square,80,evacuate,2184
100,80,Random,square,10,stay,1171
10,80,Random,square,20,stay,1768
10,80,Random,square,30,evacuate,1042
10,80,Random,square,90,evacuate,736
100,80,Random,square,60,evacuate,802
100,80,Random,square,20,stay,1833
100,80,Random,square,100,evacuate,591
100,80,Random,square,90,evacuate,896
10,80,Random,square,40,evacuate,1257
10,80,Random,square,50,evacuate,646
100,80,Random,square,30,evacuate,1086
10,80,Random,square,60,evacuate,837
100,80,Random,square,70,evacuate,887
10,80,Random,square,10,stay,852
10,80,Random,square,70,evacuate,671
100,80,Random,square,40,evacuate,1333
100,80,Random,square,50,evacuate,797
100,80,Random,square,80,evacuate,686
100,80,Random,house,70,evacuate,2850
10,80,Random,house,80,evacuate,876
10,80,Random,house,30,stay,1293
10,80,Random,house,40,evacuate,831
100,80,Random,house,60,evacuate,1161
10,80,Random,house,20,stay,1353
10,80,Random,house,50,evacuate,1122
100,80,Random,house,20,evacuate,1186
10,80,Random,house,90,evacuate,1002
100,80,Random,house,90,evacuate,971
100,80,Random,house,50,evacuate,826
10,80,Random,house,100,evacuate,687
100,80,Random,house,40,evacuate,1056
100,80,Random,house,80,evacuate,986
100,80,Random,house,10,stay,806
10,80,Random,house,60,evacuate,837
10,80,Random,house,10,stay,965
10,80,Random,house,70,evacuate,750
100,80,Random,house,30,evacuate,1336
10,81,NA,naturalFrequency,50,evacuate,5538
100,81,NA,naturalFrequency,60,evacuate,2856
10,81,NA,naturalFrequency,80,evacuate,2548
100,81,NA,naturalFrequency,20,stay,1286
10,81,NA,naturalFrequency,40,stay,1200
10,81,NA,naturalFrequency,100,evacuate,1169
10,81,NA,naturalFrequency,70,evacuate,1559
100,81,NA,naturalFrequency,40,stay,1130
10,81,NA,naturalFrequency,30,stay,1100
10,81,NA,naturalFrequency,10,stay,922
100,81,NA,naturalFrequency,80,evacuate,1689
100,81,NA,naturalFrequency,70,evacuate,1022
100,81,NA,naturalFrequency,90,evacuate,2146
100,81,NA,naturalFrequency,10,stay,1246
10,81,NA,naturalFrequency,20,stay,1526
10,81,NA,naturalFrequency,90,evacuate,1022
100,81,NA,naturalFrequency,50,evacuate,1067
10,81,NA,naturalFrequency,60,evacuate,1101
100,81,NA,naturalFrequency,30,stay,1115
100,81,Ordered,square,30,evacuate,3477
100,81,Ordered,square,60,evacuate,1044
10,81,Ordered,square,70,evacuate,2278
10,81,Ordered,square,90,evacuate,946
10,81,Ordered,square,30,evacuate,3251
10,81,Ordered,square,80,evacuate,882
100,81,Ordered,square,10,stay,1440
100,81,Ordered,square,40,stay,1355
100,81,Ordered,square,20,stay,860
100,81,Ordered,square,50,evacuate,883
100,81,Ordered,square,80,evacuate,844
10,81,Ordered,square,50,evacuate,1348
100,81,Ordered,square,70,evacuate,1016
10,81,Ordered,square,40,evacuate,1896
10,81,Ordered,square,20,stay,836
10,81,Ordered,square,100,evacuate,868
10,81,Ordered,square,60,evacuate,961
10,81,Ordered,square,10,stay,860
100,81,Ordered,square,90,evacuate,953
100,81,Ordered,house,10,stay,2879
10,81,Ordered,house,40,evacuate,2642
100,81,Ordered,house,80,evacuate,2461
100,81,Ordered,house,50,evacuate,881
100,81,Ordered,house,70,evacuate,1277
10,81,Ordered,house,90,evacuate,1224
10,81,Ordered,house,10,stay,859
10,81,Ordered,house,70,evacuate,881
100,81,Ordered,house,20,stay,1247
100,81,Ordered,house,60,evacuate,990
10,81,Ordered,house,100,evacuate,1448
10,81,Ordered,house,80,evacuate,1332
100,81,Ordered,house,30,stay,1060
10,81,Ordered,house,30,stay,1292
10,81,Ordered,house,20,stay,751
10,81,Ordered,house,60,evacuate,1014
10,81,Ordered,house,50,evacuate,875
100,81,Ordered,house,90,evacuate,998
100,81,Ordered,house,40,evacuate,3825
100,81,Random,square,80,evacuate,3237
100,81,Random,square,60,evacuate,2131
10,81,Random,square,50,evacuate,1790
10,81,Random,square,40,stay,1540
100,81,Random,square,20,evacuate,1248
10,81,Random,square,60,evacuate,1775
10,81,Random,square,10,stay,960
100,81,Random,square,10,stay,975
10,81,Random,square,90,evacuate,1028
10,81,Random,square,70,evacuate,803
100,81,Random,square,40,evacuate,2028
10,81,Random,square,30,stay,1036
100,81,Random,square,70,evacuate,1426
10,81,Random,square,80,evacuate,1402
100,81,Random,square,50,evacuate,1372
10,81,Random,square,20,stay,1487
100,81,Random,square,30,stay,1154
100,81,Random,square,90,evacuate,884
100,81,Random,square,0,stay,1439
10,81,Random,house,90,evacuate,2989
10,81,Random,house,60,evacuate,905
10,81,Random,house,0,stay,947
10,81,Random,house,20,stay,960
10,81,Random,house,10,stay,650
10,81,Random,house,30,stay,906
10,81,Random,house,80,evacuate,860
100,81,Random,house,90,evacuate,1176
100,81,Random,house,30,stay,1455
10,81,Random,house,70,evacuate,1365
100,81,Random,house,50,evacuate,1888
100,81,Random,house,10,stay,1020
100,81,Random,house,60,evacuate,904
10,81,Random,house,50,evacuate,2874
100,81,Random,house,70,evacuate,1563
100,81,Random,house,20,stay,1036
10,81,Random,house,40,stay,1478
100,81,Random,house,40,evacuate,1252
100,81,Random,house,80,evacuate,820
10,82,NA,naturalFrequency,50,evacuate,4569
100,82,NA,naturalFrequency,80,evacuate,2869
10,82,NA,naturalFrequency,30,stay,1395
10,82,NA,naturalFrequency,40,stay,1868
100,82,NA,naturalFrequency,40,stay,2115
10,82,NA,naturalFrequency,80,evacuate,1257
100,82,NA,naturalFrequency,60,evacuate,1170
100,82,NA,naturalFrequency,50,evacuate,2031
10,82,NA,naturalFrequency,90,evacuate,1664
100,82,NA,naturalFrequency,70,evacuate,1025
10,82,NA,naturalFrequency,20,stay,1300
100,82,NA,naturalFrequency,10,stay,1059
10,82,NA,naturalFrequency,60,evacuate,1110
10,82,NA,naturalFrequency,70,evacuate,1304
10,82,NA,naturalFrequency,100,evacuate,1297
10,82,NA,naturalFrequency,10,stay,995
100,82,NA,naturalFrequency,20,stay,1255
100,82,NA,naturalFrequency,30,stay,1222
100,82,NA,naturalFrequency,90,evacuate,899
10,82,Ordered,square,50,evacuate,3368
10,82,Ordered,square,40,stay,989
100,82,Ordered,square,70,evacuate,1793
10,82,Ordered,square,80,evacuate,1278
10,82,Ordered,square,60,evacuate,1101
100,82,Ordered,square,60,evacuate,1112
10,82,Ordered,square,0,stay,1227
100,82,Ordered,square,30,stay,1268
100,82,Ordered,square,90,evacuate,1009
100,82,Ordered,square,80,evacuate,820
100,82,Ordered,square,20,stay,920
100,82,Ordered,square,10,stay,813
10,82,Ordered,square,90,evacuate,1130
10,82,Ordered,square,70,evacuate,1117
10,82,Ordered,square,10,stay,1147
10,82,Ordered,square,20,stay,906
100,82,Ordered,square,50,stay,1344
100,82,Ordered,square,40,stay,909
10,82,Ordered,square,30,stay,1086
100,82,Ordered,house,10,stay,1803
10,82,Ordered,house,60,evacuate,1288
10,82,Ordered,house,90,evacuate,733
10,82,Ordered,house,50,stay,1157
100,82,Ordered,house,70,evacuate,1347
10,82,Ordered,house,20,stay,1405
10,82,Ordered,house,80,evacuate,883
100,82,Ordered,house,30,stay,1233
100,82,Ordered,house,90,evacuate,819
10,82,Ordered,house,40,stay,1322
10,82,Ordered,house,10,evacuate,904
10,82,Ordered,house,70,evacuate,1581
100,82,Ordered,house,50,stay,1220
10,82,Ordered,house,100,evacuate,960
100,82,Ordered,house,20,stay,1068
100,82,Ordered,house,80,evacuate,1762
100,82,Ordered,house,60,evacuate,1865
10,82,Ordered,house,30,stay,1198
100,82,Ordered,house,40,stay,958
100,82,Random,square,0,stay,2367
10,82,Random,square,40,stay,3481
100,82,Random,square,30,stay,1109
10,82,Random,square,80,evacuate,1160
100,82,Random,square,40,evacuate,1211
100,82,Random,square,20,stay,1541
10,82,Random,square,90,evacuate,928
10,82,Random,square,20,stay,1401
10,82,Random,square,50,evacuate,1997
100,82,Random,square,60,evacuate,935
100,82,Random,square,80,evacuate,881
100,82,Random,square,50,evacuate,1242
10,82,Random,square,30,stay,3574
10,82,Random,square,60,evacuate,1512
100,82,Random,square,90,evacuate,972
10,82,Random,square,10,stay,1030
100,82,Random,square,10,evacuate,999
100,82,Random,square,70,evacuate,2088
10,82,Random,square,70,evacuate,1692
100,82,Random,house,90,evacuate,1931
10,82,Random,house,40,stay,1321
10,82,Random,house,70,evacuate,1103
10,82,Random,house,90,evacuate,1072
100,82,Random,house,40,stay,1374
100,82,Random,house,70,evacuate,1002
100,82,Random,house,80,evacuate,1091
10,82,Random,house,0,stay,1134
100,82,Random,house,10,stay,950
10,82,Random,house,10,stay,915
10,82,Random,house,50,stay,3284
10,82,Random,house,30,stay,989
10,82,Random,house,60,evacuate,1943
100,82,Random,house,60,evacuate,1062
100,82,Random,house,50,stay,1121
10,82,Random,house,20,stay,1146
100,82,Random,house,30,stay,1068
10,82,Random,house,80,evacuate,1444
100,82,Random,house,20,stay,1011
10,83,NA,naturalFrequency,80,evacuate,7113
10,83,NA,naturalFrequency,30,stay,1772
100,83,NA,naturalFrequency,90,evacuate,1502
100,83,NA,naturalFrequency,40,evacuate,2859
100,83,NA,naturalFrequency,80,evacuate,4595
100,83,NA,naturalFrequency,50,evacuate,3590
10,83,NA,naturalFrequency,20,stay,1816
10,83,NA,naturalFrequency,60,evacuate,1454
100,83,NA,naturalFrequency,60,evacuate,1188
10,83,NA,naturalFrequency,70,evacuate,879
100,83,NA,naturalFrequency,0,stay,1772
10,83,NA,naturalFrequency,90,evacuate,874
100,83,NA,naturalFrequency,20,stay,1302
100,83,NA,naturalFrequency,30,stay,906
10,83,NA,naturalFrequency,40,evacuate,3770
10,83,NA,naturalFrequency,50,evacuate,910
100,83,NA,naturalFrequency,10,stay,1268
100,83,NA,naturalFrequency,70,evacuate,51144
10,83,NA,naturalFrequency,10,stay,1091
10,83,Ordered,square,70,evacuate,5922
100,83,Ordered,square,0,stay,2038
10,83,Ordered,square,10,stay,1069
100,83,Ordered,square,60,evacuate,2413
10,83,Ordered,square,40,stay,1529
100,83,Ordered,square,70,evacuate,925
10,83,Ordered,square,30,stay,1030
100,83,Ordered,square,80,evacuate,1486
10,83,Ordered,square,90,evacuate,858
100,83,Ordered,square,50,evacuate,1487
10,83,Ordered,square,20,stay,1056
100,83,Ordered,square,40,evacuate,946
100,83,Ordered,square,30,stay,1179
100,83,Ordered,square,10,stay,923
10,83,Ordered,square,50,evacuate,1307
100,83,Ordered,square,20,stay,1530
100,83,Ordered,square,90,evacuate,722
10,83,Ordered,square,60,evacuate,1173
10,83,Ordered,square,80,evacuate,704
100,83,Ordered,house,10,stay,2689
100,83,Ordered,house,90,evacuate,639
10,83,Ordered,house,70,evacuate,1026
10,83,Ordered,house,60,evacuate,899
100,83,Ordered,house,100,evacuate,925
100,83,Ordered,house,60,evacuate,1049
10,83,Ordered,house,50,evacuate,1374
100,83,Ordered,house,30,stay,1298
10,83,Ordered,house,80,evacuate,1158
10,83,Ordered,house,40,stay,969
10,83,Ordered,house,30,stay,1023
10,83,Ordered,house,20,stay,1006
100,83,Ordered,house,80,evacuate,811
100,83,Ordered,house,50,evacuate,741
10,83,Ordered,house,90,evacuate,929
100,83,Ordered,house,40,evacuate,850
10,83,Ordered,house,10,stay,2193
100,83,Ordered,house,20,stay,1416
100,83,Ordered,house,70,evacuate,1274
100,83,Random,square,70,evacuate,23740
10,83,Random,square,20,stay,976
10,83,Random,square,40,stay,1833
10,83,Random,square,60,evacuate,755
10,83,Random,square,0,stay,786
10,83,Random,square,90,evacuate,504
100,83,Random,square,40,stay,1063
10,83,Random,square,30,stay,1146
100,83,Random,square,50,evacuate,1658
10,83,Random,square,70,evacuate,854
10,83,Random,square,80,evacuate,608
100,83,Random,square,80,evacuate,988
100,83,Random,square,20,stay,753
100,83,Random,square,30,stay,909
100,83,Random,square,90,evacuate,567
10,83,Random,square,50,evacuate,986
10,83,Random,square,10,stay,879
100,83,Random,square,60,evacuate,821
100,83,Random,square,10,stay,822
100,83,Random,house,90,evacuate,1645
10,83,Random,house,20,stay,990
100,83,Random,house,50,stay,1455
100,83,Random,house,80,evacuate,582
100,83,Random,house,40,stay,1135
10,83,Random,house,30,stay,957
100,83,Random,house,60,evacuate,759
10,83,Random,house,90,evacuate,790
10,83,Random,house,40,stay,718
10,83,Random,house,10,stay,900
100,83,Random,house,20,evacuate,1315
100,83,Random,house,10,stay,1213
100,83,Random,house,30,evacuate,681
10,83,Random,house,60,evacuate,906
10,83,Random,house,70,evacuate,588
10,83,Random,house,100,evacuate,864
10,83,Random,house,80,evacuate,763
100,83,Random,house,70,evacuate,846
10,83,Random,house,50,evacuate,1353
10,84,NA,naturalFrequency,0,stay,11049
100,84,NA,naturalFrequency,10,stay,3985
10,84,NA,naturalFrequency,10,stay,2584
100,84,NA,naturalFrequency,60,evacuate,2417
10,84,NA,naturalFrequency,90,evacuate,2320
10,84,NA,naturalFrequency,60,evacuate,3017
100,84,NA,naturalFrequency,50,stay,3401
10,84,NA,naturalFrequency,20,stay,1488
100,84,NA,naturalFrequency,30,stay,1800
10,84,NA,naturalFrequency,40,evacuate,1719
10,84,NA,naturalFrequency,50,evacuate,1624
10,84,NA,naturalFrequency,70,evacuate,1952
10,84,NA,naturalFrequency,80,evacuate,1264
10,84,NA,naturalFrequency,30,stay,1248
100,84,NA,naturalFrequency,20,stay,1607
100,84,NA,naturalFrequency,70,evacuate,2424
100,84,NA,naturalFrequency,90,evacuate,1304
100,84,NA,naturalFrequency,80,evacuate,1391
100,84,NA,naturalFrequency,40,stay,2056
10,84,Ordered,square,70,evacuate,5096
100,84,Ordered,square,30,stay,1512
10,84,Ordered,square,40,evacuate,1951
10,84,Ordered,square,20,stay,1848
100,84,Ordered,square,20,stay,1416
100,84,Ordered,square,40,evacuate,1711
100,84,Ordered,square,70,evacuate,1088
10,84,Ordered,square,30,stay,1800
100,84,Ordered,square,80,evacuate,1200
100,84,Ordered,square,100,evacuate,1112
100,84,Ordered,square,50,evacuate,1311
10,84,Ordered,square,50,evacuate,1432
100,84,Ordered,square,10,stay,1144
10,84,Ordered,square,10,stay,1193
10,84,Ordered,square,80,evacuate,1040
10,84,Ordered,square,90,evacuate,905
100,84,Ordered,square,90,evacuate,1216
10,84,Ordered,square,60,evacuate,1665
100,84,Ordered,square,60,evacuate,1208
10,84,Ordered,house,80,evacuate,2575
10,84,Ordered,house,0,stay,1344
10,84,Ordered,house,50,evacuate,1183
10,84,Ordered,house,40,stay,1144
100,84,Ordered,house,20,stay,1406
100,84,Ordered,house,90,evacuate,20754
100,84,Ordered,house,10,stay,1021
100,84,Ordered,house,30,evacuate,1486
100,84,Ordered,house,50,evacuate,1030
100,84,Ordered,house,80,evacuate,958
10,84,Ordered,house,20,stay,1312
100,84,Ordered,house,60,evacuate,1390
10,84,Ordered,house,90,evacuate,1247
10,84,Ordered,house,60,evacuate,1152
100,84,Ordered,house,70,evacuate,1151
10,84,Ordered,house,70,evacuate,1264
100,84,Ordered,house,40,stay,1262
10,84,Ordered,house,30,stay,1216
10,84,Ordered,house,10,stay,896
10,84,Random,square,20,stay,5496
10,84,Random,square,40,evacuate,1994
10,84,Random,square,90,evacuate,1423
10,84,Random,square,10,stay,1128
10,84,Random,square,70,evacuate,1144
100,84,Random,square,40,evacuate,1559
100,84,Random,square,70,evacuate,896
100,84,Random,square,50,evacuate,1496
10,84,Random,square,80,evacuate,1296
10,84,Random,square,60,evacuate,1217
100,84,Random,square,10,stay,1183
100,84,Random,square,80,evacuate,968
100,84,Random,square,90,evacuate,864
10,84,Random,square,30,stay,1216
100,84,Random,square,60,evacuate,1072
100,84,Random,square,30,stay,1080
10,84,Random,square,100,evacuate,1080
10,84,Random,square,50,stay,1119
100,84,Random,square,20,stay,1112
100,84,Random,house,50,evacuate,2142
10,84,Random,house,90,evacuate,1223
100,84,Random,house,20,stay,1294
10,84,Random,house,10,stay,1040
100,84,Random,house,60,evacuate,1094
10,84,Random,house,50,stay,1703
100,84,Random,house,90,evacuate,1054
100,84,Random,house,40,stay,1126
10,84,Random,house,20,stay,1272
10,84,Random,house,80,evacuate,1031
10,84,Random,house,30,stay,1016
10,84,Random,house,0,stay,1080
100,84,Random,house,30,stay,1278
10,84,Random,house,70,evacuate,1105
100,84,Random,house,80,evacuate,1150
100,84,Random,house,10,stay,974
10,84,Random,house,40,evacuate,1432
100,84,Random,house,70,evacuate,1078
10,84,Random,house,60,evacuate,1120
10,85,NA,naturalFrequency,20,stay,4813
10,85,NA,naturalFrequency,90,evacuate,2695
10,85,NA,naturalFrequency,50,evacuate,2751
100,85,NA,naturalFrequency,20,stay,4926
100,85,NA,naturalFrequency,90,evacuate,2318
10,85,NA,naturalFrequency,10,stay,3319
100,85,NA,naturalFrequency,70,evacuate,1911
10,85,NA,naturalFrequency,80,evacuate,1839
100,85,NA,naturalFrequency,10,stay,3668
100,85,NA,naturalFrequency,60,evacuate,2367
10,85,NA,naturalFrequency,40,evacuate,3167
100,85,NA,naturalFrequency,40,evacuate,3597
100,85,NA,naturalFrequency,80,evacuate,2166
100,85,NA,naturalFrequency,30,stay,2288
10,85,NA,naturalFrequency,70,evacuate,2166
10,85,NA,naturalFrequency,60,evacuate,1426
10,85,NA,naturalFrequency,30,stay,4222
100,85,NA,naturalFrequency,50,evacuate,1552
10,85,NA,naturalFrequency,0,stay,3104
10,85,Ordered,square,20,stay,6858
10,85,Ordered,square,100,evacuate,2996
10,85,Ordered,square,30,stay,1502
100,85,Ordered,square,10,stay,2765
100,85,Ordered,square,20,stay,3308
10,85,Ordered,square,80,evacuate,1526
10,85,Ordered,square,60,evacuate,1742
10,85,Ordered,square,90,evacuate,1494
100,85,Ordered,square,70,evacuate,2373
100,85,Ordered,square,60,evacuate,32428
100,85,Ordered,square,50,evacuate,3428
10,85,Ordered,square,70,evacuate,1710
100,85,Ordered,square,30,stay,2227
10,85,Ordered,square,10,stay,2645
100,85,Ordered,square,90,evacuate,1909
10,85,Ordered,square,40,evacuate,2102
10,85,Ordered,square,50,evacuate,1950
100,85,Ordered,square,80,evacuate,2393
100,85,Ordered,square,40,evacuate,3747
100,85,Ordered,house,20,stay,2861
10,85,Ordered,house,10,stay,2163
100,85,Ordered,house,80,evacuate,1470
100,85,Ordered,house,40,stay,2357
10,85,Ordered,house,50,evacuate,2001
100,85,Ordered,house,90,evacuate,1703
10,85,Ordered,house,40,evacuate,3687
100,85,Ordered,house,60,evacuate,1530
10,85,Ordered,house,70,evacuate,1915
10,85,Ordered,house,90,evacuate,1346
100,85,Ordered,house,50,evacuate,1818
10,85,Ordered,house,80,evacuate,1985
10,85,Ordered,house,60,evacuate,4630
10,85,Ordered,house,30,stay,1712
100,85,Ordered,house,30,stay,2248
10,85,Ordered,house,20,stay,2551
100,85,Ordered,house,70,evacuate,2028
100,85,Ordered,house,0,stay,1933
100,85,Ordered,house,10,stay,1686
10,85,Random,square,80,evacuate,4324
10,85,Random,square,70,evacuate,1406
10,85,Random,square,30,stay,3375
10,85,Random,square,20,stay,2478
100,85,Random,square,70,evacuate,2026
100,85,Random,square,30,stay,3708
100,85,Random,square,90,evacuate,1678
100,85,Random,square,60,evacuate,1423
100,85,Random,square,50,evacuate,1896
100,85,Random,square,80,evacuate,1022
10,85,Random,square,50,evacuate,1917
10,85,Random,square,10,stay,1799
100,85,Random,square,40,evacuate,2834
10,85,Random,square,90,evacuate,1623
100,85,Random,square,20,stay,1925
10,85,Random,square,60,evacuate,1550
10,85,Random,square,40,stay,3781
100,85,Random,square,10,stay,2421
100,85,Random,square,100,evacuate,2107
100,85,Random,house,100,evacuate,3078
10,85,Random,house,10,stay,2211
10,85,Random,house,70,evacuate,1681
100,85,Random,house,80,evacuate,1672
10,85,Random,house,90,evacuate,1970
100,85,Random,house,10,stay,1956
100,85,Random,house,40,stay,1655
10,85,Random,house,60,evacuate,2762
100,85,Random,house,30,stay,1984
10,85,Random,house,40,evacuate,3194
100,85,Random,house,60,evacuate,1793
100,85,Random,house,70,evacuate,3139
10,85,Random,house,80,evacuate,1332
100,85,Random,house,90,evacuate,1676
100,85,Random,house,20,stay,2356
10,85,Random,house,50,evacuate,4279
10,85,Random,house,30,stay,1362
100,85,Random,house,50,stay,1935
10,85,Random,house,20,stay,2180
100,86,NA,naturalFrequency,90,evacuate,30867
10,86,NA,naturalFrequency,70,stay,8949
100,86,NA,naturalFrequency,20,stay,22366
100,86,NA,naturalFrequency,100,evacuate,5700
10,86,NA,naturalFrequency,50,stay,5083
100,86,NA,naturalFrequency,70,stay,6017
10,86,NA,naturalFrequency,30,stay,10683
100,86,NA,naturalFrequency,30,stay,7667
10,86,NA,naturalFrequency,40,evacuate,7433
10,86,NA,naturalFrequency,80,evacuate,6033
10,86,NA,naturalFrequency,20,evacuate,6400
10,86,NA,naturalFrequency,10,evacuate,3333
100,86,NA,naturalFrequency,50,stay,6065
100,86,NA,naturalFrequency,80,stay,5499
10,86,NA,naturalFrequency,60,stay,3267
100,86,NA,naturalFrequency,60,stay,3449
100,86,NA,naturalFrequency,40,stay,3583
100,86,NA,naturalFrequency,10,evacuate,4666
10,86,NA,naturalFrequency,90,evacuate,3750
100,86,Ordered,square,70,evacuate,27316
10,86,Ordered,square,70,stay,8632
100,86,Ordered,square,20,stay,6149
10,86,Ordered,square,60,stay,10550
100,86,Ordered,square,60,stay,4416
100,86,Ordered,square,10,stay,5399
10,86,Ordered,square,90,evacuate,10583
10,86,Ordered,square,40,stay,8899
100,86,Ordered,square,40,stay,6950
100,86,Ordered,square,90,evacuate,6816
10,86,Ordered,square,100,evacuate,8016
100,86,Ordered,square,50,stay,4749
10,86,Ordered,square,10,stay,2316
100,86,Ordered,square,30,stay,3450
10,86,Ordered,square,30,stay,5501
10,86,Ordered,square,80,evacuate,2685
10,86,Ordered,square,20,evacuate,3966
100,86,Ordered,square,80,stay,6166
10,86,Ordered,square,50,stay,2217
10,86,Ordered,house,40,stay,11165
100,86,Ordered,house,70,stay,3030
10,86,Ordered,house,90,evacuate,2466
10,86,Ordered,house,80,stay,5048
100,86,Ordered,house,20,stay,4645
100,86,Ordered,house,50,stay,2063
10,86,Ordered,house,10,stay,3117
100,86,Ordered,house,80,evacuate,3498
10,86,Ordered,house,20,stay,2849
10,86,Ordered,house,60,stay,2416
100,86,Ordered,house,10,stay,4180
100,86,Ordered,house,60,evacuate,4813
100,86,Ordered,house,30,evacuate,4447
100,86,Ordered,house,40,stay,3815
10,86,Ordered,house,50,stay,3282
100,86,Ordered,house,90,stay,6129
10,86,Ordered,house,70,stay,3666
10,86,Ordered,house,100,evacuate,3265
10,86,Ordered,house,30,stay,3082
10,86,Random,square,20,stay,5847
10,86,Random,square,80,stay,3700
100,86,Random,square,80,stay,7432
100,86,Random,square,90,evacuate,4233
100,86,Random,square,50,stay,1565
10,86,Random,square,90,evacuate,4150
100,86,Random,square,40,stay,14233
100,86,Random,square,10,stay,7066
10,86,Random,square,10,stay,3583
10,86,Random,square,70,stay,3217
100,86,Random,square,30,stay,4133
10,86,Random,square,40,stay,1750
100,86,Random,square,0,stay,2533
100,86,Random,square,20,stay,3765
100,86,Random,square,70,evacuate,4281
100,86,Random,square,60,evacuate,2799
10,86,Random,square,50,stay,2666
10,86,Random,square,60,stay,2467
10,86,Random,square,30,stay,2296
100,86,Random,house,70,evacuate,6144
10,86,Random,house,100,evacuate,3382
10,86,Random,house,10,stay,2315
100,86,Random,house,40,stay,16363
10,86,Random,house,30,stay,2082
100,86,Random,house,30,stay,4313
10,86,Random,house,50,stay,4266
10,86,Random,house,80,evacuate,2799
100,86,Random,house,60,evacuate,5445
100,86,Random,house,50,stay,6095
100,86,Random,house,10,stay,4096
10,86,Random,house,40,stay,3882
10,86,Random,house,90,evacuate,2916
10,86,Random,house,60,stay,5665
10,86,Random,house,20,stay,2366
10,86,Random,house,70,evacuate,11749
100,86,Random,house,80,evacuate,2378
100,86,Random,house,90,evacuate,2379
100,86,Random,house,20,stay,1795
100,87,NA,naturalFrequency,40,evacuate,9438
100,87,NA,naturalFrequency,80,evacuate,4726
100,87,NA,naturalFrequency,60,evacuate,3032
10,87,NA,naturalFrequency,40,evacuate,9497
100,87,NA,naturalFrequency,10,evacuate,2333
100,87,NA,naturalFrequency,30,evacuate,2326
10,87,NA,naturalFrequency,80,evacuate,2263
100,87,NA,naturalFrequency,50,evacuate,2393
100,87,NA,naturalFrequency,20,evacuate,3968
10,87,NA,naturalFrequency,20,evacuate,26947
100,87,NA,naturalFrequency,90,evacuate,1619
10,87,NA,naturalFrequency,90,evacuate,2307
10,87,NA,naturalFrequency,30,evacuate,4755
100,87,NA,naturalFrequency,70,evacuate,2204
100,87,NA,naturalFrequency,100,evacuate,2637
10,87,NA,naturalFrequency,10,evacuate,2300
10,87,NA,naturalFrequency,50,evacuate,29908
10,87,NA,naturalFrequency,70,evacuate,2135
10,87,NA,naturalFrequency,60,evacuate,1937
10,87,Ordered,square,80,evacuate,5282
10,87,Ordered,square,40,evacuate,2435
100,87,Ordered,square,70,evacuate,3374
100,87,Ordered,square,90,evacuate,3753
10,87,Ordered,square,90,evacuate,2284
10,87,Ordered,square,10,evacuate,2318
10,87,Ordered,square,50,evacuate,2457
100,87,Ordered,square,60,evacuate,3497
10,87,Ordered,square,30,evacuate,163624
10,87,Ordered,square,70,evacuate,1800
100,87,Ordered,square,20,evacuate,2089
100,87,Ordered,square,30,evacuate,1704
10,87,Ordered,square,60,evacuate,3858
10,87,Ordered,square,0,stay,2446
100,87,Ordered,square,40,evacuate,1444
100,87,Ordered,square,80,evacuate,1268
100,87,Ordered,square,50,evacuate,1287
100,87,Ordered,square,10,evacuate,1177
10,87,Ordered,square,20,evacuate,1468
10,87,Ordered,house,40,evacuate,3452
10,87,Ordered,house,0,stay,1362
10,87,Ordered,house,90,evacuate,1197
100,87,Ordered,house,10,evacuate,1523
100,87,Ordered,house,20,evacuate,1290
10,87,Ordered,house,70,evacuate,1368
10,87,Ordered,house,10,evacuate,52104
100,87,Ordered,house,30,evacuate,1809
10,87,Ordered,house,80,evacuate,1682
10,87,Ordered,house,50,evacuate,1459
100,87,Ordered,house,50,evacuate,2503
10,87,Ordered,house,60,evacuate,1306
100,87,Ordered,house,40,evacuate,1178
10,87,Ordered,house,20,evacuate,1249
10,87,Ordered,house,30,evacuate,1306
100,87,Ordered,house,70,evacuate,1321
100,87,Ordered,house,60,evacuate,1056
100,87,Ordered,house,90,evacuate,1168
100,87,Ordered,house,80,evacuate,1189
100,87,Random,square,40,evacuate,23807
10,87,Random,square,90,evacuate,1256
100,87,Random,square,70,evacuate,1170
100,87,Random,square,10,evacuate,1116
100,87,Random,square,90,evacuate,1115
10,87,Random,square,80,evacuate,1260
10,87,Random,square,60,evacuate,1166
10,87,Random,square,40,evacuate,1029
10,87,Random,square,50,evacuate,1048
10,87,Random,square,30,evacuate,1413
100,87,Random,square,20,evacuate,1164
10,87,Random,square,100,evacuate,1140
100,87,Random,square,50,evacuate,32463
10,87,Random,square,70,evacuate,1580
100,87,Random,square,30,evacuate,1115
10,87,Random,square,10,evacuate,1336
100,87,Random,square,60,evacuate,1063
10,87,Random,square,20,evacuate,1179
100,87,Random,square,80,evacuate,1105
10,87,Random,house,10,evacuate,2569
100,87,Random,house,80,evacuate,2165
10,87,Random,house,20,evacuate,1598
10,87,Random,house,30,evacuate,1567
100,87,Random,house,30,evacuate,1421
100,87,Random,house,10,evacuate,1143
10,87,Random,house,70,evacuate,1240
100,87,Random,house,50,evacuate,1193
10,87,Random,house,90,evacuate,1335
100,87,Random,house,40,evacuate,1282
10,87,Random,house,40,evacuate,1369
100,87,Random,house,60,evacuate,1419
100,87,Random,house,0,stay,38745
100,87,Random,house,20,evacuate,1110
100,87,Random,house,70,evacuate,902
10,87,Random,house,80,evacuate,1449
10,87,Random,house,60,evacuate,1336
10,87,Random,house,50,evacuate,1175
100,87,Random,house,90,evacuate,1327
10,89,NA,naturalFrequency,70,evacuate,48078
10,89,NA,naturalFrequency,10,stay,21739
10,89,NA,naturalFrequency,60,evacuate,28323
100,89,NA,naturalFrequency,50,evacuate,5292
100,89,NA,naturalFrequency,40,stay,7944
10,89,NA,naturalFrequency,80,evacuate,6780
10,89,NA,naturalFrequency,90,evacuate,3788
10,89,NA,naturalFrequency,20,stay,6759
10,89,NA,naturalFrequency,40,stay,2900
100,89,NA,naturalFrequency,90,evacuate,3415
100,89,NA,naturalFrequency,10,stay,2785
100,89,NA,naturalFrequency,70,stay,2908
100,89,NA,naturalFrequency,100,evacuate,4195
100,89,NA,naturalFrequency,30,stay,4840
100,89,NA,naturalFrequency,60,stay,6988
100,89,NA,naturalFrequency,80,evacuate,2636
10,89,NA,naturalFrequency,30,stay,1972
100,89,NA,naturalFrequency,20,stay,3840
10,89,NA,naturalFrequency,50,evacuate,6492
100,89,Ordered,square,50,stay,11931
10,89,Ordered,square,80,stay,17855
100,89,Ordered,square,90,evacuate,3479
10,89,Ordered,square,70,evacuate,3619
10,89,Ordered,square,20,stay,2236
10,89,Ordered,square,90,evacuate,3619
100,89,Ordered,square,80,evacuate,4504
100,89,Ordered,square,30,stay,4820
100,89,Ordered,square,40,stay,2496
10,89,Ordered,square,30,stay,5544
100,89,Ordered,square,0,stay,2372
100,89,Ordered,square,60,stay,5364
10,89,Ordered,square,10,stay,3564
100,89,Ordered,square,70,evacuate,6759
100,89,Ordered,square,20,stay,1639
100,89,Ordered,square,10,stay,1315
10,89,Ordered,square,50,stay,3863
10,89,Ordered,square,60,stay,8479
10,89,Ordered,square,40,stay,1820
100,89,Ordered,house,50,stay,9770
10,89,Ordered,house,90,evacuate,4931
100,89,Ordered,house,80,evacuate,3049
10,89,Ordered,house,40,stay,3188
10,89,Ordered,house,50,evacuate,5063
10,89,Ordered,house,10,stay,1943
100,89,Ordered,house,30,stay,1900
100,89,Ordered,house,60,evacuate,3960
100,89,Ordered,house,10,stay,1552
100,89,Ordered,house,20,stay,1560
100,89,Ordered,house,40,stay,1080
10,89,Ordered,house,20,stay,1363
10,89,Ordered,house,30,stay,823
10,89,Ordered,house,60,evacuate,3979
100,89,Ordered,house,70,evacuate,2704
10,89,Ordered,house,70,evacuate,1735
100,89,Ordered,house,90,evacuate,1741
10,89,Ordered,house,80,evacuate,1496
100,89,Ordered,house,100,evacuate,3209
100,89,Random,square,20,stay,7990
10,89,Random,square,10,stay,5448
10,89,Random,square,0,stay,1140
100,89,Random,square,40,evacuate,1600
10,89,Random,square,60,evacuate,1592
100,89,Random,square,10,stay,1956
100,89,Random,square,90,evacuate,1804
100,89,Random,square,60,evacuate,3332
10,89,Random,square,30,stay,1916
100,89,Random,square,80,evacuate,3892
10,89,Random,square,40,stay,3844
10,89,Random,square,70,evacuate,1779
10,89,Random,square,50,evacuate,8808
100,89,Random,square,30,evacuate,7607
100,89,Random,square,50,evacuate,2027
10,89,Random,square,90,evacuate,2130
10,89,Random,square,80,evacuate,2284
100,89,Random,square,70,evacuate,3132
10,89,Random,square,20,stay,1404
10,89,Random,house,60,evacuate,7067
100,89,Random,house,20,stay,2532
10,89,Random,house,40,stay,6455
10,89,Random,house,80,evacuate,1739
100,89,Random,house,70,evacuate,3564
10,89,Random,house,20,stay,7195
10,89,Random,house,30,stay,3103
10,89,Random,house,50,evacuate,2335
10,89,Random,house,10,stay,1367
100,89,Random,house,50,stay,3953
100,89,Random,house,90,evacuate,1501
100,89,Random,house,30,stay,8181
100,89,Random,house,10,stay,1304
100,89,Random,house,80,evacuate,1529
100,89,Random,house,60,evacuate,2293
100,89,Random,house,100,evacuate,1777
10,89,Random,house,70,evacuate,6136
10,89,Random,house,90,evacuate,2003
100,89,Random,house,40,stay,1436
100,90,NA,naturalFrequency,80,evacuate,6219
100,90,NA,naturalFrequency,10,stay,2943
100,90,NA,naturalFrequency,40,stay,3441
10,90,NA,naturalFrequency,40,stay,3482
10,90,NA,naturalFrequency,60,evacuate,1296
10,90,NA,naturalFrequency,10,stay,1337
100,90,NA,naturalFrequency,70,evacuate,1433
100,90,NA,naturalFrequency,100,evacuate,2260
10,90,NA,naturalFrequency,70,evacuate,2275
100,90,NA,naturalFrequency,50,evacuate,2487
10,90,NA,naturalFrequency,20,stay,2592
100,90,NA,naturalFrequency,90,evacuate,2308
100,90,NA,naturalFrequency,30,stay,1093
10,90,NA,naturalFrequency,90,evacuate,1536
100,90,NA,naturalFrequency,60,evacuate,2093
10,90,NA,naturalFrequency,50,stay,2300
10,90,NA,naturalFrequency,80,evacuate,1526
100,90,NA,naturalFrequency,20,stay,1066
10,90,NA,naturalFrequency,30,stay,962
10,90,Ordered,square,10,stay,4194
10,90,Ordered,square,20,stay,1201
100,90,Ordered,square,10,stay,1741
100,90,Ordered,square,70,evacuate,1521
100,90,Ordered,square,50,stay,1649
100,90,Ordered,square,20,stay,1544
10,90,Ordered,square,50,evacuate,1794
100,90,Ordered,square,80,evacuate,1467
10,90,Ordered,square,80,evacuate,3433
100,90,Ordered,square,30,stay,1479
100,90,Ordered,square,60,evacuate,1201
100,90,Ordered,square,40,stay,1541
10,90,Ordered,square,60,evacuate,1640
10,90,Ordered,square,30,stay,1288
10,90,Ordered,square,40,stay,1260
10,90,Ordered,square,70,evacuate,1101
100,90,Ordered,square,100,evacuate,1655
100,90,Ordered,square,90,evacuate,1158
10,90,Ordered,square,90,evacuate,1376
10,90,Ordered,house,20,stay,1560
100,90,Ordered,house,40,stay,1504
10,90,Ordered,house,90,evacuate,1879
10,90,Ordered,house,80,evacuate,1021
100,90,Ordered,house,80,evacuate,1318
10,90,Ordered,house,50,stay,2624
100,90,Ordered,house,70,evacuate,1849
10,90,Ordered,house,70,evacuate,1732
100,90,Ordered,house,30,stay,1576
100,90,Ordered,house,20,stay,1097
10,90,Ordered,house,60,stay,2105
10,90,Ordered,house,40,stay,1104
10,90,Ordered,house,10,stay,1953
10,90,Ordered,house,100,evacuate,943
10,90,Ordered,house,30,stay,1116
100,90,Ordered,house,50,stay,1576
100,90,Ordered,house,90,evacuate,1172
100,90,Ordered,house,60,evacuate,1565
100,90,Ordered,house,10,stay,1100
10,90,Random,square,50,evacuate,3248
100,90,Random,square,100,evacuate,1141
100,90,Random,square,30,stay,2312
100,90,Random,square,90,evacuate,1063
10,90,Random,square,20,stay,1387
10,90,Random,square,70,evacuate,1007
100,90,Random,square,20,stay,1476
10,90,Random,square,80,evacuate,1313
100,90,Random,square,50,evacuate,1377
10,90,Random,square,40,stay,1784
10,90,Random,square,90,evacuate,1056
100,90,Random,square,40,evacuate,1571
10,90,Random,square,30,stay,1435
100,90,Random,square,80,evacuate,1416
100,90,Random,square,60,evacuate,1400
100,90,Random,square,10,stay,1053
10,90,Random,square,10,stay,1723
10,90,Random,square,60,evacuate,1343
100,90,Random,square,70,evacuate,1266
10,90,Random,house,50,stay,2573
100,90,Random,house,40,stay,2985
100,90,Random,house,10,stay,1885
10,90,Random,house,90,evacuate,1236
100,90,Random,house,20,stay,1405
10,90,Random,house,30,stay,1406
100,90,Random,house,50,stay,2793
100,90,Random,house,90,evacuate,956
10,90,Random,house,60,evacuate,1636
100,90,Random,house,30,stay,1292
10,90,Random,house,40,stay,2828
10,90,Random,house,70,evacuate,1141
100,90,Random,house,60,evacuate,1197
10,90,Random,house,20,stay,1128
100,90,Random,house,0,stay,1730
10,90,Random,house,80,evacuate,1266
100,90,Random,house,80,evacuate,1135
10,90,Random,house,10,stay,1165
100,90,Random,house,70,evacuate,1422
100,91,NA,naturalFrequency,10,stay,15218
100,91,NA,naturalFrequency,70,stay,8603
10,91,NA,naturalFrequency,30,stay,6816
10,91,NA,naturalFrequency,40,stay,6146
10,91,NA,naturalFrequency,70,evacuate,3394
10,91,NA,naturalFrequency,0,stay,6299
10,91,NA,naturalFrequency,60,evacuate,4584
10,91,NA,naturalFrequency,50,evacuate,3580
10,91,NA,naturalFrequency,10,stay,6034
100,91,NA,naturalFrequency,50,evacuate,5444
10,91,NA,naturalFrequency,80,evacuate,4076
100,91,NA,naturalFrequency,60,evacuate,9752
100,91,NA,naturalFrequency,20,stay,15991
10,91,NA,naturalFrequency,90,evacuate,5677
100,91,NA,naturalFrequency,80,evacuate,4198
100,91,NA,naturalFrequency,90,evacuate,6085
100,91,NA,naturalFrequency,30,evacuate,3943
100,91,NA,naturalFrequency,40,evacuate,3966
10,91,NA,naturalFrequency,20,stay,4436
100,91,Ordered,square,30,evacuate,23108
10,91,Ordered,square,60,stay,10067
10,91,Ordered,square,20,evacuate,8832
100,91,Ordered,square,100,stay,4435
100,91,Ordered,square,50,evacuate,5053
10,91,Ordered,square,50,evacuate,4569
10,91,Ordered,square,30,evacuate,3441
100,91,Ordered,square,80,stay,5843
100,91,Ordered,square,60,stay,5140
100,91,Ordered,square,40,evacuate,4820
100,91,Ordered,square,90,stay,2564
10,91,Ordered,square,90,stay,6458
10,91,Ordered,square,40,stay,6319
10,91,Ordered,square,70,evacuate,3943
100,91,Ordered,square,10,stay,5991
10,91,Ordered,square,10,stay,12414
100,91,Ordered,square,20,stay,8521
100,91,Ordered,square,70,evacuate,2574
10,91,Ordered,square,80,evacuate,3696
10,91,Ordered,house,0,evacuate,22097
100,91,Ordered,house,30,stay,18419
100,91,Ordered,house,50,stay,5989
10,91,Ordered,house,30,stay,3540
10,91,Ordered,house,10,stay,4602
10,91,Ordered,house,70,evacuate,2108
100,91,Ordered,house,40,stay,3774
100,91,Ordered,house,90,evacuate,4149
100,91,Ordered,house,20,stay,2724
10,91,Ordered,house,80,evacuate,3445
100,91,Ordered,house,60,evacuate,5695
10,91,Ordered,house,40,stay,4473
10,91,Ordered,house,20,stay,3091
10,91,Ordered,house,60,evacuate,5091
10,91,Ordered,house,50,stay,4587
10,91,Ordered,house,90,evacuate,3184
100,91,Ordered,house,10,stay,4060
100,91,Ordered,house,70,evacuate,3610
100,91,Ordered,house,80,evacuate,2839
10,91,Random,square,40,evacuate,7136
100,91,Random,square,90,stay,8424
10,91,Random,square,60,evacuate,4360
10,91,Random,square,50,evacuate,3854
100,91,Random,square,20,evacuate,9410
100,91,Random,square,40,evacuate,6399
100,91,Random,square,50,stay,17816
100,91,Random,square,0,evacuate,5754
10,91,Random,square,80,stay,5704
10,91,Random,square,70,stay,8428
100,91,Random,square,10,stay,3358
10,91,Random,square,20,stay,4122
100,91,Random,square,60,evacuate,5665
10,91,Random,square,30,stay,3230
100,91,Random,square,30,stay,7640
10,91,Random,square,90,stay,4488
100,91,Random,square,70,evacuate,6119
10,91,Random,square,10,stay,11400
100,91,Random,square,80,evacuate,4225
100,91,Random,house,20,stay,6975
10,91,Random,house,20,stay,3247
100,91,Random,house,70,evacuate,3278
10,91,Random,house,80,evacuate,2840
100,91,Random,house,10,stay,4240
100,91,Random,house,80,evacuate,3201
100,91,Random,house,50,evacuate,4797
100,91,Random,house,90,stay,5022
10,91,Random,house,90,evacuate,3428
10,91,Random,house,50,stay,5186
100,91,Random,house,60,evacuate,4872
100,91,Random,house,40,stay,4630
10,91,Random,house,30,stay,4333
10,91,Random,house,70,evacuate,4907
100,91,Random,house,30,stay,7012
10,91,Random,house,100,evacuate,3393
10,91,Random,house,40,stay,2897
10,91,Random,house,10,stay,3449
10,91,Random,house,60,evacuate,3697
100,92,NA,naturalFrequency,20,stay,16147
10,92,NA,naturalFrequency,50,stay,14096
100,92,NA,naturalFrequency,10,stay,6929
100,92,NA,naturalFrequency,90,evacuate,6448
10,92,NA,naturalFrequency,10,stay,5100
100,92,NA,naturalFrequency,60,evacuate,3880
100,92,NA,naturalFrequency,30,evacuate,7792
10,92,NA,naturalFrequency,60,evacuate,4119
10,92,NA,naturalFrequency,20,stay,3326
100,92,NA,naturalFrequency,50,evacuate,2761
100,92,NA,naturalFrequency,40,evacuate,1336
10,92,NA,naturalFrequency,80,evacuate,6527
10,92,NA,naturalFrequency,30,stay,8440
10,92,NA,naturalFrequency,100,evacuate,3864
100,92,NA,naturalFrequency,80,evacuate,6216
10,92,NA,naturalFrequency,40,stay,4448
10,92,NA,naturalFrequency,90,evacuate,4880
100,92,NA,naturalFrequency,70,evacuate,1568
10,92,NA,naturalFrequency,70,evacuate,1924
10,92,Ordered,square,40,evacuate,8951
100,92,Ordered,square,40,evacuate,2080
10,92,Ordered,square,0,stay,6092
10,92,Ordered,square,20,stay,1292
10,92,Ordered,square,30,stay,1135
100,92,Ordered,square,50,evacuate,6687
100,92,Ordered,square,60,evacuate,1727
10,92,Ordered,square,70,evacuate,1400
10,92,Ordered,square,60,evacuate,1256
10,92,Ordered,square,80,evacuate,1303
100,92,Ordered,square,70,evacuate,1355
100,92,Ordered,square,80,evacuate,1328
100,92,Ordered,square,10,stay,1296
10,92,Ordered,square,90,evacuate,1360
100,92,Ordered,square,90,stay,3103
100,92,Ordered,square,20,stay,1567
10,92,Ordered,square,10,stay,1507
10,92,Ordered,square,50,stay,2311
100,92,Ordered,square,30,stay,1327
100,92,Ordered,house,20,stay,9063
100,92,Ordered,house,60,evacuate,2069
10,92,Ordered,house,100,evacuate,1512
10,92,Ordered,house,90,evacuate,911
100,92,Ordered,house,40,stay,4195
10,92,Ordered,house,20,stay,1231
100,92,Ordered,house,70,evacuate,1381
10,92,Ordered,house,50,evacuate,1975
10,92,Ordered,house,80,evacuate,1135
10,92,Ordered,house,70,evacuate,878
10,92,Ordered,house,10,stay,1103
100,92,Ordered,house,90,evacuate,3196
10,92,Ordered,house,30,stay,2264
100,92,Ordered,house,80,evacuate,1126
100,92,Ordered,house,50,stay,4244
10,92,Ordered,house,40,stay,1935
100,92,Ordered,house,10,stay,2917
100,92,Ordered,house,30,stay,2192
10,92,Ordered,house,60,evacuate,2152
100,92,Random,square,90,stay,6643
10,92,Random,square,80,evacuate,1136
10,92,Random,square,10,stay,1284
10,92,Random,square,70,evacuate,804
10,92,Random,square,60,evacuate,804
100,92,Random,square,80,stay,3175
10,92,Random,square,90,stay,3308
100,92,Random,square,70,stay,3195
10,92,Random,square,100,stay,1807
100,92,Random,square,60,evacuate,1300
10,92,Random,square,30,evacuate,6132
10,92,Random,square,40,evacuate,1020
100,92,Random,square,50,evacuate,1163
100,92,Random,square,40,evacuate,1055
10,92,Random,square,20,evacuate,1932
100,92,Random,square,20,evacuate,896
100,92,Random,square,10,stay,1779
100,92,Random,square,30,evacuate,1683
10,92,Random,square,50,stay,8328
100,92,Random,house,20,stay,8010
10,92,Random,house,50,stay,3039
100,92,Random,house,90,evacuate,1821
100,92,Random,house,30,stay,2114
100,92,Random,house,70,evacuate,1344
10,92,Random,house,30,stay,2255
100,92,Random,house,80,evacuate,1608
100,92,Random,house,50,evacuate,1075
100,92,Random,house,10,stay,1271
100,92,Random,house,60,stay,1251
100,92,Random,house,0,stay,4185
10,92,Random,house,60,evacuate,2928
10,92,Random,house,10,evacuate,2176
10,92,Random,house,20,stay,1031
10,92,Random,house,80,evacuate,1368
10,92,Random,house,90,evacuate,991
10,92,Random,house,40,stay,1287
100,92,Random,house,40,stay,1644
10,92,Random,house,70,evacuate,1847
10,93,NA,naturalFrequency,80,evacuate,4291
10,93,NA,naturalFrequency,40,stay,1828
10,93,NA,naturalFrequency,90,evacuate,1959
100,93,NA,naturalFrequency,10,stay,1849
10,93,NA,naturalFrequency,60,evacuate,1832
10,93,NA,naturalFrequency,10,stay,1460
100,93,NA,naturalFrequency,20,stay,2554
10,93,NA,naturalFrequency,20,stay,1775
10,93,NA,naturalFrequency,30,stay,1876
100,93,NA,naturalFrequency,60,evacuate,2366
100,93,NA,naturalFrequency,50,evacuate,1990
10,93,NA,naturalFrequency,50,evacuate,1323
100,93,NA,naturalFrequency,30,stay,1367
100,93,NA,naturalFrequency,70,evacuate,1323
100,93,NA,naturalFrequency,90,evacuate,970
100,93,NA,naturalFrequency,40,stay,1479
100,93,NA,naturalFrequency,0,stay,1975
100,93,NA,naturalFrequency,80,evacuate,1146
10,93,NA,naturalFrequency,70,evacuate,1162
10,93,Ordered,square,50,evacuate,4816
10,93,Ordered,square,90,evacuate,1524
100,93,Ordered,square,60,evacuate,1724
100,93,Ordered,square,70,evacuate,1073
10,93,Ordered,square,30,stay,1916
100,93,Ordered,square,50,evacuate,1450
100,93,Ordered,square,20,stay,1290
10,93,Ordered,square,60,evacuate,1502
10,93,Ordered,square,80,evacuate,987
10,93,Ordered,square,70,evacuate,1147
10,93,Ordered,square,10,stay,1034
10,93,Ordered,square,0,stay,925
10,93,Ordered,square,20,stay,857
100,93,Ordered,square,80,evacuate,1149
100,93,Ordered,square,10,stay,1224
10,93,Ordered,square,40,stay,1328
100,93,Ordered,square,40,stay,1362
100,93,Ordered,square,90,evacuate,967
100,93,Ordered,square,30,stay,1078
100,93,Ordered,house,30,stay,2838
10,93,Ordered,house,20,stay,4129
100,93,Ordered,house,40,stay,1364
100,93,Ordered,house,80,evacuate,2292
10,93,Ordered,house,50,evacuate,2498
100,93,Ordered,house,70,evacuate,1189
100,93,Ordered,house,50,evacuate,2265
10,93,Ordered,house,30,stay,1794
100,93,Ordered,house,10,stay,1355
10,93,Ordered,house,80,evacuate,1217
10,93,Ordered,house,10,stay,1063
10,93,Ordered,house,70,evacuate,1493
100,93,Ordered,house,90,evacuate,1247
100,93,Ordered,house,60,evacuate,1284
10,93,Ordered,house,90,evacuate,1375
10,93,Ordered,house,40,stay,1332
100,93,Ordered,house,20,stay,1152
10,93,Ordered,house,0,stay,1329
10,93,Ordered,house,60,evacuate,999
100,93,Random,square,60,evacuate,45061
100,93,Random,square,80,evacuate,986
10,93,Random,square,40,stay,1306
100,93,Random,square,100,evacuate,999
100,93,Random,square,50,evacuate,1784
100,93,Random,square,30,stay,1391
10,93,Random,square,30,stay,1301
100,93,Random,square,90,evacuate,1140
10,93,Random,square,90,evacuate,992
10,93,Random,square,80,evacuate,1082
100,93,Random,square,40,stay,1811
10,93,Random,square,20,stay,1232
10,93,Random,square,60,evacuate,1824
10,93,Random,square,50,evacuate,1183
100,93,Random,square,10,stay,1101
10,93,Random,square,70,evacuate,1141
100,93,Random,square,70,evacuate,1024
100,93,Random,square,20,stay,955
10,93,Random,square,10,stay,1274
10,93,Random,house,10,stay,2040
100,93,Random,house,20,stay,1366
100,93,Random,house,50,evacuate,1830
10,93,Random,house,50,evacuate,3241
10,93,Random,house,90,evacuate,1092
10,93,Random,house,40,stay,1295
100,93,Random,house,70,evacuate,1540
100,93,Random,house,0,stay,973
10,93,Random,house,80,evacuate,1158
100,93,Random,house,90,evacuate,1374
10,93,Random,house,30,stay,1158
100,93,Random,house,30,evacuate,1672
100,93,Random,house,60,evacuate,1153
10,93,Random,house,20,stay,1301
10,93,Random,house,70,evacuate,844
10,93,Random,house,60,evacuate,1342
100,93,Random,house,40,stay,1876
100,93,Random,house,80,evacuate,1380
100,93,Random,house,10,stay,924
10,94,NA,naturalFrequency,20,evacuate,4655
10,94,NA,naturalFrequency,50,evacuate,1573
100,94,NA,naturalFrequency,50,evacuate,1766
10,94,NA,naturalFrequency,80,evacuate,1296
100,94,NA,naturalFrequency,40,evacuate,2157
10,94,NA,naturalFrequency,30,evacuate,1254
10,94,NA,naturalFrequency,10,stay,3410
10,94,NA,naturalFrequency,60,evacuate,967
100,94,NA,naturalFrequency,30,evacuate,1796
10,94,NA,naturalFrequency,90,evacuate,941
10,94,NA,naturalFrequency,70,evacuate,1060
100,94,NA,naturalFrequency,20,evacuate,1350
100,94,NA,naturalFrequency,80,evacuate,1051
100,94,NA,naturalFrequency,90,evacuate,1076
100,94,NA,naturalFrequency,0,stay,1275
100,94,NA,naturalFrequency,60,evacuate,1173
10,94,NA,naturalFrequency,40,evacuate,1564
100,94,NA,naturalFrequency,10,stay,1146
100,94,NA,naturalFrequency,70,evacuate,1035
100,94,Ordered,square,70,evacuate,5469
10,94,Ordered,square,40,evacuate,2686
10,94,Ordered,square,20,evacuate,2951
100,94,Ordered,square,50,evacuate,1527
100,94,Ordered,square,40,evacuate,1185
10,94,Ordered,square,70,evacuate,1472
10,94,Ordered,square,50,evacuate,1072
100,94,Ordered,square,0,stay,1679
10,94,Ordered,square,30,evacuate,2318
10,94,Ordered,square,90,evacuate,1381
10,94,Ordered,square,10,stay,1291
100,94,Ordered,square,30,evacuate,2445
100,94,Ordered,square,60,evacuate,1053
10,94,Ordered,square,80,evacuate,1206
100,94,Ordered,square,10,stay,1976
100,94,Ordered,square,80,evacuate,1034
100,94,Ordered,square,90,evacuate,866
10,94,Ordered,square,60,evacuate,2102
100,94,Ordered,square,20,evacuate,4623
10,94,Ordered,house,90,evacuate,3659
100,94,Ordered,house,0,stay,1506
10,94,Ordered,house,70,evacuate,1171
100,94,Ordered,house,50,evacuate,1538
100,94,Ordered,house,80,evacuate,771
10,94,Ordered,house,50,evacuate,1633
10,94,Ordered,house,10,stay,1124
100,94,Ordered,house,40,evacuate,1268
100,94,Ordered,house,30,evacuate,1073
100,94,Ordered,house,70,evacuate,1076
10,94,Ordered,house,20,evacuate,1281
10,94,Ordered,house,30,evacuate,907
100,94,Ordered,house,20,evacuate,2412
100,94,Ordered,house,60,evacuate,1244
10,94,Ordered,house,60,evacuate,1375
100,94,Ordered,house,10,evacuate,5515
100,94,Ordered,house,90,evacuate,754
10,94,Ordered,house,80,evacuate,1278
10,94,Ordered,house,40,evacuate,836
10,94,Random,square,0,stay,2460
10,94,Random,square,20,evacuate,2409
100,94,Random,square,10,evacuate,4330
100,94,Random,square,40,evacuate,1077
10,94,Random,square,50,evacuate,1433
10,94,Random,square,60,evacuate,1221
10,94,Random,square,70,evacuate,1072
100,94,Random,square,90,evacuate,1274
10,94,Random,square,40,evacuate,2133
100,94,Random,square,70,evacuate,2258
100,94,Random,square,50,evacuate,1542
10,94,Random,square,10,stay,2106
10,94,Random,square,30,evacuate,933
100,94,Random,square,20,evacuate,1497
10,94,Random,square,90,evacuate,1093
100,94,Random,square,60,evacuate,1222
100,94,Random,square,30,evacuate,1727
100,94,Random,square,80,evacuate,970
10,94,Random,square,80,evacuate,1137
10,94,Random,house,80,evacuate,1560
100,94,Random,house,40,evacuate,1290
100,94,Random,house,70,evacuate,1062
10,94,Random,house,20,evacuate,1599
100,94,Random,house,10,evacuate,2199
10,94,Random,house,10,stay,2660
10,94,Random,house,60,evacuate,877
100,94,Random,house,20,evacuate,1735
10,94,Random,house,70,evacuate,2140
100,94,Random,house,50,evacuate,1069
10,94,Random,house,50,evacuate,1167
100,94,Random,house,30,evacuate,1067
10,94,Random,house,90,evacuate,972
100,94,Random,house,60,evacuate,1184
10,94,Random,house,0,stay,1185
100,94,Random,house,80,evacuate,906
10,94,Random,house,30,evacuate,1015
100,94,Random,house,90,evacuate,943
10,94,Random,house,40,evacuate,1000
100,95,NA,naturalFrequency,20,evacuate,6355
100,95,NA,naturalFrequency,80,evacuate,1904
10,95,NA,naturalFrequency,80,evacuate,1636
10,95,NA,naturalFrequency,50,evacuate,1188
100,95,NA,naturalFrequency,50,evacuate,1025
10,95,NA,naturalFrequency,90,evacuate,1152
100,95,NA,naturalFrequency,70,evacuate,1565
100,95,NA,naturalFrequency,60,evacuate,839
10,95,NA,naturalFrequency,10,stay,1788
100,95,NA,naturalFrequency,90,evacuate,1595
10,95,NA,naturalFrequency,0,stay,2221
100,95,NA,naturalFrequency,10,stay,2128
10,95,NA,naturalFrequency,30,stay,1570
100,95,NA,naturalFrequency,40,evacuate,1318
10,95,NA,naturalFrequency,70,evacuate,1086
10,95,NA,naturalFrequency,20,stay,1658
10,95,NA,naturalFrequency,60,evacuate,1031
10,95,NA,naturalFrequency,40,evacuate,1126
100,95,NA,naturalFrequency,30,evacuate,1066
100,95,Ordered,square,50,evacuate,3112
100,95,Ordered,square,70,evacuate,1482
100,95,Ordered,square,40,evacuate,1579
100,95,Ordered,square,60,evacuate,833
10,95,Ordered,square,60,evacuate,1582
10,95,Ordered,square,40,stay,1350
10,95,Ordered,square,10,stay,1001
10,95,Ordered,square,20,stay,988
100,95,Ordered,square,30,stay,1324
10,95,Ordered,square,30,evacuate,1472
10,95,Ordered,square,90,evacuate,819
100,95,Ordered,square,100,evacuate,933
100,95,Ordered,square,10,stay,1217
100,95,Ordered,square,80,evacuate,808
100,95,Ordered,square,20,stay,996
100,95,Ordered,square,90,evacuate,702
10,95,Ordered,square,50,evacuate,1220
10,95,Ordered,square,80,evacuate,1134
10,95,Ordered,square,70,evacuate,955
100,95,Ordered,house,20,stay,171276
100,95,Ordered,house,60,evacuate,706
10,95,Ordered,house,60,evacuate,971
100,95,Ordered,house,40,evacuate,1060
10,95,Ordered,house,90,evacuate,801
100,95,Ordered,house,30,evacuate,999
100,95,Ordered,house,50,evacuate,900
10,95,Ordered,house,20,stay,992
100,95,Ordered,house,10,stay,1068
100,95,Ordered,house,70,evacuate,929
100,95,Ordered,house,90,evacuate,62320
10,95,Ordered,house,10,stay,2691
10,95,Ordered,house,0,stay,831
10,95,Ordered,house,40,evacuate,1186
100,95,Ordered,house,80,evacuate,1038
10,95,Ordered,house,30,evacuate,809
10,95,Ordered,house,70,evacuate,680
10,95,Ordered,house,50,evacuate,647
10,95,Ordered,house,80,evacuate,601
100,95,Random,square,90,evacuate,1896
10,95,Random,square,60,evacuate,794
10,95,Random,square,70,evacuate,580
10,95,Random,square,90,evacuate,571
10,95,Random,square,40,evacuate,2507
100,95,Random,square,20,stay,1202
10,95,Random,square,10,stay,879
100,95,Random,square,10,stay,824
10,95,Random,square,50,evacuate,847
100,95,Random,square,80,evacuate,840
10,95,Random,square,80,evacuate,677
10,95,Random,square,100,evacuate,615
100,95,Random,square,30,evacuate,940
10,95,Random,square,20,evacuate,693
10,95,Random,square,30,stay,1649
100,95,Random,square,40,evacuate,1940
100,95,Random,square,60,evacuate,663
100,95,Random,square,50,evacuate,601
100,95,Random,square,70,evacuate,638
10,95,Random,house,60,evacuate,1857
10,95,Random,house,90,evacuate,592
100,95,Random,house,10,stay,1223
10,95,Random,house,30,stay,1219
100,95,Random,house,80,evacuate,851
100,95,Random,house,70,evacuate,681
100,95,Random,house,20,stay,843
100,95,Random,house,60,evacuate,689
10,95,Random,house,20,stay,54719
100,95,Random,house,90,evacuate,1553
100,95,Random,house,50,evacuate,738
100,95,Random,house,0,stay,892
10,95,Random,house,10,stay,1557
10,95,Random,house,40,evacuate,649
10,95,Random,house,80,evacuate,105631
100,95,Random,house,40,evacuate,837
100,95,Random,house,30,evacuate,525
10,95,Random,house,70,evacuate,777
10,95,Random,house,50,evacuate,826
10,96,NA,naturalFrequency,90,evacuate,7039
10,96,NA,naturalFrequency,30,stay,1640
100,96,NA,naturalFrequency,60,evacuate,4568
100,96,NA,naturalFrequency,50,evacuate,3048
100,96,NA,naturalFrequency,40,stay,1240
10,96,NA,naturalFrequency,40,stay,1336
100,96,NA,naturalFrequency,10,stay,936
100,96,NA,naturalFrequency,70,evacuate,968
100,96,NA,naturalFrequency,0,stay,2048
10,96,NA,naturalFrequency,60,evacuate,1376
10,96,NA,naturalFrequency,70,evacuate,896
10,96,NA,naturalFrequency,50,stay,1520
100,96,NA,naturalFrequency,80,evacuate,952
10,96,NA,naturalFrequency,10,stay,992
10,96,NA,naturalFrequency,20,stay,680
100,96,NA,naturalFrequency,90,evacuate,848
100,96,NA,naturalFrequency,20,stay,1288
10,96,NA,naturalFrequency,80,evacuate,848
100,96,NA,naturalFrequency,30,stay,1104
100,96,Ordered,square,80,evacuate,7678
10,96,Ordered,square,10,stay,1664
100,96,Ordered,square,90,evacuate,1272
100,96,Ordered,square,20,stay,1472
10,96,Ordered,square,80,evacuate,864
10,96,Ordered,square,90,evacuate,640
100,96,Ordered,square,50,stay,1352
10,96,Ordered,square,40,stay,3240
100,96,Ordered,square,10,stay,1136
10,96,Ordered,square,20,stay,936
10,96,Ordered,square,70,evacuate,768
10,96,Ordered,square,30,stay,1432
100,96,Ordered,square,60,evacuate,1224
100,96,Ordered,square,40,stay,984
100,96,Ordered,square,30,stay,831
10,96,Ordered,square,50,stay,1415
100,96,Ordered,square,0,stay,967
10,96,Ordered,square,60,evacuate,1279
100,96,Ordered,square,70,evacuate,1703
100,96,Ordered,house,80,evacuate,2542
100,96,Ordered,house,70,evacuate,1155
10,96,Ordered,house,50,stay,1463
10,96,Ordered,house,60,evacuate,959
100,96,Ordered,house,20,stay,1963
10,96,Ordered,house,70,evacuate,1735
100,96,Ordered,house,30,stay,939
10,96,Ordered,house,100,evacuate,1071
10,96,Ordered,house,80,evacuate,999
100,96,Ordered,house,40,stay,1211
100,96,Ordered,house,50,stay,1171
10,96,Ordered,house,90,evacuate,1263
10,96,Ordered,house,30,stay,1087
10,96,Ordered,house,10,stay,743
100,96,Ordered,house,60,evacuate,1403
100,96,Ordered,house,10,stay,971
100,96,Ordered,house,90,evacuate,883
10,96,Ordered,house,20,stay,1063
10,96,Ordered,house,40,stay,855
10,96,Random,square,10,stay,4654
10,96,Random,square,90,evacuate,816
100,96,Random,square,30,stay,5127
10,96,Random,square,70,evacuate,928
100,96,Random,square,60,evacuate,960
10,96,Random,square,40,stay,2400
100,96,Random,square,100,evacuate,760
10,96,Random,square,60,evacuate,1024
100,96,Random,square,50,evacuate,1304
100,96,Random,square,70,evacuate,880
10,96,Random,square,50,stay,2368
10,96,Random,square,80,evacuate,720
100,96,Random,square,40,stay,1072
100,96,Random,square,20,stay,744
10,96,Random,square,20,stay,1016
100,96,Random,square,80,evacuate,832
100,96,Random,square,90,evacuate,624
100,96,Random,square,10,stay,784
10,96,Random,square,30,stay,1128
10,96,Random,house,40,stay,2381
10,96,Random,house,50,evacuate,1519
100,96,Random,house,10,stay,995
10,96,Random,house,90,evacuate,831
10,96,Random,house,70,evacuate,767
10,96,Random,house,10,stay,695
10,96,Random,house,60,evacuate,655
10,96,Random,house,100,evacuate,583
100,96,Random,house,40,stay,1643
100,96,Random,house,30,stay,907
10,96,Random,house,80,evacuate,751
10,96,Random,house,30,stay,808
100,96,Random,house,90,evacuate,931
100,96,Random,house,70,evacuate,867
10,96,Random,house,20,stay,935
100,96,Random,house,80,evacuate,788
100,96,Random,house,50,evacuate,907
100,96,Random,house,60,evacuate,716
100,96,Random,house,20,stay,1131
10,97,NA,naturalFrequency,40,stay,4875
10,97,NA,naturalFrequency,20,stay,1844
10,97,NA,naturalFrequency,90,evacuate,1376
100,97,NA,naturalFrequency,10,stay,1757
10,97,NA,naturalFrequency,70,stay,1312
10,97,NA,naturalFrequency,50,stay,1992
100,97,NA,naturalFrequency,20,evacuate,1589
10,97,NA,naturalFrequency,80,evacuate,1634
10,97,NA,naturalFrequency,60,evacuate,4102
100,97,NA,naturalFrequency,30,stay,1436
100,97,NA,naturalFrequency,70,evacuate,1998
100,97,NA,naturalFrequency,90,evacuate,1250
100,97,NA,naturalFrequency,80,evacuate,1144
100,97,NA,naturalFrequency,60,evacuate,1372
10,97,NA,naturalFrequency,10,stay,1245
10,97,NA,naturalFrequency,30,stay,1470
10,97,NA,naturalFrequency,100,evacuate,1598
100,97,NA,naturalFrequency,40,stay,1278
100,97,NA,naturalFrequency,50,stay,3036
10,97,Ordered,square,40,stay,5205
10,97,Ordered,square,100,evacuate,1368
100,97,Ordered,square,90,evacuate,1612
100,97,Ordered,square,20,stay,1082
10,97,Ordered,square,20,stay,1531
100,97,Ordered,square,40,stay,1568
100,97,Ordered,square,70,evacuate,2239
10,97,Ordered,square,60,evacuate,1993
10,97,Ordered,square,30,stay,1074
100,97,Ordered,square,60,stay,1362
100,97,Ordered,square,50,stay,1524
100,97,Ordered,square,10,stay,1455
10,97,Ordered,square,80,evacuate,1440
10,97,Ordered,square,50,stay,1493
100,97,Ordered,square,30,stay,1245
10,97,Ordered,square,10,stay,1461
100,97,Ordered,square,80,evacuate,1462
10,97,Ordered,square,90,evacuate,1381
10,97,Ordered,square,70,evacuate,1296
100,97,Ordered,house,20,stay,4657
10,97,Ordered,house,10,stay,1413
100,97,Ordered,house,100,evacuate,1321
100,97,Ordered,house,40,stay,1192
100,97,Ordered,house,10,stay,1150
10,97,Ordered,house,40,stay,2727
100,97,Ordered,house,50,stay,1366
100,97,Ordered,house,70,evacuate,1492
100,97,Ordered,house,60,evacuate,1048
10,97,Ordered,house,30,stay,1495
10,97,Ordered,house,50,evacuate,1269
10,97,Ordered,house,70,evacuate,1693
10,97,Ordered,house,20,stay,3639
100,97,Ordered,house,90,evacuate,1365
10,97,Ordered,house,90,evacuate,1831
10,97,Ordered,house,80,evacuate,1009
100,97,Ordered,house,30,stay,1238
100,97,Ordered,house,80,evacuate,1078
10,97,Ordered,house,60,evacuate,1571
10,97,Random,square,50,stay,1305
100,97,Random,square,50,evacuate,1147
10,97,Random,square,10,stay,1340
10,97,Random,square,80,evacuate,890
10,97,Random,square,40,evacuate,1336
100,97,Random,square,60,evacuate,1234
100,97,Random,square,30,stay,969
100,97,Random,square,70,evacuate,1177
10,97,Random,square,90,evacuate,1420
100,97,Random,square,90,evacuate,1230
10,97,Random,square,60,stay,1562
10,97,Random,square,0,stay,1256
10,97,Random,square,20,stay,1572
10,97,Random,square,70,evacuate,942
100,97,Random,square,10,stay,1294
100,97,Random,square,80,evacuate,3196
10,97,Random,square,30,stay,1154
100,97,Random,square,20,stay,1258
100,97,Random,square,40,stay,1350
10,97,Random,house,70,evacuate,2185
100,97,Random,house,70,evacuate,1216
10,97,Random,house,60,stay,1220
100,97,Random,house,60,evacuate,1378
100,97,Random,house,30,evacuate,1558
100,97,Random,house,50,stay,1638
100,97,Random,house,90,evacuate,1132
100,97,Random,house,80,evacuate,1113
100,97,Random,house,40,stay,878
100,97,Random,house,100,stay,822
10,97,Random,house,80,evacuate,1862
10,97,Random,house,20,stay,1716
10,97,Random,house,10,stay,898
100,97,Random,house,20,stay,1578
10,97,Random,house,40,stay,1356
10,97,Random,house,90,evacuate,1019
100,97,Random,house,10,stay,1410
10,97,Random,house,50,stay,1562
10,97,Random,house,30,stay,950
10,98,NA,naturalFrequency,50,evacuate,6307
10,98,NA,naturalFrequency,40,stay,1448
10,98,NA,naturalFrequency,10,stay,1552
100,98,NA,naturalFrequency,10,stay,2183
10,98,NA,naturalFrequency,0,stay,2476
10,98,NA,naturalFrequency,30,stay,1559
10,98,NA,naturalFrequency,80,evacuate,1777
100,98,NA,naturalFrequency,20,stay,1703
100,98,NA,naturalFrequency,50,evacuate,1117
100,98,NA,naturalFrequency,30,stay,1530
10,98,NA,naturalFrequency,20,stay,1312
100,98,NA,naturalFrequency,40,evacuate,2774
100,98,NA,naturalFrequency,70,evacuate,1095
100,98,NA,naturalFrequency,80,evacuate,1036
10,98,NA,naturalFrequency,70,evacuate,1328
10,98,NA,naturalFrequency,60,evacuate,981
100,98,NA,naturalFrequency,90,evacuate,1139
10,98,NA,naturalFrequency,90,evacuate,1208
100,98,NA,naturalFrequency,60,evacuate,1740
100,98,Ordered,square,60,evacuate,71288
100,98,Ordered,square,20,stay,1185
10,98,Ordered,square,20,stay,1755
10,98,Ordered,square,50,evacuate,855
10,98,Ordered,square,40,stay,1088
10,98,Ordered,square,90,evacuate,945
100,98,Ordered,square,40,stay,2625
10,98,Ordered,square,10,stay,1149
100,98,Ordered,square,90,evacuate,998
10,98,Ordered,square,70,evacuate,930
100,98,Ordered,square,30,stay,1328
100,98,Ordered,square,50,evacuate,959
10,98,Ordered,square,30,stay,1305
100,98,Ordered,square,10,stay,1283
10,98,Ordered,square,60,evacuate,1335
10,98,Ordered,square,80,evacuate,667
100,98,Ordered,square,80,evacuate,1072
100,98,Ordered,square,70,evacuate,780
100,98,Ordered,square,100,evacuate,893
100,98,Ordered,house,60,evacuate,2556
100,98,Ordered,house,0,stay,1296
100,98,Ordered,house,80,evacuate,838
100,98,Ordered,house,10,stay,883
10,98,Ordered,house,80,evacuate,1080
10,98,Ordered,house,20,stay,840
10,98,Ordered,house,90,evacuate,922
10,98,Ordered,house,50,stay,1170
10,98,Ordered,house,40,evacuate,1154
10,98,Ordered,house,70,evacuate,1935
100,98,Ordered,house,70,evacuate,1004
100,98,Ordered,house,40,stay,1019
100,98,Ordered,house,50,evacuate,1544
100,98,Ordered,house,20,stay,1312
10,98,Ordered,house,30,stay,1792
100,98,Ordered,house,90,evacuate,1356
10,98,Ordered,house,10,stay,1072
10,98,Ordered,house,60,evacuate,1485
100,98,Ordered,house,30,stay,1139
10,98,Random,square,60,evacuate,3261
10,98,Random,square,40,stay,1499
100,98,Random,square,40,evacuate,1043
100,98,Random,square,30,stay,1440
10,98,Random,square,20,stay,1749
100,98,Random,square,60,evacuate,1088
10,98,Random,square,80,evacuate,1094
10,98,Random,square,30,stay,1298
100,98,Random,square,50,evacuate,1094
10,98,Random,square,70,evacuate,3015
100,98,Random,square,20,stay,1229
10,98,Random,square,90,evacuate,1703
100,98,Random,square,10,stay,1065
100,98,Random,square,90,evacuate,1477
100,98,Random,square,70,evacuate,1050
10,98,Random,square,10,stay,1365
100,98,Random,square,80,evacuate,1342
100,98,Random,square,100,evacuate,900
10,98,Random,square,50,evacuate,1057
100,98,Random,house,30,stay,2473
10,98,Random,house,20,stay,1898
100,98,Random,house,50,evacuate,1191
10,98,Random,house,80,evacuate,1066
10,98,Random,house,70,evacuate,1147
100,98,Random,house,20,stay,1071
100,98,Random,house,60,evacuate,950
10,98,Random,house,30,stay,1230
100,98,Random,house,90,evacuate,937
10,98,Random,house,90,evacuate,1170
10,98,Random,house,50,stay,2581
10,98,Random,house,10,stay,1881
10,98,Random,house,60,evacuate,1147
10,98,Random,house,40,stay,1041
100,98,Random,house,80,evacuate,959
100,98,Random,house,10,stay,1123
100,98,Random,house,40,stay,1183
100,98,Random,house,0,stay,1520
100,98,Random,house,70,evacuate,861
10,99,NA,naturalFrequency,80,evacuate,5719
100,99,NA,naturalFrequency,80,evacuate,3313
10,99,NA,naturalFrequency,50,evacuate,3559
100,99,NA,naturalFrequency,30,stay,3207
100,99,NA,naturalFrequency,90,evacuate,1553
10,99,NA,naturalFrequency,20,stay,1689
100,99,NA,naturalFrequency,50,evacuate,1576
10,99,NA,naturalFrequency,40,stay,1647
10,99,NA,naturalFrequency,70,evacuate,2319
100,99,NA,naturalFrequency,40,stay,2648
10,99,NA,naturalFrequency,90,evacuate,1625
100,99,NA,naturalFrequency,70,evacuate,1177
10,99,NA,naturalFrequency,60,evacuate,1353
10,99,NA,naturalFrequency,10,stay,2231
100,99,NA,naturalFrequency,20,stay,2152
100,99,NA,naturalFrequency,10,stay,1377
100,99,NA,naturalFrequency,60,evacuate,1320
10,99,NA,naturalFrequency,30,stay,1560
100,99,NA,naturalFrequency,0,stay,1591
10,99,Ordered,square,40,stay,4924
10,99,Ordered,square,70,evacuate,1176
10,99,Ordered,square,60,evacuate,1304
100,99,Ordered,square,60,evacuate,1728
10,99,Ordered,square,90,evacuate,1592
100,99,Ordered,square,70,evacuate,1272
10,99,Ordered,square,80,evacuate,1271
10,99,Ordered,square,30,stay,1255
100,99,Ordered,square,10,stay,1551
10,99,Ordered,square,20,stay,1433
100,99,Ordered,square,20,stay,1400
10,99,Ordered,square,10,stay,1263
100,99,Ordered,square,50,evacuate,1599
10,99,Ordered,square,50,evacuate,1599
100,99,Ordered,square,90,evacuate,1215
100,99,Ordered,square,30,stay,1416
100,99,Ordered,square,40,stay,2000
100,99,Ordered,square,80,evacuate,1287
100,99,Ordered,square,0,stay,1415
10,99,Ordered,house,90,evacuate,3150
100,99,Ordered,house,30,stay,1966
10,99,Ordered,house,60,evacuate,1472
10,99,Ordered,house,10,stay,1351
10,99,Ordered,house,80,evacuate,1216
100,99,Ordered,house,90,evacuate,1181
100,99,Ordered,house,50,evacuate,1350
100,99,Ordered,house,80,evacuate,1222
100,99,Ordered,house,40,evacuate,1677
10,99,Ordered,house,30,stay,1487
100,99,Ordered,house,70,evacuate,4013
10,99,Ordered,house,0,stay,1455
10,99,Ordered,house,20,stay,1001
100,99,Ordered,house,20,stay,1246
10,99,Ordered,house,50,evacuate,1503
10,99,Ordered,house,40,evacuate,1223
100,99,Ordered,house,60,evacuate,1343
100,99,Ordered,house,10,stay,1421
10,99,Ordered,house,70,evacuate,1407
10,99,Random,square,30,stay,2295
10,99,Random,square,70,evacuate,1223
10,99,Random,square,60,evacuate,1023
100,99,Random,square,10,stay,1589
10,99,Random,square,100,evacuate,1127
100,99,Random,square,70,evacuate,1247
10,99,Random,square,90,evacuate,1063
100,99,Random,square,40,evacuate,1440
10,99,Random,square,20,stay,1296
100,99,Random,square,50,evacuate,1160
10,99,Random,square,50,evacuate,1264
100,99,Random,square,90,evacuate,1199
10,99,Random,square,10,stay,1615
100,99,Random,square,20,stay,1592
10,99,Random,square,40,stay,1272
100,99,Random,square,80,evacuate,1143
100,99,Random,square,60,evacuate,927
10,99,Random,square,80,evacuate,1320
100,99,Random,square,30,stay,1382
100,99,Random,house,40,stay,2174
100,99,Random,house,60,evacuate,1230
10,99,Random,house,40,stay,1519
10,99,Random,house,90,evacuate,1135
10,99,Random,house,80,evacuate,999
100,99,Random,house,70,evacuate,1286
100,99,Random,house,20,stay,1950
100,99,Random,house,80,evacuate,1093
100,99,Random,house,10,stay,1295
10,99,Random,house,50,stay,1489
100,99,Random,house,90,evacuate,1364
10,99,Random,house,10,stay,1431
10,99,Random,house,60,evacuate,1951
10,99,Random,house,30,stay,2023
100,99,Random,house,0,stay,1270
100,99,Random,house,30,stay,1013
10,99,Random,house,70,evacuate,1816
10,99,Random,house,20,stay,1223
100,99,Random,house,50,evacuate,1878
10,100,NA,naturalFrequency,80,evacuate,6994
10,100,NA,naturalFrequency,60,evacuate,2796
100,100,NA,naturalFrequency,100,evacuate,3981
10,100,NA,naturalFrequency,40,stay,1985
100,100,NA,naturalFrequency,50,evacuate,4206
100,100,NA,naturalFrequency,80,evacuate,2097
100,100,NA,naturalFrequency,20,stay,1345
10,100,NA,naturalFrequency,70,evacuate,2678
100,100,NA,naturalFrequency,30,stay,2782
100,100,NA,naturalFrequency,70,evacuate,1496
10,100,NA,naturalFrequency,20,stay,1325
100,100,NA,naturalFrequency,40,evacuate,2039
10,100,NA,naturalFrequency,50,evacuate,1402
10,100,NA,naturalFrequency,90,evacuate,1430
10,100,NA,naturalFrequency,10,stay,1192
100,100,NA,naturalFrequency,10,stay,1619
100,100,NA,naturalFrequency,60,evacuate,1471
100,100,NA,naturalFrequency,90,evacuate,1346
10,100,NA,naturalFrequency,30,stay,1134
10,100,Ordered,square,20,stay,5415
100,100,Ordered,square,70,evacuate,3308
10,100,Ordered,square,80,evacuate,1746
100,100,Ordered,square,100,evacuate,1668
10,100,Ordered,square,60,evacuate,2018
10,100,Ordered,square,50,evacuate,1571
100,100,Ordered,square,30,stay,1844
100,100,Ordered,square,60,evacuate,1563
100,100,Ordered,square,90,evacuate,1456
100,100,Ordered,square,20,stay,1205
10,100,Ordered,square,40,stay,1563
10,100,Ordered,square,10,stay,1065
10,100,Ordered,square,90,evacuate,1240
100,100,Ordered,square,10,stay,1752
10,100,Ordered,square,70,evacuate,1345
100,100,Ordered,square,50,evacuate,1646
10,100,Ordered,square,30,stay,1886
100,100,Ordered,square,80,evacuate,1135
100,100,Ordered,square,40,stay,1085
10,100,Ordered,house,30,evacuate,4330
10,100,Ordered,house,50,evacuate,1252
10,100,Ordered,house,10,stay,1232
100,100,Ordered,house,90,evacuate,1368
100,100,Ordered,house,60,evacuate,1341
10,100,Ordered,house,90,evacuate,1828
100,100,Ordered,house,10,stay,1500
100,100,Ordered,house,80,evacuate,1271
100,100,Ordered,house,30,stay,1179
10,100,Ordered,house,40,stay,1373
10,100,Ordered,house,70,evacuate,1295
100,100,Ordered,house,40,stay,1673
100,100,Ordered,house,50,stay,1705
10,100,Ordered,house,80,evacuate,1534
100,100,Ordered,house,70,evacuate,1363
10,100,Ordered,house,0,stay,1317
100,100,Ordered,house,20,stay,1179
10,100,Ordered,house,20,stay,1100
10,100,Ordered,house,60,evacuate,1337
10,100,Random,square,40,stay,3869
10,100,Random,square,70,evacuate,2321
10,100,Random,square,80,evacuate,1675
10,100,Random,square,20,stay,1340
10,100,Random,square,60,evacuate,1367
10,100,Random,square,30,stay,1226
100,100,Random,square,10,stay,1995
100,100,Random,square,50,evacuate,1240
10,100,Random,square,0,stay,1492
100,100,Random,square,80,evacuate,2803
100,100,Random,square,20,stay,1077
10,100,Random,square,10,stay,3602
100,100,Random,square,70,evacuate,3168
10,100,Random,square,50,evacuate,1823
100,100,Random,square,90,evacuate,1317
100,100,Random,square,30,stay,1506
10,100,Random,square,90,evacuate,1599
100,100,Random,square,60,evacuate,1399
100,100,Random,square,40,stay,1246
100,100,Random,house,10,stay,2510
10,100,Random,house,50,evacuate,2263
10,100,Random,house,30,stay,1471
100,100,Random,house,90,evacuate,3470
10,100,Random,house,60,stay,1456
10,100,Random,house,70,evacuate,1395
100,100,Random,house,40,stay,1944
10,100,Random,house,90,evacuate,1681
10,100,Random,house,10,stay,1415
100,100,Random,house,80,evacuate,1390
100,100,Random,house,70,evacuate,1382
10,100,Random,house,20,stay,1429
100,100,Random,house,50,evacuate,1550
100,100,Random,house,20,stay,1271
10,100,Random,house,80,evacuate,1550
100,100,Random,house,100,evacuate,1368
10,100,Random,house,40,stay,1347
100,100,Random,house,60,evacuate,1523
100,100,Random,house,30,stay,1314
10,101,NA,naturalFrequency,60,evacuate,5040
100,101,NA,naturalFrequency,80,evacuate,2167
10,101,NA,naturalFrequency,0,stay,1747
100,101,NA,naturalFrequency,60,evacuate,4218
100,101,NA,naturalFrequency,40,stay,1418
10,101,NA,naturalFrequency,40,stay,3925
100,101,NA,naturalFrequency,50,evacuate,1566
10,101,NA,naturalFrequency,90,evacuate,2190
100,101,NA,naturalFrequency,90,evacuate,1067
100,101,NA,naturalFrequency,70,evacuate,1222
10,101,NA,naturalFrequency,10,stay,1666
100,101,NA,naturalFrequency,20,stay,1258
100,101,NA,naturalFrequency,30,stay,983
10,101,NA,naturalFrequency,50,evacuate,2103
10,101,NA,naturalFrequency,80,evacuate,1371
10,101,NA,naturalFrequency,70,evacuate,1239
10,101,NA,naturalFrequency,20,stay,1680
10,101,NA,naturalFrequency,30,stay,1234
100,101,NA,naturalFrequency,10,stay,2200
10,101,Ordered,square,10,stay,4358
10,101,Ordered,square,30,stay,1192
100,101,Ordered,square,90,evacuate,1350
100,101,Ordered,square,80,evacuate,956
100,101,Ordered,square,10,stay,1110
100,101,Ordered,square,30,stay,1362
100,101,Ordered,square,70,evacuate,938
100,101,Ordered,square,40,stay,2392
100,101,Ordered,square,60,evacuate,1852
10,101,Ordered,square,60,evacuate,1717
10,101,Ordered,square,40,stay,1501
10,101,Ordered,square,20,stay,1963
10,101,Ordered,square,50,stay,2351
10,101,Ordered,square,100,evacuate,1487
10,101,Ordered,square,70,evacuate,965
10,101,Ordered,square,90,evacuate,740
100,101,Ordered,square,50,stay,2119
10,101,Ordered,square,80,evacuate,1679
100,101,Ordered,square,20,stay,944
100,101,Ordered,house,0,evacuate,2690
100,101,Ordered,house,80,evacuate,5013
10,101,Ordered,house,30,stay,2995
10,101,Ordered,house,60,evacuate,3798
100,101,Ordered,house,30,evacuate,3512
10,101,Ordered,house,20,stay,3120
10,101,Ordered,house,10,evacuate,1317
10,101,Ordered,house,40,evacuate,1301
100,101,Ordered,house,10,evacuate,842
100,101,Ordered,house,70,evacuate,894
10,101,Ordered,house,80,evacuate,1040
10,101,Ordered,house,90,evacuate,600
10,101,Ordered,house,70,evacuate,696
100,101,Ordered,house,90,evacuate,879
100,101,Ordered,house,20,evacuate,1061
100,101,Ordered,house,40,evacuate,669
100,101,Ordered,house,60,evacuate,843
100,101,Ordered,house,50,evacuate,676
10,101,Ordered,house,50,evacuate,1068
100,101,Random,square,80,evacuate,1975
10,101,Random,square,50,evacuate,2270
100,101,Random,square,50,evacuate,1241
10,101,Random,square,30,stay,1274
100,101,Random,square,30,evacuate,3220
100,101,Random,square,40,evacuate,792
100,101,Random,square,70,evacuate,785
10,101,Random,square,40,stay,2271
100,101,Random,square,10,stay,1131
100,101,Random,square,60,evacuate,1536
10,101,Random,square,80,evacuate,1231
10,101,Random,square,60,evacuate,1475
10,101,Random,square,0,stay,1324
100,101,Random,square,90,evacuate,1025
10,101,Random,square,20,stay,1989
10,101,Random,square,10,stay,1329
100,101,Random,square,20,stay,1780
10,101,Random,square,70,evacuate,1146
10,101,Random,square,90,evacuate,1276
100,101,Random,house,30,evacuate,3143
10,101,Random,house,80,evacuate,1392
10,101,Random,house,20,stay,1392
100,101,Random,house,20,stay,1503
100,101,Random,house,100,evacuate,808
100,101,Random,house,80,evacuate,1012
100,101,Random,house,40,evacuate,1013
100,101,Random,house,90,evacuate,1272
10,101,Random,house,40,evacuate,2268
100,101,Random,house,70,evacuate,976
100,101,Random,house,50,evacuate,1459
10,101,Random,house,30,stay,1364
10,101,Random,house,50,evacuate,1569
10,101,Random,house,10,stay,1608
100,101,Random,house,60,stay,1426
10,101,Random,house,60,evacuate,1563
10,101,Random,house,70,evacuate,908
100,101,Random,house,10,stay,1221
10,101,Random,house,90,evacuate,1593
10,102,NA,naturalFrequency,20,stay,6817
100,102,NA,naturalFrequency,50,evacuate,5864
10,102,NA,naturalFrequency,40,evacuate,2912
100,102,NA,naturalFrequency,20,evacuate,4727
100,102,NA,naturalFrequency,40,evacuate,1672
10,102,NA,naturalFrequency,30,evacuate,1600
100,102,NA,naturalFrequency,30,evacuate,1431
10,102,NA,naturalFrequency,50,evacuate,2760
10,102,NA,naturalFrequency,90,evacuate,1575
100,102,NA,naturalFrequency,80,evacuate,1592
10,102,NA,naturalFrequency,80,evacuate,1472
100,102,NA,naturalFrequency,60,stay,2152
100,102,NA,naturalFrequency,70,evacuate,1304
100,102,NA,naturalFrequency,90,evacuate,1183
100,102,NA,naturalFrequency,0,stay,1658
100,102,NA,naturalFrequency,10,stay,1544
10,102,NA,naturalFrequency,70,evacuate,1784
10,102,NA,naturalFrequency,10,stay,1392
10,102,NA,naturalFrequency,60,evacuate,1384
100,102,Ordered,square,60,evacuate,5118
10,102,Ordered,square,50,evacuate,2952
100,102,Ordered,square,40,evacuate,7986
10,102,Ordered,square,70,evacuate,1551
100,102,Ordered,square,90,evacuate,1597
100,102,Ordered,square,100,evacuate,829
10,102,Ordered,square,30,evacuate,1695
100,102,Ordered,square,80,evacuate,2398
10,102,Ordered,square,10,stay,2391
10,102,Ordered,square,20,stay,1200
10,102,Ordered,square,80,evacuate,1024
100,102,Ordered,square,70,evacuate,1486
100,102,Ordered,square,50,evacuate,1454
10,102,Ordered,square,60,evacuate,1520
10,102,Ordered,square,40,evacuate,1216
100,102,Ordered,square,30,stay,1790
10,102,Ordered,square,90,evacuate,1544
100,102,Ordered,square,20,evacuate,1502
100,102,Ordered,square,10,evacuate,1334
10,102,Ordered,house,90,evacuate,4022
100,102,Ordered,house,80,evacuate,2152
100,102,Ordered,house,70,evacuate,1543
100,102,Ordered,house,50,evacuate,1344
10,102,Ordered,house,60,evacuate,2343
10,102,Ordered,house,40,stay,2543
100,102,Ordered,house,10,stay,1937
10,102,Ordered,house,10,stay,1567
100,102,Ordered,house,60,evacuate,2063
10,102,Ordered,house,70,evacuate,1759
100,102,Ordered,house,40,stay,1712
10,102,Ordered,house,0,stay,2462
100,102,Ordered,house,20,stay,1584
100,102,Ordered,house,30,stay,1088
10,102,Ordered,house,20,stay,1231
10,102,Ordered,house,80,evacuate,1015
10,102,Ordered,house,30,evacuate,1456
100,102,Ordered,house,90,evacuate,1489
10,102,Ordered,house,50,stay,1686
10,102,Random,square,90,evacuate,4895
100,102,Random,square,40,evacuate,4086
10,102,Random,square,50,evacuate,1416
100,102,Random,square,20,evacuate,1158
100,102,Random,square,70,evacuate,2669
10,102,Random,square,80,evacuate,2504
10,102,Random,square,10,stay,2391
100,102,Random,square,60,evacuate,3059
10,102,Random,square,70,evacuate,3656
10,102,Random,square,100,stay,1400
100,102,Random,square,90,stay,11479
10,102,Random,square,30,evacuate,15584
10,102,Random,square,20,stay,3176
100,102,Random,square,80,evacuate,5510
100,102,Random,square,10,stay,5239
10,102,Random,square,40,stay,3704
100,102,Random,square,50,stay,4846
100,102,Random,square,30,evacuate,966
10,102,Random,square,60,evacuate,8959
100,102,Random,house,60,evacuate,3662
10,102,Random,house,30,evacuate,1566
10,102,Random,house,50,evacuate,2662
10,102,Random,house,70,evacuate,2655
10,102,Random,house,80,evacuate,1567
100,102,Random,house,100,evacuate,2896
100,102,Random,house,80,evacuate,1655
10,102,Random,house,40,evacuate,1671
100,102,Random,house,30,evacuate,1464
100,102,Random,house,90,evacuate,2712
100,102,Random,house,10,stay,1816
100,102,Random,house,50,evacuate,4280
100,102,Random,house,20,stay,2063
10,102,Random,house,20,stay,1751
10,102,Random,house,10,stay,1199
100,102,Random,house,40,evacuate,1624
100,102,Random,house,70,evacuate,1407
10,102,Random,house,90,evacuate,2501
10,102,Random,house,60,evacuate,10493
10,103,NA,naturalFrequency,20,evacuate,13242
10,103,NA,naturalFrequency,100,stay,4407
10,103,NA,naturalFrequency,30,evacuate,1790
10,103,NA,naturalFrequency,90,stay,2243
100,103,NA,naturalFrequency,40,evacuate,872
10,103,NA,naturalFrequency,10,stay,771
10,103,NA,naturalFrequency,50,evacuate,8210
100,103,NA,naturalFrequency,60,stay,2627
100,103,NA,naturalFrequency,70,evacuate,1305
10,103,NA,naturalFrequency,40,evacuate,5464
100,103,NA,naturalFrequency,30,stay,2267
10,103,NA,naturalFrequency,60,stay,2335
100,103,NA,naturalFrequency,50,evacuate,837
100,103,NA,naturalFrequency,90,stay,744
100,103,NA,naturalFrequency,80,evacuate,609
100,103,NA,naturalFrequency,20,stay,702
10,103,NA,naturalFrequency,80,stay,681
10,103,NA,naturalFrequency,70,evacuate,659
100,103,NA,naturalFrequency,10,stay,843
100,103,Ordered,square,10,stay,11468
10,103,Ordered,square,70,evacuate,2901
100,103,Ordered,square,40,stay,2891
100,103,Ordered,square,70,stay,1429
100,103,Ordered,square,20,stay,2765
10,103,Ordered,square,20,stay,1425
100,103,Ordered,square,80,evacuate,1122
10,103,Ordered,square,50,stay,918
10,103,Ordered,square,10,stay,5943
10,103,Ordered,square,40,stay,1542
100,103,Ordered,square,60,evacuate,1575
10,103,Ordered,square,30,stay,4549
10,103,Ordered,square,0,stay,2398
10,103,Ordered,square,80,evacuate,2777
100,103,Ordered,square,90,evacuate,2673
100,103,Ordered,square,30,stay,2220
10,103,Ordered,square,60,evacuate,1700
100,103,Ordered,square,50,evacuate,4407
10,103,Ordered,square,90,evacuate,1734
100,103,Ordered,house,70,evacuate,5694
10,103,Ordered,house,70,evacuate,1697
10,103,Ordered,house,20,stay,1463
100,103,Ordered,house,20,stay,1377
10,103,Ordered,house,80,evacuate,1225
10,103,Ordered,house,50,stay,2520
100,103,Ordered,house,60,evacuate,2774
10,103,Ordered,house,30,stay,1346
10,103,Ordered,house,90,evacuate,1449
100,103,Ordered,house,0,stay,4321
100,103,Ordered,house,90,evacuate,1837
100,103,Ordered,house,50,stay,1585
100,103,Ordered,house,40,stay,28330
100,103,Ordered,house,80,evacuate,1571
10,103,Ordered,house,40,stay,1562
10,103,Ordered,house,60,evacuate,2211
100,103,Ordered,house,30,stay,1234
100,103,Ordered,house,10,stay,2455
10,103,Ordered,house,10,stay,1666
10,103,Random,square,70,evacuate,6098
100,103,Random,square,30,stay,5789
100,103,Random,square,70,evacuate,1520
10,103,Random,square,50,stay,6726
10,103,Random,square,40,stay,4622
100,103,Random,square,60,evacuate,1462
10,103,Random,square,30,stay,3153
100,103,Random,square,40,stay,7204
10,103,Random,square,60,evacuate,2805
100,103,Random,square,50,evacuate,2477
10,103,Random,square,20,stay,2164
100,103,Random,square,80,evacuate,1301
100,103,Random,square,0,stay,1962
100,103,Random,square,20,stay,1710
100,103,Random,square,90,evacuate,1246
10,103,Random,square,90,evacuate,1167
100,103,Random,square,10,stay,9797
10,103,Random,square,10,stay,1281
10,103,Random,square,80,evacuate,1384
10,103,Random,house,50,stay,7204
10,103,Random,house,60,evacuate,2823
10,103,Random,house,0,stay,1426
100,103,Random,house,40,evacuate,1536
10,103,Random,house,90,evacuate,1564
10,103,Random,house,80,evacuate,1280
10,103,Random,house,40,stay,2164
100,103,Random,house,90,evacuate,1369
10,103,Random,house,30,stay,1597
100,103,Random,house,20,stay,1589
100,103,Random,house,60,evacuate,1139
100,103,Random,house,30,stay,3466
100,103,Random,house,10,stay,1033
10,103,Random,house,10,stay,2425
100,103,Random,house,80,evacuate,1128
100,103,Random,house,70,evacuate,5118
100,103,Random,house,50,evacuate,1422
10,103,Random,house,20,stay,1472
10,103,Random,house,70,evacuate,1486
100,104,NA,naturalFrequency,40,evacuate,6386
100,104,NA,naturalFrequency,50,evacuate,4110
100,104,NA,naturalFrequency,60,evacuate,4805
10,104,NA,naturalFrequency,30,stay,3956
10,104,NA,naturalFrequency,100,evacuate,2528
10,104,NA,naturalFrequency,10,stay,2181
100,104,NA,naturalFrequency,70,evacuate,1519
100,104,NA,naturalFrequency,10,stay,2530
100,104,NA,naturalFrequency,20,stay,1873
100,104,NA,naturalFrequency,80,evacuate,1501
10,104,NA,naturalFrequency,60,evacuate,2365
10,104,NA,naturalFrequency,50,evacuate,2179
10,104,NA,naturalFrequency,80,evacuate,1853
10,104,NA,naturalFrequency,90,evacuate,1688
100,104,NA,naturalFrequency,90,evacuate,2116
10,104,NA,naturalFrequency,70,evacuate,3937
10,104,NA,naturalFrequency,40,stay,2931
100,104,NA,naturalFrequency,30,stay,2474
10,104,NA,naturalFrequency,20,stay,9057
100,104,Ordered,square,10,stay,3085
10,104,Ordered,square,0,stay,2956
10,104,Ordered,square,60,evacuate,7020
10,104,Ordered,square,30,stay,3040
10,104,Ordered,square,20,stay,18312
10,104,Ordered,square,40,stay,2169
100,104,Ordered,square,80,evacuate,40469
100,104,Ordered,square,70,evacuate,11216
100,104,Ordered,square,90,evacuate,1373
100,104,Ordered,square,50,stay,1553
10,104,Ordered,square,80,evacuate,1701
10,104,Ordered,square,10,stay,1334
100,104,Ordered,square,30,stay,1788
100,104,Ordered,square,20,stay,1459
10,104,Ordered,square,70,evacuate,1875
100,104,Ordered,square,40,stay,1881
10,104,Ordered,square,50,evacuate,1657
10,104,Ordered,square,90,evacuate,1285
100,104,Ordered,square,60,stay,2881
10,104,Ordered,house,10,stay,3914
100,104,Ordered,house,40,stay,2028
10,104,Ordered,house,40,stay,1592
10,104,Ordered,house,80,evacuate,1230
10,104,Ordered,house,90,evacuate,1388
10,104,Ordered,house,70,evacuate,1431
10,104,Ordered,house,30,stay,1369
100,104,Ordered,house,100,evacuate,3083
10,104,Ordered,house,60,evacuate,5031
100,104,Ordered,house,90,evacuate,3332
100,104,Ordered,house,50,stay,1781
100,104,Ordered,house,10,stay,1531
100,104,Ordered,house,20,stay,1636
10,104,Ordered,house,50,evacuate,2214
100,104,Ordered,house,70,stay,2412
10,104,Ordered,house,20,stay,1928
100,104,Ordered,house,30,stay,2178
100,104,Ordered,house,60,evacuate,2103
100,104,Ordered,house,80,evacuate,1884
10,104,Random,square,70,evacuate,3311
10,104,Random,square,30,stay,5734
10,104,Random,square,10,stay,5404
100,104,Random,square,40,evacuate,2660
100,104,Random,square,60,evacuate,2662
100,104,Random,square,30,stay,1497
100,104,Random,square,10,stay,1374
10,104,Random,square,20,stay,1831
100,104,Random,square,20,stay,1692
100,104,Random,square,50,evacuate,2807
100,104,Random,square,80,evacuate,1473
10,104,Random,square,40,stay,1758
10,104,Random,square,60,evacuate,1864
100,104,Random,square,90,evacuate,1949
10,104,Random,square,0,stay,1538
10,104,Random,square,50,evacuate,4634
10,104,Random,square,90,evacuate,1821
100,104,Random,square,70,evacuate,2782
10,104,Random,square,80,evacuate,1624
10,104,Random,house,10,stay,2185
10,104,Random,house,30,stay,1246
10,104,Random,house,40,stay,1785
10,104,Random,house,80,evacuate,1338
10,104,Random,house,20,stay,1167
100,104,Random,house,50,stay,3871
100,104,Random,house,30,stay,1683
100,104,Random,house,90,evacuate,1563
100,104,Random,house,10,stay,1896
10,104,Random,house,50,evacuate,4113
100,104,Random,house,60,evacuate,2536
100,104,Random,house,100,evacuate,1641
100,104,Random,house,40,stay,1425
10,104,Random,house,60,evacuate,3140
10,104,Random,house,90,evacuate,1407
100,104,Random,house,20,stay,2485
10,104,Random,house,70,evacuate,9051
100,104,Random,house,80,evacuate,3047
100,104,Random,house,70,evacuate,5767
100,105,NA,naturalFrequency,20,evacuate,18164
10,105,NA,naturalFrequency,40,evacuate,8729
100,105,NA,naturalFrequency,90,stay,14849
100,105,NA,naturalFrequency,40,evacuate,3869
10,105,NA,naturalFrequency,90,evacuate,2530
100,105,NA,naturalFrequency,60,stay,3805
10,105,NA,naturalFrequency,80,stay,2901
10,105,NA,naturalFrequency,60,evacuate,1572
100,105,NA,naturalFrequency,50,stay,2001
100,105,NA,naturalFrequency,70,evacuate,1430
100,105,NA,naturalFrequency,0,evacuate,1415
100,105,NA,naturalFrequency,30,stay,1349
10,105,NA,naturalFrequency,20,stay,1946
100,105,NA,naturalFrequency,10,evacuate,3414
100,105,NA,naturalFrequency,80,stay,2144
10,105,NA,naturalFrequency,50,stay,2183
10,105,NA,naturalFrequency,70,stay,1632
10,105,NA,naturalFrequency,30,evacuate,1151
10,105,NA,naturalFrequency,10,stay,1282
100,105,Ordered,square,10,evacuate,15126
10,105,Ordered,square,20,stay,4339
100,105,Ordered,square,0,evacuate,3523
10,105,Ordered,square,60,stay,1866
10,105,Ordered,square,80,stay,1998
10,105,Ordered,square,30,stay,1579
10,105,Ordered,square,50,stay,1948
10,105,Ordered,square,70,stay,1446
10,105,Ordered,square,40,stay,2836
100,105,Ordered,square,50,stay,2776
100,105,Ordered,square,80,stay,1892
100,105,Ordered,square,30,stay,1612
100,105,Ordered,square,20,stay,1636
100,105,Ordered,square,90,stay,2918
100,105,Ordered,square,60,stay,1455
10,105,Ordered,square,10,stay,2647
10,105,Ordered,square,90,evacuate,1602
100,105,Ordered,square,40,stay,1823
100,105,Ordered,square,70,stay,1598
10,105,Ordered,house,50,evacuate,7333
100,105,Ordered,house,30,stay,2419
10,105,Ordered,house,70,stay,1375
100,105,Ordered,house,10,stay,3117
100,105,Ordered,house,70,evacuate,1598
100,105,Ordered,house,20,stay,1833
10,105,Ordered,house,0,evacuate,2013
10,105,Ordered,house,60,stay,2557
10,105,Ordered,house,10,stay,2976
10,105,Ordered,house,30,evacuate,2773
10,105,Ordered,house,20,stay,1532
100,105,Ordered,house,50,evacuate,2646
10,105,Ordered,house,40,stay,1717
100,105,Ordered,house,60,stay,2271
10,105,Ordered,house,90,stay,2067
100,105,Ordered,house,40,stay,1770
100,105,Ordered,house,90,stay,1519
10,105,Ordered,house,80,evacuate,1719
100,105,Ordered,house,80,stay,1937
100,105,Random,square,60,stay,2026
10,105,Random,square,40,stay,2165
10,105,Random,square,20,stay,2266
100,105,Random,square,30,stay,2036
10,105,Random,square,70,stay,1749
100,105,Random,square,80,stay,2081
10,105,Random,square,60,stay,1665
100,105,Random,square,0,stay,2131
10,105,Random,square,80,stay,2178
10,105,Random,square,10,evacuate,1081
100,105,Random,square,40,stay,1880
100,105,Random,square,90,stay,1531
100,105,Random,square,20,evacuate,1477
10,105,Random,square,50,stay,2142
100,105,Random,square,70,stay,1478
10,105,Random,square,30,evacuate,1753
100,105,Random,square,10,evacuate,2529
100,105,Random,square,50,evacuate,1369
10,105,Random,square,90,evacuate,1446
10,105,Random,house,20,stay,1968
100,105,Random,house,70,stay,1896
10,105,Random,house,40,evacuate,2154
100,105,Random,house,90,stay,1848
100,105,Random,house,20,stay,1563
100,105,Random,house,60,evacuate,1155
100,105,Random,house,50,stay,1446
10,105,Random,house,50,stay,2079
100,105,Random,house,40,stay,1816
10,105,Random,house,80,stay,1766
100,105,Random,house,80,evacuate,1522
100,105,Random,house,0,stay,1573
100,105,Random,house,30,stay,1920
10,105,Random,house,10,stay,1864
10,105,Random,house,30,stay,2769
100,105,Random,house,10,evacuate,2765
10,105,Random,house,70,stay,2388
10,105,Random,house,90,stay,1336
10,105,Random,house,60,stay,1190
10,106,NA,naturalFrequency,70,evacuate,13416
100,106,NA,naturalFrequency,60,evacuate,6060
100,106,NA,naturalFrequency,90,evacuate,2928
10,106,NA,naturalFrequency,50,evacuate,5762
10,106,NA,naturalFrequency,20,stay,2100
10,106,NA,naturalFrequency,60,evacuate,2123
10,106,NA,naturalFrequency,90,evacuate,2546
100,106,NA,naturalFrequency,10,stay,2758
10,106,NA,naturalFrequency,10,stay,1269
10,106,NA,naturalFrequency,80,evacuate,3182
10,106,NA,naturalFrequency,40,stay,3141
100,106,NA,naturalFrequency,0,stay,1572
100,106,NA,naturalFrequency,70,evacuate,1759
100,106,NA,naturalFrequency,40,stay,5014
10,106,NA,naturalFrequency,30,stay,1131
100,106,NA,naturalFrequency,50,evacuate,2690
100,106,NA,naturalFrequency,30,stay,1986
100,106,NA,naturalFrequency,80,evacuate,1772
100,106,NA,naturalFrequency,20,stay,2726
100,106,Ordered,square,80,evacuate,7151
100,106,Ordered,square,10,stay,1544
10,106,Ordered,square,40,evacuate,3088
100,106,Ordered,square,70,evacuate,1504
100,106,Ordered,square,60,evacuate,1352
10,106,Ordered,square,80,evacuate,1600
10,106,Ordered,square,60,evacuate,1599
10,106,Ordered,square,20,stay,1355
10,106,Ordered,square,90,evacuate,1108
100,106,Ordered,square,20,stay,1545
10,106,Ordered,square,70,evacuate,3618
10,106,Ordered,square,30,stay,2446
100,106,Ordered,square,30,evacuate,1662
100,106,Ordered,square,50,evacuate,13228
10,106,Ordered,square,10,stay,2130
100,106,Ordered,square,40,evacuate,3715
10,106,Ordered,square,100,evacuate,2453
100,106,Ordered,square,90,evacuate,1603
10,106,Ordered,square,50,evacuate,1682
100,106,Ordered,house,90,evacuate,21892
100,106,Ordered,house,30,stay,1739
100,106,Ordered,house,10,stay,3216
10,106,Ordered,house,70,evacuate,2536
10,106,Ordered,house,50,evacuate,2069
100,106,Ordered,house,40,stay,1677
100,106,Ordered,house,60,evacuate,1378
100,106,Ordered,house,80,evacuate,906
100,106,Ordered,house,20,stay,1370
10,106,Ordered,house,20,stay,3091
100,106,Ordered,house,50,evacuate,1989
10,106,Ordered,house,40,evacuate,3441
100,106,Ordered,house,70,stay,3580
10,106,Ordered,house,60,stay,1904
10,106,Ordered,house,90,evacuate,1282
10,106,Ordered,house,10,evacuate,1119
10,106,Ordered,house,30,stay,2961
10,106,Ordered,house,0,stay,2694
10,106,Ordered,house,80,evacuate,1508
10,106,Random,square,100,evacuate,4408
10,106,Random,square,70,evacuate,3279
100,106,Random,square,20,stay,4438
100,106,Random,square,10,stay,8455
10,106,Random,square,80,evacuate,1515
100,106,Random,square,70,evacuate,1994
100,106,Random,square,30,stay,2629
100,106,Random,square,60,evacuate,1521
10,106,Random,square,20,stay,1452
10,106,Random,square,90,evacuate,1164
10,106,Random,square,10,stay,1153
100,106,Random,square,40,evacuate,1748
10,106,Random,square,30,stay,1529
100,106,Random,square,90,evacuate,1526
100,106,Random,square,50,evacuate,2561
10,106,Random,square,40,stay,1824
10,106,Random,square,60,evacuate,1046
100,106,Random,square,80,evacuate,1640
10,106,Random,square,50,evacuate,1467
10,106,Random,house,90,evacuate,8023
10,106,Random,house,10,stay,3512
100,106,Random,house,40,stay,1859
10,106,Random,house,60,evacuate,2020
10,106,Random,house,50,evacuate,1300
10,106,Random,house,80,evacuate,2312
10,106,Random,house,30,stay,1529
10,106,Random,house,40,evacuate,1393
100,106,Random,house,50,evacuate,2009
10,106,Random,house,70,evacuate,1409
100,106,Random,house,80,evacuate,1413
10,106,Random,house,20,stay,2170
100,106,Random,house,90,evacuate,1323
100,106,Random,house,30,stay,1505
100,106,Random,house,100,evacuate,961
100,106,Random,house,20,stay,1835
100,106,Random,house,60,evacuate,1238
100,106,Random,house,10,stay,1302
100,106,Random,house,70,evacuate,1037
10,107,NA,naturalFrequency,80,evacuate,7190
10,107,NA,naturalFrequency,20,stay,2110
100,107,NA,naturalFrequency,60,evacuate,2634
100,107,NA,naturalFrequency,0,stay,2456
10,107,NA,naturalFrequency,50,evacuate,4702
100,107,NA,naturalFrequency,70,evacuate,2520
10,107,NA,naturalFrequency,70,evacuate,1922
100,107,NA,naturalFrequency,50,stay,23836
10,107,NA,naturalFrequency,90,evacuate,1835
100,107,NA,naturalFrequency,40,stay,2315
100,107,NA,naturalFrequency,90,evacuate,2846
100,107,NA,naturalFrequency,30,stay,1768
10,107,NA,naturalFrequency,30,stay,1862
100,107,NA,naturalFrequency,10,stay,1270
10,107,NA,naturalFrequency,60,evacuate,1394
10,107,NA,naturalFrequency,10,stay,1554
10,107,NA,naturalFrequency,40,stay,1516
100,107,NA,naturalFrequency,20,stay,1411
100,107,NA,naturalFrequency,80,evacuate,1615
100,107,Ordered,square,90,evacuate,8496
10,107,Ordered,square,70,evacuate,3456
100,107,Ordered,square,50,stay,2921
100,107,Ordered,square,20,stay,1168
10,107,Ordered,square,20,stay,5174
100,107,Ordered,square,60,stay,4148
100,107,Ordered,square,40,evacuate,1274
100,107,Ordered,square,80,evacuate,5105
10,107,Ordered,square,40,stay,2889
10,107,Ordered,square,80,evacuate,1148
100,107,Ordered,square,100,evacuate,1470
10,107,Ordered,square,60,evacuate,2498
10,107,Ordered,square,30,stay,978
100,107,Ordered,square,70,evacuate,1129
100,107,Ordered,square,10,stay,1128
100,107,Ordered,square,30,stay,821
10,107,Ordered,square,50,evacuate,1930
10,107,Ordered,square,10,stay,1910
10,107,Ordered,square,90,evacuate,1382
10,107,Ordered,house,80,evacuate,4231
10,107,Ordered,house,60,evacuate,1693
100,107,Ordered,house,70,evacuate,1546
10,107,Ordered,house,90,evacuate,1172
100,107,Ordered,house,30,stay,1499
10,107,Ordered,house,40,stay,1280
10,107,Ordered,house,20,stay,889
10,107,Ordered,house,50,stay,1447
100,107,Ordered,house,10,stay,1359
100,107,Ordered,house,90,evacuate,989
100,107,Ordered,house,50,evacuate,874
100,107,Ordered,house,0,stay,1224
100,107,Ordered,house,80,evacuate,1285
10,107,Ordered,house,30,stay,1507
100,107,Ordered,house,20,stay,1130
100,107,Ordered,house,40,evacuate,1157
100,107,Ordered,house,60,evacuate,984
10,107,Ordered,house,10,stay,1497
10,107,Ordered,house,70,evacuate,1103
100,107,Random,square,10,stay,6401
10,107,Random,square,20,stay,1495
100,107,Random,square,50,evacuate,1067
10,107,Random,square,50,evacuate,1284
10,107,Random,square,10,stay,1080
100,107,Random,square,90,evacuate,1349
10,107,Random,square,70,evacuate,1087
100,107,Random,square,30,stay,1025
10,107,Random,square,40,stay,1021
100,107,Random,square,70,evacuate,1301
10,107,Random,square,60,evacuate,2042
100,107,Random,square,60,evacuate,1117
100,107,Random,square,80,evacuate,1208
100,107,Random,square,40,stay,860
100,107,Random,square,100,evacuate,963
10,107,Random,square,90,evacuate,953
10,107,Random,square,30,stay,851
100,107,Random,square,20,stay,1021
10,107,Random,square,80,evacuate,1035
10,107,Random,house,50,evacuate,1927
100,107,Random,house,40,stay,1341
100,107,Random,house,60,evacuate,932
10,107,Random,house,40,stay,2079
10,107,Random,house,90,evacuate,851
10,107,Random,house,30,stay,1560
10,107,Random,house,70,evacuate,1204
10,107,Random,house,20,stay,955
100,107,Random,house,70,evacuate,1882
100,107,Random,house,90,evacuate,800
10,107,Random,house,10,stay,1217
100,107,Random,house,10,stay,2192
10,107,Random,house,60,evacuate,1134
10,107,Random,house,100,evacuate,771
100,107,Random,house,50,stay,1344
100,107,Random,house,30,stay,1280
100,107,Random,house,20,stay,1028
10,107,Random,house,80,evacuate,1094
100,107,Random,house,80,evacuate,1121
100,108,NA,naturalFrequency,60,evacuate,3300
100,108,NA,naturalFrequency,70,evacuate,1724
10,108,NA,naturalFrequency,60,evacuate,2522
100,108,NA,naturalFrequency,40,stay,1539
10,108,NA,naturalFrequency,90,evacuate,1260
10,108,NA,naturalFrequency,40,stay,1067
10,108,NA,naturalFrequency,20,stay,1095
100,108,NA,naturalFrequency,50,stay,1066
100,108,NA,naturalFrequency,90,evacuate,1326
10,108,NA,naturalFrequency,80,evacuate,1251
100,108,NA,naturalFrequency,10,stay,2058
10,108,NA,naturalFrequency,10,stay,1465
10,108,NA,naturalFrequency,50,stay,1419
100,108,NA,naturalFrequency,20,stay,1521
10,108,NA,naturalFrequency,70,evacuate,1381
10,108,NA,naturalFrequency,0,stay,1325
100,108,NA,naturalFrequency,80,evacuate,1193
10,108,NA,naturalFrequency,30,stay,1298
100,108,NA,naturalFrequency,30,stay,932
10,108,Ordered,square,50,stay,4097
10,108,Ordered,square,30,stay,1085
10,108,Ordered,square,90,evacuate,1271
100,108,Ordered,square,70,evacuate,2568
10,108,Ordered,square,80,evacuate,1353
100,108,Ordered,square,40,stay,1103
100,108,Ordered,square,80,evacuate,954
10,108,Ordered,square,0,stay,1224
10,108,Ordered,square,40,stay,908
100,108,Ordered,square,60,evacuate,1778
10,108,Ordered,square,20,stay,1178
100,108,Ordered,square,30,stay,966
100,108,Ordered,square,50,evacuate,1215
100,108,Ordered,square,90,evacuate,1372
10,108,Ordered,square,70,evacuate,1363
100,108,Ordered,square,20,stay,1124
10,108,Ordered,square,60,evacuate,1150
10,108,Ordered,square,10,stay,1086
100,108,Ordered,square,10,stay,954
10,108,Ordered,house,60,evacuate,3623
10,108,Ordered,house,50,stay,1020
10,108,Ordered,house,90,evacuate,816
10,108,Ordered,house,30,stay,852
100,108,Ordered,house,80,evacuate,1278
100,108,Ordered,house,0,stay,897
100,108,Ordered,house,60,evacuate,991
10,108,Ordered,house,80,evacuate,1054
100,108,Ordered,house,90,evacuate,934
100,108,Ordered,house,40,stay,936
100,108,Ordered,house,70,evacuate,1315
10,108,Ordered,house,40,stay,1519
10,108,Ordered,house,70,evacuate,871
100,108,Ordered,house,20,stay,1345
10,108,Ordered,house,20,stay,972
100,108,Ordered,house,30,stay,1038
100,108,Ordered,house,10,stay,963
10,108,Ordered,house,10,stay,979
100,108,Ordered,house,50,evacuate,1096
10,108,Random,square,20,stay,1371
10,108,Random,square,90,evacuate,1159
100,108,Random,square,20,stay,1568
10,108,Random,square,80,evacuate,1113
10,108,Random,square,40,stay,1186
100,108,Random,square,30,stay,6538
100,108,Random,square,60,evacuate,1037
10,108,Random,square,30,stay,974
100,108,Random,square,100,evacuate,955
100,108,Random,square,90,evacuate,1103
100,108,Random,square,70,evacuate,890
100,108,Random,square,40,stay,1067
100,108,Random,square,80,evacuate,944
10,108,Random,square,60,evacuate,1120
100,108,Random,square,10,stay,1456
10,108,Random,square,50,evacuate,1056
10,108,Random,square,10,stay,872
100,108,Random,square,50,evacuate,2142
10,108,Random,square,70,evacuate,1743
10,108,Random,house,80,evacuate,1603
10,108,Random,house,50,stay,1280
100,108,Random,house,10,stay,1046
100,108,Random,house,40,stay,1259
100,108,Random,house,20,stay,908
100,108,Random,house,0,stay,1017
100,108,Random,house,30,stay,972
100,108,Random,house,60,stay,1482
10,108,Random,house,90,evacuate,1057
100,108,Random,house,80,evacuate,934
10,108,Random,house,10,stay,1122
10,108,Random,house,30,stay,908
10,108,Random,house,70,evacuate,991
10,108,Random,house,60,evacuate,1873
100,108,Random,house,70,evacuate,1111
100,108,Random,house,50,stay,1111
10,108,Random,house,20,stay,1094
10,108,Random,house,40,stay,834
100,108,Random,house,90,evacuate,1064
10,109,NA,naturalFrequency,80,evacuate,17178
100,109,NA,naturalFrequency,60,evacuate,5301
100,109,NA,naturalFrequency,20,stay,4491
100,109,NA,naturalFrequency,40,stay,3944
100,109,NA,naturalFrequency,90,evacuate,2970
100,109,NA,naturalFrequency,80,evacuate,3419
10,109,NA,naturalFrequency,50,evacuate,4244
100,109,NA,naturalFrequency,50,stay,5652
100,109,NA,naturalFrequency,10,stay,3997
10,109,NA,naturalFrequency,40,stay,6540
100,109,NA,naturalFrequency,0,stay,3553
10,109,NA,naturalFrequency,70,evacuate,2841
100,109,NA,naturalFrequency,70,evacuate,2745
100,109,NA,naturalFrequency,30,stay,3097
10,109,NA,naturalFrequency,90,evacuate,2422
10,109,NA,naturalFrequency,30,stay,2595
10,109,NA,naturalFrequency,20,stay,3329
10,109,NA,naturalFrequency,10,stay,2302
10,109,NA,naturalFrequency,60,evacuate,2429
100,109,Ordered,square,90,evacuate,9213
10,109,Ordered,square,30,evacuate,6179
100,109,Ordered,square,60,evacuate,3299
10,109,Ordered,square,50,evacuate,3119
10,109,Ordered,square,90,evacuate,2610
10,109,Ordered,square,20,stay,1944
10,109,Ordered,square,70,evacuate,2107
10,109,Ordered,square,10,stay,1935
100,109,Ordered,square,40,stay,2526
10,109,Ordered,square,80,evacuate,2257
100,109,Ordered,square,50,evacuate,4483
100,109,Ordered,square,70,evacuate,1740
10,109,Ordered,square,60,evacuate,4499
100,109,Ordered,square,80,evacuate,1770
10,109,Ordered,square,40,stay,2189
100,109,Ordered,square,0,stay,2174
100,109,Ordered,square,20,stay,1882
100,109,Ordered,square,10,stay,1815
100,109,Ordered,square,30,stay,1858
100,109,Ordered,house,30,stay,8640
100,109,Ordered,house,20,stay,2288
10,109,Ordered,house,40,evacuate,3125
10,109,Ordered,house,50,evacuate,1738
10,109,Ordered,house,80,evacuate,2293
100,109,Ordered,house,10,stay,2273
10,109,Ordered,house,100,evacuate,2174
100,109,Ordered,house,80,evacuate,4456
10,109,Ordered,house,10,stay,1852
100,109,Ordered,house,40,stay,2118
10,109,Ordered,house,20,stay,1911
10,109,Ordered,house,60,evacuate,3329
10,109,Ordered,house,30,stay,2443
100,109,Ordered,house,50,stay,5208
100,109,Ordered,house,60,evacuate,2012
100,109,Ordered,house,70,evacuate,1973
10,109,Ordered,house,90,evacuate,1815
10,109,Ordered,house,70,stay,1963
100,109,Ordered,house,90,evacuate,3055
10,109,Random,square,40,evacuate,3701
100,109,Random,square,80,evacuate,1775
10,109,Random,square,50,evacuate,2106
100,109,Random,square,50,evacuate,2370
10,109,Random,square,60,evacuate,1703
100,109,Random,square,10,stay,1620
10,109,Random,square,20,stay,1650
100,109,Random,square,90,evacuate,1364
100,109,Random,square,40,evacuate,1402
10,109,Random,square,90,evacuate,1515
10,109,Random,square,80,evacuate,1455
10,109,Random,square,0,stay,1575
10,109,Random,square,30,stay,1514
10,109,Random,square,10,stay,1528
100,109,Random,square,20,stay,1996
10,109,Random,square,70,evacuate,2031
100,109,Random,square,60,evacuate,1649
100,109,Random,square,30,stay,2661
100,109,Random,square,70,evacuate,1738
10,109,Random,house,20,stay,2917
10,109,Random,house,30,stay,1139
10,109,Random,house,80,evacuate,1200
10,109,Random,house,0,stay,1393
10,109,Random,house,60,evacuate,1446
10,109,Random,house,50,evacuate,3201
10,109,Random,house,40,evacuate,50
100,109,Random,house,20,stay,2589
100,109,Random,house,50,stay,2410
100,109,Random,house,90,evacuate,1569
100,109,Random,house,10,stay,1846
100,109,Random,house,60,evacuate,2071
100,109,Random,house,80,evacuate,3616
10,109,Random,house,90,evacuate,2008
100,109,Random,house,30,stay,2589
10,109,Random,house,10,stay,2323
10,109,Random,house,70,evacuate,1844
100,109,Random,house,70,evacuate,2463
100,109,Random,house,40,stay,2043
10,110,NA,naturalFrequency,50,evacuate,6979
100,110,NA,naturalFrequency,40,stay,2967
100,110,NA,naturalFrequency,90,evacuate,2104
100,110,NA,naturalFrequency,100,evacuate,1700
10,110,NA,naturalFrequency,60,evacuate,1798
10,110,NA,naturalFrequency,80,evacuate,2286
10,110,NA,naturalFrequency,70,evacuate,1181
10,110,NA,naturalFrequency,20,stay,1120
100,110,NA,naturalFrequency,60,evacuate,2252
100,110,NA,naturalFrequency,10,stay,1186
10,110,NA,naturalFrequency,10,stay,2308
100,110,NA,naturalFrequency,70,evacuate,1511
100,110,NA,naturalFrequency,80,evacuate,1184
100,110,NA,naturalFrequency,20,stay,1192
10,110,NA,naturalFrequency,40,stay,1154
100,110,NA,naturalFrequency,50,evacuate,1841
10,110,NA,naturalFrequency,30,stay,1519
10,110,NA,naturalFrequency,90,evacuate,1246
100,110,NA,naturalFrequency,30,stay,1213
10,110,Ordered,square,50,evacuate,3331
100,110,Ordered,square,30,stay,2825
10,110,Ordered,square,40,stay,1432
100,110,Ordered,square,90,evacuate,1144
10,110,Ordered,square,20,stay,979
10,110,Ordered,square,60,evacuate,1068
100,110,Ordered,square,60,evacuate,1789
10,110,Ordered,square,80,evacuate,1081
10,110,Ordered,square,90,evacuate,958
100,110,Ordered,square,70,evacuate,1114
100,110,Ordered,square,10,stay,956
10,110,Ordered,square,30,stay,1050
10,110,Ordered,square,10,stay,1090
100,110,Ordered,square,100,evacuate,915
100,110,Ordered,square,50,evacuate,1678
100,110,Ordered,square,80,evacuate,949
10,110,Ordered,square,70,evacuate,1290
100,110,Ordered,square,40,stay,983
100,110,Ordered,square,20,stay,1041
100,110,Ordered,house,20,stay,6130
100,110,Ordered,house,40,stay,1304
10,110,Ordered,house,10,stay,1435
10,110,Ordered,house,30,stay,1299
10,110,Ordered,house,90,evacuate,859
10,110,Ordered,house,60,evacuate,1262
10,110,Ordered,house,70,evacuate,844
100,110,Ordered,house,80,evacuate,1040
10,110,Ordered,house,80,evacuate,1001
100,110,Ordered,house,60,evacuate,1017
10,110,Ordered,house,0,stay,1072
100,110,Ordered,house,70,evacuate,960
10,110,Ordered,house,50,evacuate,1748
10,110,Ordered,house,40,stay,1163
100,110,Ordered,house,50,evacuate,1727
10,110,Ordered,house,20,stay,1020
100,110,Ordered,house,30,stay,4384
100,110,Ordered,house,90,evacuate,946
100,110,Ordered,house,10,stay,894
100,110,Random,square,10,stay,1638
10,110,Random,square,10,stay,3170
10,110,Random,square,80,evacuate,852
10,110,Random,square,90,evacuate,735
10,110,Random,square,50,evacuate,1123
10,110,Random,square,70,evacuate,877
10,110,Random,square,100,evacuate,972
100,110,Random,square,90,evacuate,950
10,110,Random,square,60,evacuate,1111
10,110,Random,square,40,evacuate,1099
100,110,Random,square,30,stay,1095
100,110,Random,square,60,evacuate,791
10,110,Random,square,20,stay,1147
100,110,Random,square,80,evacuate,1717
100,110,Random,square,70,evacuate,731
100,110,Random,square,20,stay,877
10,110,Random,square,30,stay,1818
100,110,Random,square,50,evacuate,1171
100,110,Random,square,40,evacuate,1700
10,110,Random,house,80,evacuate,1431
100,110,Random,house,60,evacuate,1128
10,110,Random,house,50,evacuate,1259
100,110,Random,house,90,evacuate,975
100,110,Random,house,50,evacuate,999
100,110,Random,house,30,stay,1022
100,110,Random,house,70,evacuate,800
100,110,Random,house,10,stay,1122
10,110,Random,house,10,stay,1146
100,110,Random,house,20,stay,969
10,110,Random,house,60,evacuate,997
10,110,Random,house,20,stay,977
10,110,Random,house,30,stay,1118
100,110,Random,house,40,evacuate,997
100,110,Random,house,100,evacuate,861
10,110,Random,house,40,stay,1645
10,110,Random,house,90,evacuate,804
100,110,Random,house,80,evacuate,1004
10,110,Random,house,70,evacuate,1612
100,111,NA,naturalFrequency,20,stay,4966
10,111,NA,naturalFrequency,50,evacuate,2751
100,111,NA,naturalFrequency,70,evacuate,1408
10,111,NA,naturalFrequency,0,stay,1543
100,111,NA,naturalFrequency,30,stay,1151
100,111,NA,naturalFrequency,80,evacuate,1071
100,111,NA,naturalFrequency,40,evacuate,1199
10,111,NA,naturalFrequency,30,stay,1279
10,111,NA,naturalFrequency,10,stay,1096
10,111,NA,naturalFrequency,20,stay,1527
10,111,NA,naturalFrequency,70,evacuate,1160
10,111,NA,naturalFrequency,40,stay,1584
100,111,NA,naturalFrequency,90,evacuate,912
100,111,NA,naturalFrequency,10,stay,1336
10,111,NA,naturalFrequency,80,evacuate,1328
100,111,NA,naturalFrequency,50,evacuate,1360
10,111,NA,naturalFrequency,60,evacuate,1023
100,111,NA,naturalFrequency,60,evacuate,1199
10,111,NA,naturalFrequency,90,evacuate,1214
100,111,Ordered,square,50,evacuate,6715
10,111,Ordered,square,20,stay,1448
100,111,Ordered,square,40,evacuate,1112
10,111,Ordered,square,50,evacuate,2518
100,111,Ordered,square,60,evacuate,1160
10,111,Ordered,square,90,evacuate,1160
10,111,Ordered,square,80,evacuate,791
10,111,Ordered,square,70,evacuate,791
10,111,Ordered,square,30,stay,1088
100,111,Ordered,square,10,stay,1432
10,111,Ordered,square,60,evacuate,2087
10,111,Ordered,square,40,evacuate,1216
100,111,Ordered,square,90,evacuate,1200
100,111,Ordered,square,0,stay,1039
100,111,Ordered,square,30,stay,1047
100,111,Ordered,square,20,stay,1815
10,111,Ordered,square,10,stay,5206
100,111,Ordered,square,80,stay,1344
100,111,Ordered,square,70,evacuate,752
10,111,Ordered,house,20,evacuate,1999
100,111,Ordered,house,20,evacuate,1190
100,111,Ordered,house,90,evacuate,941
100,111,Ordered,house,80,evacuate,877
100,111,Ordered,house,40,stay,1405
100,111,Ordered,house,60,evacuate,1254
10,111,Ordered,house,30,evacuate,1232
100,111,Ordered,house,10,evacuate,1573
100,111,Ordered,house,30,evacuate,1149
10,111,Ordered,house,10,stay,1231
10,111,Ordered,house,50,evacuate,1128
10,111,Ordered,house,40,evacuate,1104
10,111,Ordered,house,0,stay,926
100,111,Ordered,house,50,evacuate,1245
10,111,Ordered,house,60,evacuate,1208
10,111,Ordered,house,80,evacuate,1024
10,111,Ordered,house,70,evacuate,631
100,111,Ordered,house,70,evacuate,1190
10,111,Ordered,house,90,evacuate,1248
10,111,Random,square,10,stay,2510
100,111,Random,square,50,evacuate,1992
10,111,Random,square,70,evacuate,1208
100,111,Random,square,70,evacuate,912
10,111,Random,square,30,stay,1039
100,111,Random,square,60,evacuate,1104
10,111,Random,square,80,evacuate,1151
100,111,Random,square,80,evacuate,1214
10,111,Random,square,20,stay,1239
10,111,Random,square,40,evacuate,1391
10,111,Random,square,90,evacuate,807
100,111,Random,square,90,evacuate,1479
100,111,Random,square,40,stay,1319
100,111,Random,square,10,stay,10124
10,111,Random,square,50,evacuate,903
100,111,Random,square,20,evacuate,1143
100,111,Random,square,30,evacuate,974
100,111,Random,square,0,stay,719
10,111,Random,square,60,evacuate,1447
100,111,Random,house,70,evacuate,1867
10,111,Random,house,10,stay,1774
10,111,Random,house,70,evacuate,726
100,111,Random,house,40,evacuate,1398
10,111,Random,house,80,evacuate,927
100,111,Random,house,80,evacuate,1117
100,111,Random,house,60,evacuate,813
10,111,Random,house,30,stay,1935
10,111,Random,house,90,evacuate,735
100,111,Random,house,20,stay,1677
10,111,Random,house,60,evacuate,1118
10,111,Random,house,0,stay,1374
10,111,Random,house,20,evacuate,823
10,111,Random,house,40,evacuate,1022
100,111,Random,house,10,stay,1445
100,111,Random,house,30,evacuate,950
100,111,Random,house,90,evacuate,806
100,111,Random,house,50,evacuate,1187
10,111,Random,house,50,evacuate,1335
10,112,NA,naturalFrequency,10,stay,5267
10,112,NA,naturalFrequency,20,stay,1773
100,112,NA,naturalFrequency,60,evacuate,2331
10,112,NA,naturalFrequency,50,evacuate,2885
100,112,NA,naturalFrequency,100,evacuate,2405
100,112,NA,naturalFrequency,40,stay,1767
10,112,NA,naturalFrequency,60,evacuate,1620
10,112,NA,naturalFrequency,30,stay,1351
10,112,NA,naturalFrequency,80,evacuate,1054
10,112,NA,naturalFrequency,70,evacuate,1790
100,112,NA,naturalFrequency,50,stay,2007
100,112,NA,naturalFrequency,20,stay,1180
100,112,NA,naturalFrequency,70,evacuate,1176
100,112,NA,naturalFrequency,10,stay,1471
10,112,NA,naturalFrequency,40,stay,1654
100,112,NA,naturalFrequency,90,evacuate,1381
100,112,NA,naturalFrequency,30,stay,1259
100,112,NA,naturalFrequency,80,evacuate,960
10,112,NA,naturalFrequency,90,evacuate,2590
100,112,Ordered,square,70,evacuate,6744
10,112,Ordered,square,40,stay,6828
10,112,Ordered,square,60,evacuate,2676
100,112,Ordered,square,40,stay,1389
10,112,Ordered,square,30,stay,1445
100,112,Ordered,square,60,evacuate,3835
10,112,Ordered,square,90,evacuate,1349
100,112,Ordered,square,90,evacuate,1089
10,112,Ordered,square,50,stay,1458
100,112,Ordered,square,20,stay,1180
100,112,Ordered,square,30,stay,1183
10,112,Ordered,square,80,evacuate,1441
10,112,Ordered,square,20,stay,1055
10,112,Ordered,square,100,evacuate,1143
100,112,Ordered,square,80,evacuate,1239
100,112,Ordered,square,50,stay,1784
10,112,Ordered,square,70,evacuate,1815
100,112,Ordered,square,10,stay,1127
10,112,Ordered,square,10,stay,1278
10,112,Ordered,house,50,stay,2872
10,112,Ordered,house,90,evacuate,1146
100,112,Ordered,house,80,evacuate,1272
10,112,Ordered,house,60,stay,1495
100,112,Ordered,house,60,evacuate,1624
10,112,Ordered,house,70,evacuate,1216
10,112,Ordered,house,20,stay,1052
100,112,Ordered,house,40,stay,1347
10,112,Ordered,house,100,evacuate,1028
100,112,Ordered,house,50,stay,1882
10,112,Ordered,house,10,stay,953
10,112,Ordered,house,40,stay,884
100,112,Ordered,house,20,stay,1044
10,112,Ordered,house,30,stay,1279
100,112,Ordered,house,70,evacuate,1335
10,112,Ordered,house,80,evacuate,1596
100,112,Ordered,house,90,evacuate,971
100,112,Ordered,house,10,stay,1051
100,112,Ordered,house,30,stay,1132
10,112,Random,square,90,evacuate,2699
10,112,Random,square,80,evacuate,1164
100,112,Random,square,30,stay,2083
10,112,Random,square,70,evacuate,1131
100,112,Random,square,20,stay,1554
10,112,Random,square,0,stay,1082
100,112,Random,square,90,evacuate,1426
100,112,Random,square,40,evacuate,1308
100,112,Random,square,50,evacuate,936
10,112,Random,square,30,stay,1241
10,112,Random,square,60,evacuate,2958
100,112,Random,square,70,evacuate,981
100,112,Random,square,80,evacuate,832
100,112,Random,square,60,evacuate,1361
10,112,Random,square,50,stay,2038
100,112,Random,square,10,stay,1464
10,112,Random,square,10,stay,1144
10,112,Random,square,20,stay,2001
10,112,Random,square,40,stay,2063
10,112,Random,house,50,stay,3780
100,112,Random,house,70,evacuate,1343
10,112,Random,house,10,stay,1524
100,112,Random,house,60,evacuate,1219
10,112,Random,house,30,stay,1430
10,112,Random,house,80,evacuate,1163
100,112,Random,house,0,stay,1084
10,112,Random,house,60,evacuate,1029
100,112,Random,house,40,stay,2288
10,112,Random,house,20,stay,1014
10,112,Random,house,70,evacuate,939
100,112,Random,house,80,evacuate,1011
100,112,Random,house,10,stay,1233
10,112,Random,house,40,stay,1632
100,112,Random,house,50,evacuate,1019
100,112,Random,house,30,stay,1290
10,112,Random,house,90,evacuate,1279
100,112,Random,house,90,evacuate,1003
100,112,Random,house,20,stay,946
100,113,NA,naturalFrequency,10,stay,8101
100,113,NA,naturalFrequency,70,evacuate,3622
100,113,NA,naturalFrequency,50,evacuate,2063
100,113,NA,naturalFrequency,0,stay,4927
100,113,NA,naturalFrequency,20,stay,4037
10,113,NA,naturalFrequency,80,evacuate,5152
10,113,NA,naturalFrequency,40,evacuate,4100
10,113,NA,naturalFrequency,30,stay,2733
10,113,NA,naturalFrequency,10,stay,5374
10,113,NA,naturalFrequency,70,evacuate,2216
100,113,NA,naturalFrequency,30,stay,5191
100,113,NA,naturalFrequency,90,evacuate,2597
100,113,NA,naturalFrequency,40,evacuate,2132
10,113,NA,naturalFrequency,60,evacuate,2097
100,113,NA,naturalFrequency,60,evacuate,1801
10,113,NA,naturalFrequency,90,evacuate,1862
10,113,NA,naturalFrequency,20,stay,2316
100,113,NA,naturalFrequency,80,evacuate,2192
10,113,NA,naturalFrequency,50,evacuate,3067
10,113,Ordered,square,20,stay,9749
100,113,Ordered,square,20,stay,3215
10,113,Ordered,square,30,evacuate,4171
100,113,Ordered,square,40,evacuate,1943
10,113,Ordered,square,70,evacuate,2611
100,113,Ordered,square,60,evacuate,1821
10,113,Ordered,square,50,evacuate,2316
10,113,Ordered,square,10,stay,1814
10,113,Ordered,square,90,evacuate,1635
100,113,Ordered,square,90,evacuate,2345
100,113,Ordered,square,30,stay,3499
10,113,Ordered,square,60,evacuate,2164
10,113,Ordered,square,40,evacuate,1863
100,113,Ordered,square,10,stay,1811
100,113,Ordered,square,100,evacuate,1678
10,113,Ordered,square,80,evacuate,1968
100,113,Ordered,square,70,evacuate,1948
100,113,Ordered,square,80,evacuate,2293
100,113,Ordered,square,50,evacuate,1918
100,113,Ordered,house,60,evacuate,4513
100,113,Ordered,house,40,evacuate,4304
100,113,Ordered,house,50,evacuate,2756
10,113,Ordered,house,70,evacuate,2703
10,113,Ordered,house,30,stay,7047
10,113,Ordered,house,80,evacuate,4513
100,113,Ordered,house,0,stay,2694
10,113,Ordered,house,10,stay,2223
10,113,Ordered,house,90,evacuate,1890
10,113,Ordered,house,40,evacuate,2435
100,113,Ordered,house,70,evacuate,2393
100,113,Ordered,house,10,stay,2474
10,113,Ordered,house,60,evacuate,2291
10,113,Ordered,house,50,evacuate,2187
100,113,Ordered,house,80,evacuate,1697
100,113,Ordered,house,90,evacuate,1702
100,113,Ordered,house,20,stay,29462
10,113,Ordered,house,20,stay,4874
100,113,Ordered,house,30,stay,3866
100,113,Random,square,80,stay,16626
10,113,Random,square,10,stay,7419
10,113,Random,square,50,evacuate,4614
10,113,Random,square,90,evacuate,1570
100,113,Random,square,100,evacuate,2424
100,113,Random,square,50,evacuate,2549
100,113,Random,square,10,stay,5842
10,113,Random,square,80,evacuate,2278
10,113,Random,square,40,evacuate,5315
100,113,Random,square,20,evacuate,7116
10,113,Random,square,30,evacuate,3067
100,113,Random,square,90,evacuate,1740
100,113,Random,square,60,evacuate,1452
10,113,Random,square,70,evacuate,2091
10,113,Random,square,60,evacuate,2049
10,113,Random,square,20,stay,8643
100,113,Random,square,30,evacuate,2464
100,113,Random,square,40,evacuate,1610
100,113,Random,square,70,evacuate,1326
10,113,Random,house,0,stay,4511
10,113,Random,house,40,evacuate,3347
100,113,Random,house,90,evacuate,2707
10,113,Random,house,70,evacuate,2287
100,113,Random,house,30,evacuate,1763
10,113,Random,house,90,evacuate,2365
100,113,Random,house,20,stay,8954
10,113,Random,house,20,stay,3035
10,113,Random,house,30,stay,3243
10,113,Random,house,80,evacuate,1747
100,113,Random,house,40,evacuate,1994
100,113,Random,house,80,evacuate,1453
10,113,Random,house,60,evacuate,2197
100,113,Random,house,70,evacuate,2190
10,113,Random,house,10,stay,2231
10,113,Random,house,50,evacuate,5976
100,113,Random,house,60,evacuate,2021
100,113,Random,house,50,evacuate,1138
100,113,Random,house,10,stay,1682
100,114,NA,naturalFrequency,40,evacuate,3423
100,114,NA,naturalFrequency,30,evacuate,2656
10,114,NA,naturalFrequency,10,stay,2800
100,114,NA,naturalFrequency,80,evacuate,1744
10,114,NA,naturalFrequency,80,evacuate,1824
100,114,NA,naturalFrequency,50,evacuate,1815
10,114,NA,naturalFrequency,50,evacuate,1752
10,114,NA,naturalFrequency,90,evacuate,3664
100,114,NA,naturalFrequency,70,evacuate,2160
10,114,NA,naturalFrequency,30,stay,2952
100,114,NA,naturalFrequency,60,evacuate,2583
10,114,NA,naturalFrequency,20,stay,1479
10,114,NA,naturalFrequency,70,evacuate,2272
10,114,NA,naturalFrequency,60,evacuate,1288
10,114,NA,naturalFrequency,40,stay,1600
100,114,NA,naturalFrequency,90,evacuate,1392
100,114,NA,naturalFrequency,0,stay,1528
100,114,NA,naturalFrequency,10,stay,1416
100,114,NA,naturalFrequency,20,evacuate,1384
10,114,Ordered,square,10,stay,4671
100,114,Ordered,square,20,stay,2080
10,114,Ordered,square,0,stay,25567
10,114,Ordered,square,30,stay,1152
100,114,Ordered,square,50,evacuate,19640
10,114,Ordered,square,50,evacuate,1903
100,114,Ordered,square,70,evacuate,1400
100,114,Ordered,square,40,stay,1936
10,114,Ordered,square,70,evacuate,1088
100,114,Ordered,square,30,stay,1272
100,114,Ordered,square,90,evacuate,1216
10,114,Ordered,square,60,evacuate,1392
10,114,Ordered,square,20,stay,1616
10,114,Ordered,square,90,evacuate,1152
100,114,Ordered,square,60,evacuate,1064
10,114,Ordered,square,80,evacuate,1272
10,114,Ordered,square,40,stay,1408
100,114,Ordered,square,10,stay,1072
100,114,Ordered,square,80,evacuate,1144
10,114,Ordered,house,20,stay,1998
100,114,Ordered,house,50,evacuate,68366
100,114,Ordered,house,40,evacuate,84838
100,114,Ordered,house,30,evacuate,1702
10,114,Ordered,house,40,stay,1711
10,114,Ordered,house,50,evacuate,1215
100,114,Ordered,house,60,evacuate,1190
100,114,Ordered,house,90,evacuate,1030
100,114,Ordered,house,20,stay,1087
10,114,Ordered,house,60,evacuate,1583
100,114,Ordered,house,10,stay,1166
100,114,Ordered,house,80,evacuate,1150
10,114,Ordered,house,80,evacuate,1111
10,114,Ordered,house,90,evacuate,110304
10,114,Ordered,house,100,evacuate,1423
100,114,Ordered,house,70,evacuate,1175
10,114,Ordered,house,30,stay,1224
10,114,Ordered,house,70,evacuate,151688
10,114,Ordered,house,10,stay,1032
100,114,Random,square,40,evacuate,3054
100,114,Random,square,30,stay,2560
10,114,Random,square,90,evacuate,2007
10,114,Random,square,70,evacuate,2312
10,114,Random,square,80,evacuate,1072
100,114,Random,square,20,stay,1175
10,114,Random,square,10,stay,1824
100,114,Random,square,60,evacuate,1096
10,114,Random,square,40,stay,1584
100,114,Random,square,80,evacuate,1367
10,114,Random,square,60,evacuate,1272
100,114,Random,square,70,evacuate,45776
10,114,Random,square,30,stay,1256
10,114,Random,square,20,stay,928
100,114,Random,square,90,evacuate,5359
100,114,Random,square,10,stay,1007
100,114,Random,square,100,evacuate,975
100,114,Random,square,50,evacuate,1415
10,114,Random,square,50,stay,1807
10,114,Random,house,40,stay,1791
10,114,Random,house,10,stay,1007
100,114,Random,house,20,stay,1261
10,114,Random,house,60,evacuate,2584
100,114,Random,house,60,evacuate,1158
100,114,Random,house,70,evacuate,1141
100,114,Random,house,50,stay,1503
100,114,Random,house,100,evacuate,933
10,114,Random,house,90,evacuate,1296
10,114,Random,house,30,stay,1112
100,114,Random,house,90,evacuate,1254
100,114,Random,house,80,evacuate,1230
100,114,Random,house,10,stay,1101
100,114,Random,house,30,stay,981
10,114,Random,house,80,evacuate,1735
100,114,Random,house,40,stay,2039
10,114,Random,house,20,stay,1367
10,114,Random,house,50,evacuate,1527
10,114,Random,house,70,evacuate,1456
100,115,NA,naturalFrequency,50,evacuate,14096
10,115,NA,naturalFrequency,80,evacuate,3205
10,115,NA,naturalFrequency,50,evacuate,1635
10,115,NA,naturalFrequency,10,stay,2146
100,115,NA,naturalFrequency,20,stay,2149
100,115,NA,naturalFrequency,60,evacuate,1544
10,115,NA,naturalFrequency,90,evacuate,1689
10,115,NA,naturalFrequency,60,evacuate,1827
100,115,NA,naturalFrequency,90,evacuate,2500
10,115,NA,naturalFrequency,40,stay,12559
100,115,NA,naturalFrequency,0,stay,2521
100,115,NA,naturalFrequency,30,stay,1502
10,115,NA,naturalFrequency,30,stay,1611
100,115,NA,naturalFrequency,10,stay,2066
10,115,NA,naturalFrequency,20,stay,1433
10,115,NA,naturalFrequency,70,evacuate,1666
100,115,NA,naturalFrequency,40,stay,1963
100,115,NA,naturalFrequency,80,evacuate,1770
100,115,NA,naturalFrequency,70,evacuate,1735
100,115,Ordered,square,20,stay,9550
10,115,Ordered,square,10,stay,2027
100,115,Ordered,square,40,stay,1764
100,115,Ordered,square,10,stay,1405
100,115,Ordered,square,30,stay,2413
100,115,Ordered,square,60,evacuate,1465
10,115,Ordered,square,50,evacuate,2318
10,115,Ordered,square,30,stay,1523
10,115,Ordered,square,40,stay,2087
100,115,Ordered,square,50,evacuate,1859
10,115,Ordered,square,20,stay,1729
10,115,Ordered,square,80,evacuate,1469
100,115,Ordered,square,90,evacuate,2200
100,115,Ordered,square,80,evacuate,1505
10,115,Ordered,square,60,evacuate,2873
10,115,Ordered,square,70,evacuate,1310
100,115,Ordered,square,70,evacuate,1671
10,115,Ordered,square,90,evacuate,1700
10,115,Ordered,square,0,stay,1960
10,115,Ordered,house,80,evacuate,2429
100,115,Ordered,house,60,evacuate,1714
100,115,Ordered,house,10,stay,1652
10,115,Ordered,house,20,stay,2457
100,115,Ordered,house,80,evacuate,1714
100,115,Ordered,house,70,evacuate,1182
100,115,Ordered,house,0,stay,1490
10,115,Ordered,house,90,evacuate,2061
10,115,Ordered,house,40,stay,1595
100,115,Ordered,house,90,evacuate,2118
10,115,Ordered,house,10,stay,1839
100,115,Ordered,house,30,stay,1804
100,115,Ordered,house,50,evacuate,3012
10,115,Ordered,house,50,evacuate,2120
10,115,Ordered,house,70,evacuate,1676
10,115,Ordered,house,30,stay,1169
10,115,Ordered,house,60,evacuate,1895
100,115,Ordered,house,20,stay,2647
100,115,Ordered,house,40,stay,1418
100,115,Random,square,30,stay,3718
100,115,Random,square,80,evacuate,1799
100,115,Random,square,0,evacuate,4684
10,115,Random,square,20,stay,2681
100,115,Random,square,90,evacuate,6091
10,115,Random,square,40,stay,5826
100,115,Random,square,50,evacuate,2366
100,115,Random,square,20,stay,1569
100,115,Random,square,40,stay,1565
100,115,Random,square,10,stay,1339
10,115,Random,square,60,evacuate,1910
10,115,Random,square,50,stay,2311
10,115,Random,square,70,evacuate,1720
100,115,Random,square,60,evacuate,1775
10,115,Random,square,80,evacuate,1793
10,115,Random,square,10,stay,2924
10,115,Random,square,30,stay,1599
10,115,Random,square,90,evacuate,1795
100,115,Random,square,70,evacuate,1805
100,115,Random,house,30,stay,3407
100,115,Random,house,50,evacuate,1508
100,115,Random,house,20,stay,1499
10,115,Random,house,10,stay,1721
10,115,Random,house,40,stay,1494
100,115,Random,house,100,evacuate,1837
10,115,Random,house,80,evacuate,1853
100,115,Random,house,80,evacuate,3747
10,115,Random,house,60,evacuate,1816
100,115,Random,house,40,stay,3480
10,115,Random,house,50,evacuate,1866
100,115,Random,house,10,stay,1718
10,115,Random,house,30,stay,2024
10,115,Random,house,70,evacuate,1676
100,115,Random,house,60,evacuate,1867
100,115,Random,house,70,evacuate,1562
10,115,Random,house,20,stay,2911
10,115,Random,house,90,evacuate,2224
100,115,Random,house,90,evacuate,2158
100,116,NA,naturalFrequency,50,evacuate,8768
100,116,NA,naturalFrequency,30,evacuate,2602
10,116,NA,naturalFrequency,40,evacuate,7880
10,116,NA,naturalFrequency,30,evacuate,2407
100,116,NA,naturalFrequency,20,stay,5040
100,116,NA,naturalFrequency,60,evacuate,4537
10,116,NA,naturalFrequency,60,evacuate,2940
100,116,NA,naturalFrequency,90,evacuate,2408
10,116,NA,naturalFrequency,90,evacuate,1169
10,116,NA,naturalFrequency,0,stay,2054
100,116,NA,naturalFrequency,10,stay,137721
100,116,NA,naturalFrequency,70,evacuate,1124
10,116,NA,naturalFrequency,80,evacuate,1956
10,116,NA,naturalFrequency,20,stay,1524
10,116,NA,naturalFrequency,50,evacuate,1518
10,116,NA,naturalFrequency,70,evacuate,57966
100,116,NA,naturalFrequency,80,evacuate,1697
10,116,NA,naturalFrequency,10,stay,1109
100,116,NA,naturalFrequency,40,evacuate,3090
100,116,Ordered,square,10,stay,10065
100,116,Ordered,square,50,evacuate,3007
10,116,Ordered,square,60,evacuate,2867
10,116,Ordered,square,70,evacuate,1243
10,116,Ordered,square,20,stay,1228
100,116,Ordered,square,40,evacuate,5431
10,116,Ordered,square,40,evacuate,3707
10,116,Ordered,square,90,evacuate,1179
100,116,Ordered,square,20,stay,1251
10,116,Ordered,square,10,stay,1081
100,116,Ordered,square,0,stay,1108
10,116,Ordered,square,30,stay,1336
10,116,Ordered,square,50,evacuate,1147
100,116,Ordered,square,80,evacuate,1080
100,116,Ordered,square,70,evacuate,974
100,116,Ordered,square,30,stay,1220
100,116,Ordered,square,90,evacuate,1609
100,116,Ordered,square,60,evacuate,1754
10,116,Ordered,square,80,evacuate,2745
10,116,Ordered,house,40,evacuate,5605
100,116,Ordered,house,20,stay,1230
100,116,Ordered,house,50,evacuate,1042
10,116,Ordered,house,20,stay,1257
10,116,Ordered,house,60,evacuate,1238
100,116,Ordered,house,60,evacuate,1229
10,116,Ordered,house,30,stay,1463
10,116,Ordered,house,80,evacuate,712
10,116,Ordered,house,70,evacuate,758
100,116,Ordered,house,40,evacuate,1882
100,116,Ordered,house,10,stay,974
10,116,Ordered,house,90,evacuate,1447
100,116,Ordered,house,30,stay,1064
100,116,Ordered,house,70,evacuate,667
10,116,Ordered,house,10,stay,1155
100,116,Ordered,house,80,evacuate,1313
10,116,Ordered,house,100,evacuate,2055
10,116,Ordered,house,50,evacuate,1432
100,116,Ordered,house,90,evacuate,1245
100,116,Random,square,10,stay,5330
10,116,Random,square,40,evacuate,2244
10,116,Random,square,20,stay,876
100,116,Random,square,20,stay,7058
100,116,Random,square,100,evacuate,907
10,116,Random,square,30,stay,1229
100,116,Random,square,90,evacuate,931
10,116,Random,square,90,evacuate,1018
100,116,Random,square,60,evacuate,959
10,116,Random,square,50,evacuate,3291
100,116,Random,square,40,stay,2559
100,116,Random,square,30,stay,1821
100,116,Random,square,70,evacuate,621
100,116,Random,square,50,evacuate,1048
10,116,Random,square,60,evacuate,1687
10,116,Random,square,70,evacuate,689
10,116,Random,square,80,evacuate,600
10,116,Random,square,10,stay,739
100,116,Random,square,80,evacuate,1125
10,116,Random,house,20,stay,4272
10,116,Random,house,10,stay,681
100,116,Random,house,30,stay,1377
10,116,Random,house,0,stay,1753
10,116,Random,house,50,evacuate,1462
10,116,Random,house,40,evacuate,1417
100,116,Random,house,10,stay,1070
100,116,Random,house,60,evacuate,883
100,116,Random,house,70,evacuate,764
100,116,Random,house,90,evacuate,720
100,116,Random,house,20,stay,1197
10,116,Random,house,80,evacuate,1072
10,116,Random,house,30,stay,2255
10,116,Random,house,70,evacuate,1072
10,116,Random,house,90,evacuate,713
10,116,Random,house,60,evacuate,1149
100,116,Random,house,50,evacuate,1425
100,116,Random,house,80,evacuate,740
100,116,Random,house,40,evacuate,1034
100,117,NA,naturalFrequency,50,stay,13608
10,117,NA,naturalFrequency,30,stay,4596
100,117,NA,naturalFrequency,70,evacuate,8492
100,117,NA,naturalFrequency,90,evacuate,3217
10,117,NA,naturalFrequency,80,evacuate,3067
10,117,NA,naturalFrequency,90,evacuate,2599
10,117,NA,naturalFrequency,70,evacuate,2572
10,117,NA,naturalFrequency,50,stay,3766
10,117,NA,naturalFrequency,20,stay,3066
100,117,NA,naturalFrequency,10,stay,4577
100,117,NA,naturalFrequency,20,stay,3321
100,117,NA,naturalFrequency,40,stay,6807
100,117,NA,naturalFrequency,30,stay,17245
10,117,NA,naturalFrequency,0,stay,4103
10,117,NA,naturalFrequency,10,stay,2030
10,117,NA,naturalFrequency,60,evacuate,13702
10,117,NA,naturalFrequency,40,stay,5179
100,117,NA,naturalFrequency,60,evacuate,2488
100,117,NA,naturalFrequency,80,evacuate,2296
100,117,Ordered,square,30,stay,6621
10,117,Ordered,square,20,stay,4163
10,117,Ordered,square,90,evacuate,1892
10,117,Ordered,square,50,evacuate,3656
100,117,Ordered,square,50,stay,2899
100,117,Ordered,square,60,evacuate,2175
100,117,Ordered,square,0,stay,2655
100,117,Ordered,square,90,evacuate,1715
100,117,Ordered,square,80,evacuate,1949
10,117,Ordered,square,40,stay,2819
100,117,Ordered,square,10,stay,2402
100,117,Ordered,square,40,stay,1811
10,117,Ordered,square,10,stay,2105
10,117,Ordered,square,30,stay,1913
100,117,Ordered,square,20,stay,1843
10,117,Ordered,square,60,evacuate,2402
10,117,Ordered,square,70,evacuate,1635
100,117,Ordered,square,70,evacuate,1880
10,117,Ordered,square,80,evacuate,1680
10,117,Ordered,house,20,stay,5490
100,117,Ordered,house,10,stay,1991
10,117,Ordered,house,70,evacuate,1804
100,117,Ordered,house,20,stay,1664
10,117,Ordered,house,100,evacuate,1962
100,117,Ordered,house,50,evacuate,2717
100,117,Ordered,house,30,stay,1782
10,117,Ordered,house,50,stay,2443
10,117,Ordered,house,90,evacuate,3389
10,117,Ordered,house,40,stay,1891
100,117,Ordered,house,60,evacuate,1985
100,117,Ordered,house,90,evacuate,1613
100,117,Ordered,house,70,evacuate,1475
10,117,Ordered,house,80,evacuate,1881
100,117,Ordered,house,80,evacuate,1836
10,117,Ordered,house,60,evacuate,1795
10,117,Ordered,house,30,stay,1718
100,117,Ordered,house,40,stay,1589
10,117,Ordered,house,10,stay,1791
10,117,Random,square,90,evacuate,3658
10,117,Random,square,80,evacuate,2111
100,117,Random,square,70,evacuate,3816
10,117,Random,square,50,evacuate,3611
100,117,Random,square,30,stay,1903
10,117,Random,square,10,stay,2175
10,117,Random,square,40,stay,1741
100,117,Random,square,80,evacuate,1996
100,117,Random,square,60,evacuate,1729
100,117,Random,square,40,evacuate,3773
100,117,Random,square,90,evacuate,1518
10,117,Random,square,70,evacuate,2034
10,117,Random,square,20,stay,1767
100,117,Random,square,10,stay,1850
100,117,Random,square,50,evacuate,2227
100,117,Random,square,20,stay,1968
10,117,Random,square,60,evacuate,2104
10,117,Random,square,0,stay,2347
10,117,Random,square,30,stay,1438
10,117,Random,house,70,evacuate,2765
100,117,Random,house,70,evacuate,3238
10,117,Random,house,20,stay,2027
10,117,Random,house,40,stay,1948
10,117,Random,house,90,evacuate,1635
100,117,Random,house,80,evacuate,3157
10,117,Random,house,30,stay,1821
100,117,Random,house,30,stay,2878
100,117,Random,house,20,stay,1693
10,117,Random,house,10,stay,1913
10,117,Random,house,50,evacuate,2806
100,117,Random,house,40,stay,2482
100,117,Random,house,10,stay,1686
100,117,Random,house,0,stay,1946
100,117,Random,house,90,evacuate,1661
10,117,Random,house,60,evacuate,7472
100,117,Random,house,50,evacuate,1832
10,117,Random,house,80,evacuate,2119
100,117,Random,house,60,evacuate,1989
10,118,NA,naturalFrequency,30,evacuate,40248
10,118,NA,naturalFrequency,80,stay,3376
100,118,NA,naturalFrequency,50,evacuate,31920
100,118,NA,naturalFrequency,10,evacuate,21991
10,118,NA,naturalFrequency,50,evacuate,7032
10,118,NA,naturalFrequency,60,evacuate,2608
10,118,NA,naturalFrequency,40,stay,1568
100,118,NA,naturalFrequency,70,stay,5879
100,118,NA,naturalFrequency,60,evacuate,1600
10,118,NA,naturalFrequency,70,evacuate,1504
100,118,NA,naturalFrequency,100,evacuate,4015
100,118,NA,naturalFrequency,40,stay,12943
100,118,NA,naturalFrequency,80,evacuate,5007
10,118,NA,naturalFrequency,20,stay,16255
100,118,NA,naturalFrequency,90,evacuate,2504
10,118,NA,naturalFrequency,90,stay,8783
10,118,NA,naturalFrequency,10,evacuate,1784
100,118,NA,naturalFrequency,20,stay,2511
100,118,NA,naturalFrequency,30,evacuate,2487
10,118,Ordered,square,100,evacuate,171505
100,118,Ordered,square,80,evacuate,4703
10,118,Ordered,square,10,stay,2385
100,118,Ordered,square,70,evacuate,1656
10,118,Ordered,square,20,stay,8832
100,118,Ordered,square,60,evacuate,1536
10,118,Ordered,square,70,stay,15823
100,118,Ordered,square,30,stay,3151
100,118,Ordered,square,10,stay,2767
100,118,Ordered,square,40,evacuate,13015
100,118,Ordered,square,90,stay,16120
10,118,Ordered,square,60,evacuate,1511
100,118,Ordered,square,20,evacuate,1687
10,118,Ordered,square,40,stay,4743
10,118,Ordered,square,90,evacuate,19687
10,118,Ordered,square,30,evacuate,1000
10,118,Ordered,square,80,evacuate,1248
100,118,Ordered,square,50,evacuate,1159
10,118,Ordered,square,50,evacuate,6856
10,118,Ordered,house,90,evacuate,14735
100,118,Ordered,house,40,evacuate,2574
10,118,Ordered,house,10,stay,10999
10,118,Ordered,house,70,evacuate,2167
10,118,Ordered,house,20,stay,1560
10,118,Ordered,house,80,evacuate,14847
100,118,Ordered,house,20,evacuate,15574
100,118,Ordered,house,30,evacuate,1676
100,118,Ordered,house,60,stay,1717
10,118,Ordered,house,30,evacuate,2151
10,118,Ordered,house,0,evacuate,1919
100,118,Ordered,house,50,evacuate,2741
100,118,Ordered,house,70,evacuate,2317
100,118,Ordered,house,80,evacuate,1189
10,118,Ordered,house,40,stay,1607
100,118,Ordered,house,90,evacuate,1750
100,118,Ordered,house,10,stay,1158
10,118,Ordered,house,60,evacuate,2399
10,118,Ordered,house,50,stay,1432
10,118,Random,square,60,stay,2055
100,118,Random,square,40,evacuate,1711
100,118,Random,square,20,stay,1479
10,118,Random,square,30,stay,1640
10,118,Random,square,70,evacuate,935
10,118,Random,square,80,evacuate,1119
10,118,Random,square,20,stay,1263
10,118,Random,square,40,evacuate,10368
10,118,Random,square,90,stay,1848
100,118,Random,square,70,evacuate,1960
100,118,Random,square,60,stay,1361
10,118,Random,square,10,evacuate,1472
100,118,Random,square,50,stay,1423
100,118,Random,square,80,stay,1319
10,118,Random,square,50,stay,2776
100,118,Random,square,10,stay,1271
100,118,Random,square,90,evacuate,1064
100,118,Random,square,0,stay,1015
100,118,Random,square,30,stay,1975
100,118,Random,house,50,evacuate,2741
10,118,Random,house,40,stay,5023
100,118,Random,house,70,stay,2237
100,118,Random,house,30,stay,1157
10,118,Random,house,50,evacuate,2783
10,118,Random,house,20,stay,2248
10,118,Random,house,70,stay,1439
10,118,Random,house,30,evacuate,887
10,118,Random,house,80,stay,1295
100,118,Random,house,0,stay,1461
10,118,Random,house,10,stay,1487
100,118,Random,house,90,stay,1501
100,118,Random,house,10,stay,1301
10,118,Random,house,60,evacuate,1719
100,118,Random,house,80,stay,1355
100,118,Random,house,40,evacuate,1253
100,118,Random,house,20,stay,1182
100,118,Random,house,60,stay,1140
10,118,Random,house,90,stay,1735
10,119,NA,naturalFrequency,20,stay,10229
10,119,NA,naturalFrequency,10,stay,4411
10,119,NA,naturalFrequency,30,stay,5895
100,119,NA,naturalFrequency,40,stay,6147
100,119,NA,naturalFrequency,80,evacuate,3539
10,119,NA,naturalFrequency,80,evacuate,2332
100,119,NA,naturalFrequency,70,evacuate,2121
100,119,NA,naturalFrequency,50,evacuate,2133
10,119,NA,naturalFrequency,70,evacuate,3328
10,119,NA,naturalFrequency,90,evacuate,1718
100,119,NA,naturalFrequency,30,stay,2650
10,119,NA,naturalFrequency,60,evacuate,2578
100,119,NA,naturalFrequency,10,stay,3552
10,119,NA,naturalFrequency,50,evacuate,4352
100,119,NA,naturalFrequency,60,evacuate,4388
100,119,NA,naturalFrequency,20,stay,3294
100,119,NA,naturalFrequency,90,evacuate,3546
10,119,NA,naturalFrequency,40,evacuate,8259
100,119,NA,naturalFrequency,100,evacuate,4624
100,119,Ordered,square,20,stay,12100
10,119,Ordered,square,70,evacuate,2377
100,119,Ordered,square,70,evacuate,1715
100,119,Ordered,square,90,evacuate,1515
100,119,Ordered,square,10,stay,1997
10,119,Ordered,square,50,evacuate,3422
10,119,Ordered,square,40,stay,2366
10,119,Ordered,square,80,evacuate,2108
100,119,Ordered,square,40,stay,1682
100,119,Ordered,square,0,stay,3510
100,119,Ordered,square,80,evacuate,1659
100,119,Ordered,square,50,stay,1970
10,119,Ordered,square,90,evacuate,2903
10,119,Ordered,square,30,stay,1496
10,119,Ordered,square,60,evacuate,5545
100,119,Ordered,square,30,stay,1959
10,119,Ordered,square,10,stay,1591
100,119,Ordered,square,60,evacuate,3576
10,119,Ordered,square,20,stay,2072
10,119,Ordered,house,70,evacuate,13450
10,119,Ordered,house,80,evacuate,1493
10,119,Ordered,house,40,stay,2757
100,119,Ordered,house,50,stay,2008
10,119,Ordered,house,10,stay,1901
10,119,Ordered,house,20,stay,4015
100,119,Ordered,house,30,stay,2780
100,119,Ordered,house,80,evacuate,1622
10,119,Ordered,house,60,stay,4978
100,119,Ordered,house,40,stay,2507
100,119,Ordered,house,90,evacuate,1472
100,119,Ordered,house,20,stay,1715
10,119,Ordered,house,90,evacuate,1847
10,119,Ordered,house,30,stay,1966
100,119,Ordered,house,10,stay,2232
10,119,Ordered,house,50,stay,2912
100,119,Ordered,house,60,evacuate,1781
100,119,Ordered,house,70,evacuate,2135
100,119,Ordered,house,100,evacuate,2279
100,119,Random,square,10,stay,15025
10,119,Random,square,30,stay,1741
10,119,Random,square,60,evacuate,1331
100,119,Random,square,90,evacuate,2371
10,119,Random,square,70,evacuate,3321
10,119,Random,square,80,evacuate,1472
100,119,Random,square,50,stay,1769
100,119,Random,square,40,stay,2547
10,119,Random,square,90,evacuate,1917
10,119,Random,square,10,stay,1930
100,119,Random,square,60,evacuate,3441
10,119,Random,square,40,stay,2340
100,119,Random,square,20,stay,1886
10,119,Random,square,20,stay,1805
100,119,Random,square,0,stay,1527
100,119,Random,square,80,evacuate,1502
10,119,Random,square,50,stay,3404
100,119,Random,square,70,evacuate,2605
100,119,Random,square,30,stay,2300
10,119,Random,house,80,evacuate,7681
100,119,Random,house,0,stay,2019
10,119,Random,house,40,stay,1682
10,119,Random,house,90,evacuate,2020
100,119,Random,house,80,evacuate,2312
100,119,Random,house,30,stay,1624
100,119,Random,house,60,stay,2325
100,119,Random,house,20,stay,1602
10,119,Random,house,70,evacuate,3048
100,119,Random,house,10,stay,1672
100,119,Random,house,50,stay,1760
100,119,Random,house,90,evacuate,1523
10,119,Random,house,30,stay,1841
10,119,Random,house,50,stay,1271
100,119,Random,house,40,stay,2439
100,119,Random,house,70,evacuate,1633
10,119,Random,house,10,stay,1966
10,119,Random,house,20,stay,1308
10,119,Random,house,60,evacuate,1755
100,120,NA,naturalFrequency,40,stay,8203
100,120,NA,naturalFrequency,80,evacuate,2673
100,120,NA,naturalFrequency,60,evacuate,1345
10,120,NA,naturalFrequency,60,evacuate,2656
10,120,NA,naturalFrequency,50,evacuate,2512
10,120,NA,naturalFrequency,80,evacuate,2304
10,120,NA,naturalFrequency,30,stay,1144
10,120,NA,naturalFrequency,40,stay,3201
100,120,NA,naturalFrequency,10,stay,1608
100,120,NA,naturalFrequency,20,stay,1136
100,120,NA,naturalFrequency,30,stay,743
10,120,NA,naturalFrequency,20,stay,1720
100,120,NA,naturalFrequency,50,stay,3104
10,120,NA,naturalFrequency,70,evacuate,2602
100,120,NA,naturalFrequency,0,stay,2744
10,120,NA,naturalFrequency,10,stay,1127
10,120,NA,naturalFrequency,90,evacuate,1536
100,120,NA,naturalFrequency,90,evacuate,2490
100,120,NA,naturalFrequency,70,evacuate,1297
10,120,Ordered,square,50,stay,3481
100,120,Ordered,square,60,evacuate,3857
100,120,Ordered,square,90,evacuate,1335
100,120,Ordered,square,50,stay,1472
10,120,Ordered,square,80,evacuate,2352
100,120,Ordered,square,20,stay,2608
100,120,Ordered,square,80,evacuate,848
100,120,Ordered,square,30,stay,981
10,120,Ordered,square,70,evacuate,2545
10,120,Ordered,square,20,stay,1624
100,120,Ordered,square,0,stay,904
10,120,Ordered,square,10,stay,1617
10,120,Ordered,square,90,evacuate,823
10,120,Ordered,square,30,stay,2217
10,120,Ordered,square,60,evacuate,727
100,120,Ordered,square,10,stay,1120
100,120,Ordered,square,40,stay,998
100,120,Ordered,square,70,evacuate,1023
10,120,Ordered,square,40,stay,1576
10,120,Ordered,house,80,evacuate,3039
100,120,Ordered,house,10,stay,1712
10,120,Ordered,house,40,stay,1559
100,120,Ordered,house,80,evacuate,1301
100,120,Ordered,house,20,stay,1301
10,120,Ordered,house,60,evacuate,1399
10,120,Ordered,house,10,stay,1041
100,120,Ordered,house,50,stay,3702
10,120,Ordered,house,50,stay,1720
100,120,Ordered,house,60,evacuate,1415
100,120,Ordered,house,30,stay,1006
100,120,Ordered,house,70,evacuate,1015
10,120,Ordered,house,90,evacuate,1088
10,120,Ordered,house,30,stay,1007
10,120,Ordered,house,20,stay,1048
10,120,Ordered,house,70,evacuate,871
100,120,Ordered,house,40,stay,1175
100,120,Ordered,house,100,evacuate,782
100,120,Ordered,house,90,evacuate,879
10,120,Random,square,10,stay,3735
100,120,Random,square,10,stay,3656
100,120,Random,square,80,evacuate,895
10,120,Random,square,60,evacuate,1726
100,120,Random,square,20,stay,873
100,120,Random,square,40,evacuate,832
100,120,Random,square,50,evacuate,864
10,120,Random,square,30,stay,1008
10,120,Random,square,80,evacuate,736
100,120,Random,square,60,evacuate,896
100,120,Random,square,90,evacuate,767
10,120,Random,square,50,stay,3057
10,120,Random,square,100,evacuate,792
100,120,Random,square,70,evacuate,961
10,120,Random,square,20,stay,1025
10,120,Random,square,90,evacuate,1040
10,120,Random,square,40,stay,960
100,120,Random,square,30,stay,1038
10,120,Random,square,70,evacuate,912
10,120,Random,house,60,evacuate,1604
10,120,Random,house,70,evacuate,1224
100,120,Random,house,50,stay,1166
100,120,Random,house,70,evacuate,982
10,120,Random,house,40,stay,1079
10,120,Random,house,90,evacuate,728
100,120,Random,house,20,stay,1095
10,120,Random,house,50,stay,1079
100,120,Random,house,10,stay,918
100,120,Random,house,30,stay,1990
10,120,Random,house,80,evacuate,969
10,120,Random,house,20,stay,1584
100,120,Random,house,90,evacuate,886
10,120,Random,house,10,stay,1192
100,120,Random,house,60,evacuate,1078
100,120,Random,house,80,evacuate,823
10,120,Random,house,30,stay,1367
100,120,Random,house,40,stay,1158
100,120,Random,house,100,evacuate,871
100,121,NA,naturalFrequency,20,stay,5647
10,121,NA,naturalFrequency,30,stay,2445
100,121,NA,naturalFrequency,60,evacuate,1379
100,121,NA,naturalFrequency,90,evacuate,893
100,121,NA,naturalFrequency,80,evacuate,982
100,121,NA,naturalFrequency,50,evacuate,1419
10,121,NA,naturalFrequency,80,evacuate,2335
100,121,NA,naturalFrequency,0,stay,1174
100,121,NA,naturalFrequency,70,evacuate,1288
10,121,NA,naturalFrequency,70,evacuate,1137
10,121,NA,naturalFrequency,40,stay,1276
10,121,NA,naturalFrequency,60,evacuate,1105
10,121,NA,naturalFrequency,20,stay,2663
10,121,NA,naturalFrequency,50,evacuate,1210
100,121,NA,naturalFrequency,30,stay,1318
10,121,NA,naturalFrequency,10,stay,796
100,121,NA,naturalFrequency,40,evacuate,2308
10,121,NA,naturalFrequency,90,evacuate,1024
100,121,NA,naturalFrequency,10,evacuate,720
100,121,Ordered,square,10,stay,4090
100,121,Ordered,square,20,stay,1281
100,121,Ordered,square,80,evacuate,1092
10,121,Ordered,square,50,evacuate,1895
10,121,Ordered,square,70,evacuate,924
100,121,Ordered,square,60,evacuate,2610
10,121,Ordered,square,80,evacuate,2163
100,121,Ordered,square,50,evacuate,2433
100,121,Ordered,square,30,stay,1190
100,121,Ordered,square,90,evacuate,1140
100,121,Ordered,square,70,evacuate,909
10,121,Ordered,square,10,stay,1276
10,121,Ordered,square,60,evacuate,1984
10,121,Ordered,square,90,evacuate,1265
100,121,Ordered,square,40,evacuate,3654
10,121,Ordered,square,30,stay,1229
10,121,Ordered,square,40,evacuate,1037
10,121,Ordered,square,20,stay,1131
10,121,Ordered,square,0,stay,933
100,121,Ordered,house,90,evacuate,3870
100,121,Ordered,house,60,evacuate,1429
10,121,Ordered,house,90,evacuate,1561
10,121,Ordered,house,60,evacuate,942
10,121,Ordered,house,50,evacuate,928
10,121,Ordered,house,80,evacuate,1074
10,121,Ordered,house,10,stay,1242
10,121,Ordered,house,70,evacuate,946
10,121,Ordered,house,100,evacuate,637
100,121,Ordered,house,10,stay,1959
100,121,Ordered,house,30,stay,1215
10,121,Ordered,house,30,stay,3734
100,121,Ordered,house,40,evacuate,1338
100,121,Ordered,house,50,evacuate,1093
100,121,Ordered,house,20,stay,1233
100,121,Ordered,house,70,evacuate,994
100,121,Ordered,house,80,evacuate,947
10,121,Ordered,house,20,stay,1169
10,121,Ordered,house,40,evacuate,1960
100,121,Random,square,100,evacuate,1880
100,121,Random,square,30,evacuate,6785
10,121,Random,square,60,evacuate,1657
100,121,Random,square,90,evacuate,1080
100,121,Random,square,70,evacuate,1069
100,121,Random,square,40,evacuate,1323
10,121,Random,square,20,stay,1497
10,121,Random,square,30,stay,1454
10,121,Random,square,10,stay,777
10,121,Random,square,90,evacuate,1001
10,121,Random,square,40,evacuate,1406
10,121,Random,square,50,evacuate,922
10,121,Random,square,80,evacuate,753
100,121,Random,square,80,evacuate,1476
100,121,Random,square,20,stay,6868
10,121,Random,square,70,evacuate,1147
100,121,Random,square,10,stay,1058
100,121,Random,square,50,evacuate,1060
100,121,Random,square,60,evacuate,788
10,121,Random,house,90,evacuate,1748
10,121,Random,house,100,evacuate,669
100,121,Random,house,50,evacuate,1322
10,121,Random,house,20,stay,1143
10,121,Random,house,30,stay,1505
100,121,Random,house,70,evacuate,1209
100,121,Random,house,20,stay,6526
100,121,Random,house,60,evacuate,967
10,121,Random,house,40,evacuate,1514
10,121,Random,house,80,evacuate,696
100,121,Random,house,30,evacuate,1487
10,121,Random,house,60,evacuate,1044
10,121,Random,house,50,evacuate,998
100,121,Random,house,80,evacuate,1103
100,121,Random,house,10,stay,1341
100,121,Random,house,40,evacuate,1095
10,121,Random,house,10,stay,1180
10,121,Random,house,70,evacuate,761
100,121,Random,house,90,evacuate,968
100,122,NA,naturalFrequency,70,evacuate,10219
100,122,NA,naturalFrequency,60,evacuate,5486
10,122,NA,naturalFrequency,10,stay,2743
100,122,NA,naturalFrequency,30,stay,2202
10,122,NA,naturalFrequency,50,stay,2746
10,122,NA,naturalFrequency,40,stay,2097
10,122,NA,naturalFrequency,60,evacuate,2304
10,122,NA,naturalFrequency,70,evacuate,1495
100,122,NA,naturalFrequency,90,evacuate,1705
100,122,NA,naturalFrequency,50,evacuate,3198
100,122,NA,naturalFrequency,20,evacuate,1591
10,122,NA,naturalFrequency,90,evacuate,2031
10,122,NA,naturalFrequency,0,stay,1436
100,122,NA,naturalFrequency,10,stay,1879
10,122,NA,naturalFrequency,30,stay,1696
10,122,NA,naturalFrequency,20,stay,1194
100,122,NA,naturalFrequency,80,evacuate,1402
10,122,NA,naturalFrequency,80,evacuate,2148
100,122,NA,naturalFrequency,40,stay,1225
100,122,Ordered,square,30,stay,3674
100,122,Ordered,square,70,evacuate,1370
100,122,Ordered,square,60,evacuate,2582
10,122,Ordered,square,90,evacuate,3199
10,122,Ordered,square,10,stay,978
10,122,Ordered,square,40,stay,1229
10,122,Ordered,square,60,evacuate,3117
10,122,Ordered,square,0,stay,1570
100,122,Ordered,square,40,stay,1278
10,122,Ordered,square,30,stay,1201
100,122,Ordered,square,90,evacuate,972
10,122,Ordered,square,80,evacuate,1167
100,122,Ordered,square,80,evacuate,962
10,122,Ordered,square,50,stay,1844
10,122,Ordered,square,20,stay,997
100,122,Ordered,square,50,evacuate,1438
100,122,Ordered,square,20,stay,1671
100,122,Ordered,square,10,stay,1202
10,122,Ordered,square,70,evacuate,1254
100,122,Ordered,house,40,stay,3457
10,122,Ordered,house,60,evacuate,2644
10,122,Ordered,house,30,stay,1949
100,122,Ordered,house,80,evacuate,1401
10,122,Ordered,house,40,stay,2401
10,122,Ordered,house,50,evacuate,2926
100,122,Ordered,house,60,evacuate,1156
100,122,Ordered,house,90,evacuate,1004
10,122,Ordered,house,90,evacuate,1236
100,122,Ordered,house,20,stay,1022
10,122,Ordered,house,80,evacuate,1043
100,122,Ordered,house,30,stay,1189
10,122,Ordered,house,20,stay,1941
10,122,Ordered,house,10,stay,731
100,122,Ordered,house,100,evacuate,910
100,122,Ordered,house,10,stay,1133
10,122,Ordered,house,70,evacuate,1088
100,122,Ordered,house,70,evacuate,1217
100,122,Ordered,house,50,stay,1960
100,122,Random,square,50,evacuate,2472
10,122,Random,square,40,stay,2354
100,122,Random,square,70,evacuate,1067
10,122,Random,square,80,evacuate,1105
100,122,Random,square,10,stay,1009
100,122,Random,square,80,evacuate,794
10,122,Random,square,60,evacuate,1550
10,122,Random,square,20,stay,815
100,122,Random,square,0,stay,1217
100,122,Random,square,20,stay,1766
10,122,Random,square,90,evacuate,1338
10,122,Random,square,70,evacuate,904
10,122,Random,square,50,stay,1545
100,122,Random,square,60,evacuate,1154
10,122,Random,square,30,stay,999
100,122,Random,square,90,evacuate,927
10,122,Random,square,10,stay,934
100,122,Random,square,30,stay,983
100,122,Random,square,40,evacuate,2301
100,122,Random,house,50,stay,1770
10,122,Random,house,90,evacuate,1043
100,122,Random,house,10,stay,968
10,122,Random,house,60,stay,1624
100,122,Random,house,80,evacuate,932
10,122,Random,house,80,evacuate,1279
10,122,Random,house,20,stay,796
100,122,Random,house,40,stay,1250
100,122,Random,house,90,evacuate,881
100,122,Random,house,60,evacuate,1094
100,122,Random,house,70,evacuate,1046
100,122,Random,house,20,stay,886
10,122,Random,house,40,stay,1305
10,122,Random,house,50,evacuate,1673
10,122,Random,house,10,stay,1061
100,122,Random,house,100,evacuate,1122
100,122,Random,house,30,stay,1297
10,122,Random,house,70,evacuate,1733
10,122,Random,house,30,stay,860
100,123,NA,naturalFrequency,10,stay,9196
10,123,NA,naturalFrequency,10,stay,4244
10,123,NA,naturalFrequency,50,evacuate,2300
10,123,NA,naturalFrequency,40,stay,1944
10,123,NA,naturalFrequency,30,stay,3079
100,123,NA,naturalFrequency,50,stay,2699
10,123,NA,naturalFrequency,70,evacuate,2008
100,123,NA,naturalFrequency,70,evacuate,1478
100,123,NA,naturalFrequency,90,evacuate,1155
100,123,NA,naturalFrequency,80,evacuate,1168
10,123,NA,naturalFrequency,20,stay,1805
100,123,NA,naturalFrequency,40,stay,4088
10,123,NA,naturalFrequency,60,evacuate,1650
10,123,NA,naturalFrequency,0,stay,2002
100,123,NA,naturalFrequency,60,evacuate,2060
10,123,NA,naturalFrequency,90,evacuate,2100
10,123,NA,naturalFrequency,80,evacuate,1487
100,123,NA,naturalFrequency,30,stay,3017
100,123,NA,naturalFrequency,20,stay,1260
100,123,Ordered,square,20,stay,6635
100,123,Ordered,square,40,stay,1380
10,123,Ordered,square,30,stay,2318
10,123,Ordered,square,10,stay,1338
10,123,Ordered,square,40,stay,1440
100,123,Ordered,square,70,evacuate,2142
10,123,Ordered,square,70,evacuate,1674
10,123,Ordered,square,60,evacuate,1976
10,123,Ordered,square,90,evacuate,1402
10,123,Ordered,square,50,stay,3562
100,123,Ordered,square,90,evacuate,2018
100,123,Ordered,square,10,stay,1797
10,123,Ordered,square,80,evacuate,2100
100,123,Ordered,square,60,evacuate,1910
10,123,Ordered,square,0,stay,1878
100,123,Ordered,square,80,evacuate,2296
100,123,Ordered,square,30,stay,1880
100,123,Ordered,square,50,stay,3686
10,123,Ordered,square,20,stay,1799
10,123,Ordered,house,80,evacuate,3376
10,123,Ordered,house,40,stay,2378
100,123,Ordered,house,0,stay,1943
100,123,Ordered,house,90,evacuate,1805
100,123,Ordered,house,40,stay,1644
100,123,Ordered,house,70,evacuate,1468
10,123,Ordered,house,20,stay,2355
10,123,Ordered,house,10,stay,1627
100,123,Ordered,house,20,stay,2144
10,123,Ordered,house,60,evacuate,3317
100,123,Ordered,house,30,stay,1732
100,123,Ordered,house,80,evacuate,2605
10,123,Ordered,house,70,evacuate,2220
100,123,Ordered,house,10,stay,1568
10,123,Ordered,house,30,stay,2754
10,123,Ordered,house,90,evacuate,1652
100,123,Ordered,house,60,evacuate,1833
100,123,Ordered,house,50,stay,2335
10,123,Ordered,house,50,evacuate,5298
10,123,Random,square,100,evacuate,8591
10,123,Random,square,10,stay,3007
100,123,Random,square,20,stay,7743
10,123,Random,square,30,stay,1932
10,123,Random,square,70,evacuate,2349
10,123,Random,square,60,evacuate,2708
100,123,Random,square,10,stay,2406
100,123,Random,square,90,evacuate,1905
100,123,Random,square,70,evacuate,1386
100,123,Random,square,40,evacuate,3117
10,123,Random,square,20,stay,2054
100,123,Random,square,80,evacuate,1755
10,123,Random,square,40,stay,2861
100,123,Random,square,60,evacuate,1809
100,123,Random,square,50,evacuate,1509
10,123,Random,square,80,evacuate,2036
10,123,Random,square,90,evacuate,2181
100,123,Random,square,30,stay,2282
10,123,Random,square,50,evacuate,2321
10,123,Random,house,30,stay,3172
10,123,Random,house,70,evacuate,1780
100,123,Random,house,80,evacuate,1835
100,123,Random,house,0,stay,1392
10,123,Random,house,40,stay,1841
100,123,Random,house,90,evacuate,1887
100,123,Random,house,40,stay,2821
100,123,Random,house,30,stay,1866
100,123,Random,house,70,evacuate,1200
10,123,Random,house,80,evacuate,1556
100,123,Random,house,50,stay,3538
10,123,Random,house,20,stay,2759
100,123,Random,house,20,stay,2047
10,123,Random,house,10,stay,1795
10,123,Random,house,60,evacuate,1845
100,123,Random,house,60,evacuate,2047
100,123,Random,house,10,stay,2504
10,123,Random,house,90,evacuate,4334
10,123,Random,house,50,stay,702516
10,124,NA,naturalFrequency,70,stay,9667
10,124,NA,naturalFrequency,90,stay,4123
10,124,NA,naturalFrequency,30,stay,1779
10,124,NA,naturalFrequency,40,stay,1570
10,124,NA,naturalFrequency,10,stay,1349
100,124,NA,naturalFrequency,30,stay,4209
100,124,NA,naturalFrequency,80,evacuate,2467
10,124,NA,naturalFrequency,60,evacuate,3043
100,124,NA,naturalFrequency,90,evacuate,1681
10,124,NA,naturalFrequency,100,evacuate,1802
10,124,NA,naturalFrequency,50,stay,1866
10,124,NA,naturalFrequency,20,stay,1571
100,124,NA,naturalFrequency,70,evacuate,1853
100,124,NA,naturalFrequency,20,stay,1509
100,124,NA,naturalFrequency,60,stay,2087
100,124,NA,naturalFrequency,40,stay,1252
10,124,NA,naturalFrequency,80,evacuate,1889
100,124,NA,naturalFrequency,50,stay,1570
100,124,NA,naturalFrequency,10,stay,2429
10,124,Ordered,square,90,stay,8134
10,124,Ordered,square,80,stay,2699
100,124,Ordered,square,20,stay,2686
100,124,Ordered,square,40,stay,1596
10,124,Ordered,square,50,stay,2221
10,124,Ordered,square,20,stay,1817
10,124,Ordered,square,70,evacuate,1865
10,124,Ordered,square,30,stay,1792
100,124,Ordered,square,60,stay,1890
10,124,Ordered,square,10,stay,1903
10,124,Ordered,square,60,stay,1165
100,124,Ordered,square,0,evacuate,1828
100,124,Ordered,square,50,stay,1718
100,124,Ordered,square,90,evacuate,2012
100,124,Ordered,square,80,evacuate,1901
100,124,Ordered,square,10,evacuate,2282
100,124,Ordered,square,70,evacuate,1975
100,124,Ordered,square,30,stay,1570
10,124,Ordered,square,40,stay,2099
100,124,Ordered,house,50,stay,8204
100,124,Ordered,house,30,stay,1406
10,124,Ordered,house,30,stay,1766
10,124,Ordered,house,40,stay,8257
100,124,Ordered,house,70,stay,1861
100,124,Ordered,house,80,evacuate,1811
100,124,Ordered,house,10,stay,1836
10,124,Ordered,house,80,evacuate,6490
10,124,Ordered,house,70,evacuate,1778
10,124,Ordered,house,50,stay,1263
100,124,Ordered,house,40,stay,2181
100,124,Ordered,house,60,evacuate,1640
10,124,Ordered,house,90,evacuate,1840
10,124,Ordered,house,20,stay,1459
100,124,Ordered,house,90,evacuate,2634
100,124,Ordered,house,20,stay,1761
10,124,Ordered,house,100,evacuate,8121
10,124,Ordered,house,60,evacuate,1876
10,124,Ordered,house,10,stay,1412
100,124,Random,square,70,stay,4193
10,124,Random,square,30,evacuate,2797
10,124,Random,square,80,stay,1792
10,124,Random,square,20,evacuate,1424
10,124,Random,square,50,stay,1239
100,124,Random,square,30,evacuate,3091
100,124,Random,square,90,stay,1693
100,124,Random,square,60,stay,1778
10,124,Random,square,40,evacuate,3755
10,124,Random,square,10,evacuate,1730
100,124,Random,square,50,stay,2159
10,124,Random,square,60,stay,2123
10,124,Random,square,70,stay,1387
100,124,Random,square,80,stay,2244
100,124,Random,square,10,evacuate,1681
100,124,Random,square,0,evacuate,1644
100,124,Random,square,40,evacuate,2172
100,124,Random,square,20,evacuate,1864
10,124,Random,square,90,stay,1620
10,124,Random,house,90,evacuate,3408
100,124,Random,house,20,stay,2523
10,124,Random,house,80,evacuate,1854
100,124,Random,house,40,stay,3039
100,124,Random,house,10,stay,1884
10,124,Random,house,10,stay,1864
10,124,Random,house,40,stay,1594
100,124,Random,house,60,evacuate,2719
10,124,Random,house,50,evacuate,5006
100,124,Random,house,80,evacuate,2401
100,124,Random,house,30,stay,2068
100,124,Random,house,70,evacuate,1394
10,124,Random,house,30,stay,3361
100,124,Random,house,50,stay,2548
10,124,Random,house,20,stay,1693
10,124,Random,house,60,stay,1055
100,124,Random,house,0,stay,1850
10,124,Random,house,70,evacuate,2232
100,124,Random,house,90,evacuate,1834
10,125,NA,naturalFrequency,80,evacuate,17951
10,125,NA,naturalFrequency,70,evacuate,4142
10,125,NA,naturalFrequency,50,stay,5385
10,125,NA,naturalFrequency,60,evacuate,5025
10,125,NA,naturalFrequency,90,evacuate,2402
100,125,NA,naturalFrequency,50,stay,13321
100,125,NA,naturalFrequency,90,evacuate,2624
100,125,NA,naturalFrequency,10,stay,8419
100,125,NA,naturalFrequency,30,stay,2868
10,125,NA,naturalFrequency,20,stay,3218
100,125,NA,naturalFrequency,100,evacuate,2933
10,125,NA,naturalFrequency,40,stay,4578
100,125,NA,naturalFrequency,60,evacuate,2560
10,125,NA,naturalFrequency,10,stay,4127
100,125,NA,naturalFrequency,20,stay,3157
100,125,NA,naturalFrequency,70,evacuate,2066
10,125,NA,naturalFrequency,30,stay,2477
100,125,NA,naturalFrequency,80,evacuate,2269
100,125,NA,naturalFrequency,40,evacuate,4498
100,125,Ordered,square,70,evacuate,11680
10,125,Ordered,square,70,evacuate,3281
100,125,Ordered,square,60,evacuate,3110
10,125,Ordered,square,10,stay,2878
100,125,Ordered,square,20,stay,2456
10,125,Ordered,square,30,stay,2333
100,125,Ordered,square,80,evacuate,2139
10,125,Ordered,square,50,evacuate,2200
10,125,Ordered,square,80,evacuate,2390
100,125,Ordered,square,30,stay,4559
100,125,Ordered,square,40,evacuate,1900
100,125,Ordered,square,50,evacuate,2069
10,125,Ordered,square,20,stay,2391
100,125,Ordered,square,90,evacuate,1761
100,125,Ordered,square,10,stay,3157
100,125,Ordered,square,0,stay,2170
10,125,Ordered,square,90,evacuate,2975
10,125,Ordered,square,60,evacuate,1519
10,125,Ordered,square,40,evacuate,1939
10,125,Ordered,house,50,evacuate,37489
10,125,Ordered,house,40,evacuate,1995
100,125,Ordered,house,20,stay,2989
100,125,Ordered,house,90,evacuate,1710
10,125,Ordered,house,80,evacuate,2354
100,125,Ordered,house,70,evacuate,2174
100,125,Ordered,house,30,evacuate,2353
10,125,Ordered,house,70,evacuate,2103
100,125,Ordered,house,40,evacuate,2625
10,125,Ordered,house,0,stay,2441
10,125,Ordered,house,20,stay,2158
10,125,Ordered,house,60,evacuate,1941
100,125,Ordered,house,50,evacuate,2996
10,125,Ordered,house,90,evacuate,1958
10,125,Ordered,house,10,stay,1946
100,125,Ordered,house,10,stay,2903
10,125,Ordered,house,30,evacuate,3135
100,125,Ordered,house,80,evacuate,2503
100,125,Ordered,house,60,evacuate,7714
100,125,Random,square,30,evacuate,3011
10,125,Random,square,100,evacuate,2107
100,125,Random,square,20,evacuate,1901
100,125,Random,square,40,evacuate,2190
100,125,Random,square,90,evacuate,1584
10,125,Random,square,30,evacuate,2243
100,125,Random,square,70,evacuate,1837
10,125,Random,square,70,evacuate,2152
100,125,Random,square,60,evacuate,2114
100,125,Random,square,10,stay,3264
10,125,Random,square,20,stay,2395
10,125,Random,square,80,evacuate,2089
100,125,Random,square,50,evacuate,1807
100,125,Random,square,80,evacuate,1439
10,125,Random,square,90,evacuate,2049
10,125,Random,square,10,stay,4563
10,125,Random,square,50,evacuate,1739
10,125,Random,square,40,evacuate,2016
10,125,Random,square,60,evacuate,1799
10,125,Random,house,50,evacuate,3617
10,125,Random,house,30,stay,3262
100,125,Random,house,90,evacuate,1981
100,125,Random,house,10,stay,2489
10,125,Random,house,10,stay,2086
10,125,Random,house,40,evacuate,2958
100,125,Random,house,40,evacuate,1990
100,125,Random,house,30,evacuate,1575
10,125,Random,house,20,stay,1954
10,125,Random,house,0,stay,2024
100,125,Random,house,80,evacuate,1679
10,125,Random,house,90,evacuate,2329
100,125,Random,house,20,stay,7561
100,125,Random,house,50,evacuate,1708
10,125,Random,house,80,evacuate,2170
100,125,Random,house,60,evacuate,3669
10,125,Random,house,60,evacuate,2330
10,125,Random,house,70,evacuate,1483
100,125,Random,house,70,evacuate,1712
100,126,NA,naturalFrequency,80,evacuate,41456
100,126,NA,naturalFrequency,30,stay,22240
100,126,NA,naturalFrequency,90,stay,1728
100,126,NA,naturalFrequency,100,evacuate,1598
10,126,NA,naturalFrequency,70,evacuate,3404
100,126,NA,naturalFrequency,70,stay,40538
10,126,NA,naturalFrequency,60,stay,13678
10,126,NA,naturalFrequency,90,evacuate,1480
100,126,NA,naturalFrequency,50,stay,1500
10,126,NA,naturalFrequency,50,evacuate,1654
10,126,NA,naturalFrequency,10,stay,125177
10,126,NA,naturalFrequency,80,evacuate,15480
10,126,NA,naturalFrequency,30,stay,1336
100,126,NA,naturalFrequency,60,stay,2738
100,126,NA,naturalFrequency,10,stay,1966
10,126,NA,naturalFrequency,20,stay,1300
100,126,NA,naturalFrequency,40,stay,2270
10,126,NA,naturalFrequency,40,stay,1122
100,126,NA,naturalFrequency,20,stay,980
100,126,Ordered,square,30,stay,6413
10,126,Ordered,square,100,evacuate,2692
100,126,Ordered,square,20,evacuate,1294
100,126,Ordered,square,60,stay,1076
100,126,Ordered,square,50,stay,908
10,126,Ordered,square,90,evacuate,2672
10,126,Ordered,square,70,evacuate,970
10,126,Ordered,square,80,evacuate,748
100,126,Ordered,square,40,stay,1000
100,126,Ordered,square,90,evacuate,697
10,126,Ordered,square,40,stay,2748
10,126,Ordered,square,30,evacuate,855
10,126,Ordered,square,50,evacuate,2434
100,126,Ordered,square,10,stay,1804
100,126,Ordered,square,80,stay,1200
10,126,Ordered,square,60,evacuate,1608
100,126,Ordered,square,70,evacuate,890
10,126,Ordered,square,10,stay,1098
10,126,Ordered,square,20,stay,1112
100,126,Ordered,house,50,stay,3234
10,126,Ordered,house,70,evacuate,29065
100,126,Ordered,house,10,stay,15064
100,126,Ordered,house,60,stay,1324
10,126,Ordered,house,90,evacuate,1181
10,126,Ordered,house,50,evacuate,1736
100,126,Ordered,house,40,stay,1744
100,126,Ordered,house,80,evacuate,854
10,126,Ordered,house,0,stay,1264
10,126,Ordered,house,40,evacuate,1331
10,126,Ordered,house,20,evacuate,1304
10,126,Ordered,house,80,stay,1259
100,126,Ordered,house,20,stay,1340
100,126,Ordered,house,90,evacuate,1060
10,126,Ordered,house,10,stay,1466
100,126,Ordered,house,70,evacuate,938
100,126,Ordered,house,30,stay,1035
10,126,Ordered,house,30,stay,13050
10,126,Ordered,house,60,evacuate,1136
10,126,Random,square,50,evacuate,9131
100,126,Random,square,40,evacuate,1101
100,126,Random,square,90,evacuate,985
10,126,Random,square,80,evacuate,1335
10,126,Random,square,20,stay,1381
10,126,Random,square,100,evacuate,1221
10,126,Random,square,30,stay,6695
10,126,Random,square,40,stay,6135
10,126,Random,square,70,evacuate,11608
100,126,Random,square,30,stay,3807
100,126,Random,square,50,evacuate,1809
10,126,Random,square,90,evacuate,2090
100,126,Random,square,10,stay,1134
10,126,Random,square,10,stay,10422
100,126,Random,square,20,stay,1007
100,126,Random,square,80,evacuate,904
10,126,Random,square,60,evacuate,10929
100,126,Random,square,60,evacuate,1053
100,126,Random,square,70,evacuate,934
100,126,Random,house,10,evacuate,8532
10,126,Random,house,80,evacuate,1926
100,126,Random,house,80,evacuate,1223
100,126,Random,house,30,stay,27048
100,126,Random,house,20,stay,831
10,126,Random,house,90,evacuate,1630
10,126,Random,house,10,stay,1316
10,126,Random,house,50,stay,1090
100,126,Random,house,70,evacuate,1103
10,126,Random,house,30,stay,2806
10,126,Random,house,40,stay,958
100,126,Random,house,50,stay,1340
10,126,Random,house,70,evacuate,2012
100,126,Random,house,90,evacuate,1056
10,126,Random,house,60,stay,1105
100,126,Random,house,40,evacuate,1309
100,126,Random,house,100,evacuate,12537
10,126,Random,house,20,stay,1455
100,126,Random,house,60,stay,2683
100,127,NA,naturalFrequency,10,evacuate,13606
100,127,NA,naturalFrequency,20,evacuate,1504
10,127,NA,naturalFrequency,90,evacuate,1810
10,127,NA,naturalFrequency,70,evacuate,1247
100,127,NA,naturalFrequency,90,evacuate,1172
100,127,NA,naturalFrequency,30,evacuate,2879
10,127,NA,naturalFrequency,60,evacuate,1407
100,127,NA,naturalFrequency,70,evacuate,2287
100,127,NA,naturalFrequency,50,evacuate,1137
10,127,NA,naturalFrequency,80,evacuate,1136
10,127,NA,naturalFrequency,50,evacuate,1027
10,127,NA,naturalFrequency,10,evacuate,1726
100,127,NA,naturalFrequency,80,evacuate,1000
100,127,NA,naturalFrequency,0,stay,1454
100,127,NA,naturalFrequency,40,evacuate,1047
10,127,NA,naturalFrequency,40,evacuate,976
100,127,NA,naturalFrequency,60,evacuate,1019
10,127,NA,naturalFrequency,30,evacuate,1158
10,127,NA,naturalFrequency,20,evacuate,1026
100,127,Ordered,square,40,evacuate,4378
100,127,Ordered,square,30,evacuate,1168
100,127,Ordered,square,50,evacuate,1052
10,127,Ordered,square,100,evacuate,2265
10,127,Ordered,square,90,evacuate,1351
100,127,Ordered,square,80,evacuate,1460
100,127,Ordered,square,20,evacuate,1620
100,127,Ordered,square,10,stay,1176
10,127,Ordered,square,70,evacuate,1482
100,127,Ordered,square,60,evacuate,1169
100,127,Ordered,square,70,evacuate,990
10,127,Ordered,square,40,evacuate,1753
10,127,Ordered,square,60,evacuate,1039
100,127,Ordered,square,90,evacuate,1232
10,127,Ordered,square,20,stay,1477
10,127,Ordered,square,30,evacuate,1012
10,127,Ordered,square,50,evacuate,1011
10,127,Ordered,square,10,stay,1128
10,127,Ordered,square,80,evacuate,1177
100,127,Ordered,house,10,stay,3885
10,127,Ordered,house,30,evacuate,1349
10,127,Ordered,house,50,evacuate,905
10,127,Ordered,house,10,stay,1015
100,127,Ordered,house,20,stay,3304
100,127,Ordered,house,90,evacuate,1057
100,127,Ordered,house,40,evacuate,1330
10,127,Ordered,house,100,evacuate,1606
10,127,Ordered,house,20,stay,1277
100,127,Ordered,house,60,evacuate,1967
100,127,Ordered,house,50,evacuate,954
10,127,Ordered,house,40,evacuate,1578
100,127,Ordered,house,70,evacuate,1877
100,127,Ordered,house,30,evacuate,1335
10,127,Ordered,house,60,evacuate,1198
10,127,Ordered,house,90,evacuate,876
10,127,Ordered,house,80,evacuate,723
10,127,Ordered,house,70,evacuate,918
100,127,Ordered,house,80,evacuate,1428
10,127,Random,square,60,evacuate,1687
10,127,Random,square,30,evacuate,1810
10,127,Random,square,20,stay,1135
100,127,Random,square,20,stay,6048
10,127,Random,square,50,evacuate,1213
100,127,Random,square,90,evacuate,1376
10,127,Random,square,90,evacuate,1606
10,127,Random,square,40,evacuate,969
100,127,Random,square,30,evacuate,1273
10,127,Random,square,10,stay,1308
100,127,Random,square,60,evacuate,1099
100,127,Random,square,70,evacuate,995
100,127,Random,square,0,stay,1148
10,127,Random,square,70,evacuate,1589
10,127,Random,square,80,evacuate,866
100,127,Random,square,10,stay,1668
100,127,Random,square,80,evacuate,927
100,127,Random,square,50,evacuate,1016
100,127,Random,square,40,evacuate,1328
10,127,Random,house,70,evacuate,2008
100,127,Random,house,20,stay,1663
10,127,Random,house,80,evacuate,1256
100,127,Random,house,60,evacuate,1561
10,127,Random,house,30,evacuate,1425
100,127,Random,house,30,evacuate,1658
100,127,Random,house,10,stay,1392
10,127,Random,house,40,evacuate,1315
10,127,Random,house,90,evacuate,808
100,127,Random,house,40,evacuate,1227
10,127,Random,house,10,stay,1278
10,127,Random,house,50,evacuate,1140
100,127,Random,house,90,evacuate,1256
10,127,Random,house,60,evacuate,1184
100,127,Random,house,50,evacuate,1236
10,127,Random,house,20,stay,1280
10,127,Random,house,0,stay,1682
100,127,Random,house,70,evacuate,1411
100,127,Random,house,80,evacuate,1634
10,128,NA,naturalFrequency,50,stay,10671
10,128,NA,naturalFrequency,30,evacuate,3030
100,128,NA,naturalFrequency,30,stay,2849
10,128,NA,naturalFrequency,80,evacuate,6504
10,128,NA,naturalFrequency,10,stay,3083
10,128,NA,naturalFrequency,70,evacuate,1801
100,128,NA,naturalFrequency,20,stay,3616
10,128,NA,naturalFrequency,100,evacuate,2391
100,128,NA,naturalFrequency,40,stay,3184
10,128,NA,naturalFrequency,90,evacuate,3299
100,128,NA,naturalFrequency,10,stay,2151
10,128,NA,naturalFrequency,40,stay,2172
10,128,NA,naturalFrequency,20,stay,3049
10,128,NA,naturalFrequency,60,stay,1560
100,128,NA,naturalFrequency,70,evacuate,2021
100,128,NA,naturalFrequency,80,evacuate,1662
100,128,NA,naturalFrequency,60,stay,3138
100,128,NA,naturalFrequency,90,evacuate,1542
100,128,NA,naturalFrequency,50,stay,1419
100,128,Ordered,square,50,stay,7782
10,128,Ordered,square,10,stay,3201
100,128,Ordered,square,70,evacuate,1703
100,128,Ordered,square,60,evacuate,1508
10,128,Ordered,square,30,stay,1754
10,128,Ordered,square,90,evacuate,1498
10,128,Ordered,square,50,stay,1415
10,128,Ordered,square,20,stay,990
10,128,Ordered,square,70,evacuate,1053
10,128,Ordered,square,40,stay,1754
10,128,Ordered,square,60,stay,2325
100,128,Ordered,square,20,stay,1366
100,128,Ordered,square,10,stay,1154
10,128,Ordered,square,100,evacuate,998
100,128,Ordered,square,90,evacuate,901
100,128,Ordered,square,30,stay,984
100,128,Ordered,square,40,stay,974
100,128,Ordered,square,80,evacuate,881
10,128,Ordered,square,80,evacuate,1907
100,128,Ordered,house,60,stay,6658
10,128,Ordered,house,60,evacuate,2789
100,128,Ordered,house,10,stay,1069
100,128,Ordered,house,70,evacuate,1356
10,128,Ordered,house,90,evacuate,1321
10,128,Ordered,house,70,evacuate,1321
10,128,Ordered,house,30,stay,1158
100,128,Ordered,house,90,evacuate,1069
100,128,Ordered,house,20,stay,1378
100,128,Ordered,house,30,stay,903
10,128,Ordered,house,80,evacuate,1280
100,128,Ordered,house,50,stay,1450
100,128,Ordered,house,80,evacuate,833
10,128,Ordered,house,20,stay,1156
10,128,Ordered,house,40,stay,876
100,128,Ordered,house,40,stay,1160
100,128,Ordered,house,100,evacuate,864
10,128,Ordered,house,50,stay,1803
10,128,Ordered,house,10,stay,1136
10,128,Random,square,90,evacuate,2277
100,128,Random,square,60,evacuate,2893
10,128,Random,square,70,evacuate,1755
100,128,Random,square,30,stay,1190
100,128,Random,square,10,stay,1905
100,128,Random,square,50,evacuate,1245
10,128,Random,square,40,stay,1406
100,128,Random,square,80,evacuate,2000
10,128,Random,square,20,stay,1334
10,128,Random,square,10,stay,1024
10,128,Random,square,50,stay,1003
10,128,Random,square,60,evacuate,861
100,128,Random,square,0,stay,1293
100,128,Random,square,70,evacuate,982
10,128,Random,square,80,evacuate,1191
100,128,Random,square,20,evacuate,1443
100,128,Random,square,90,evacuate,1170
10,128,Random,square,30,stay,1112
100,128,Random,square,40,evacuate,1048
100,128,Random,house,70,evacuate,5232
100,128,Random,house,60,evacuate,1993
100,128,Random,house,10,stay,1090
100,128,Random,house,40,stay,1015
100,128,Random,house,20,stay,1202
10,128,Random,house,10,stay,939
100,128,Random,house,30,stay,1016
10,128,Random,house,60,stay,1057
100,128,Random,house,90,evacuate,803
10,128,Random,house,40,stay,910
10,128,Random,house,80,stay,800
10,128,Random,house,90,evacuate,1204
10,128,Random,house,70,evacuate,1148
100,128,Random,house,80,evacuate,906
10,128,Random,house,100,evacuate,981
10,128,Random,house,50,stay,1062
10,128,Random,house,20,stay,1292
10,128,Random,house,30,stay,1476
100,128,Random,house,50,evacuate,1618
10,129,NA,naturalFrequency,60,evacuate,2820
100,129,NA,naturalFrequency,10,stay,1826
100,129,NA,naturalFrequency,70,evacuate,2923
10,129,NA,naturalFrequency,70,evacuate,1410
100,129,NA,naturalFrequency,60,evacuate,1530
10,129,NA,naturalFrequency,80,stay,1122
10,129,NA,naturalFrequency,50,stay,2021
10,129,NA,naturalFrequency,20,stay,1085
10,129,NA,naturalFrequency,30,stay,815
100,129,NA,naturalFrequency,100,evacuate,2105
100,129,NA,naturalFrequency,90,evacuate,973
100,129,NA,naturalFrequency,40,stay,991
100,129,NA,naturalFrequency,50,stay,5175
100,129,NA,naturalFrequency,20,stay,1188
100,129,NA,naturalFrequency,80,evacuate,1308
10,129,NA,naturalFrequency,40,stay,1167
100,129,NA,naturalFrequency,30,stay,1131
10,129,NA,naturalFrequency,10,stay,928
10,129,NA,naturalFrequency,90,evacuate,1056
100,129,Ordered,square,70,evacuate,1175
10,129,Ordered,square,60,evacuate,1214
10,129,Ordered,square,70,evacuate,1049
100,129,Ordered,square,40,evacuate,975
100,129,Ordered,square,30,stay,919
10,129,Ordered,square,10,stay,926
100,129,Ordered,square,80,evacuate,796
10,129,Ordered,square,50,evacuate,1974
100,129,Ordered,square,0,stay,1057
100,129,Ordered,square,60,evacuate,863
10,129,Ordered,square,90,evacuate,965
10,129,Ordered,square,30,stay,900
100,129,Ordered,square,50,evacuate,1048
10,129,Ordered,square,20,stay,1002
10,129,Ordered,square,80,evacuate,789
100,129,Ordered,square,90,evacuate,834
100,129,Ordered,square,20,stay,870
10,129,Ordered,square,40,stay,1847
100,129,Ordered,square,10,stay,1168
10,129,Ordered,house,60,evacuate,2963
10,129,Ordered,house,70,evacuate,1021
10,129,Ordered,house,50,stay,1195
10,129,Ordered,house,40,stay,1892
100,129,Ordered,house,30,stay,1203
10,129,Ordered,house,90,evacuate,1121
100,129,Ordered,house,10,stay,1086
10,129,Ordered,house,30,stay,917
100,129,Ordered,house,70,evacuate,973
100,129,Ordered,house,60,evacuate,822
100,129,Ordered,house,20,stay,842
100,129,Ordered,house,50,stay,2631
10,129,Ordered,house,80,evacuate,1131
100,129,Ordered,house,90,evacuate,963
100,129,Ordered,house,100,evacuate,787
100,129,Ordered,house,80,evacuate,990
100,129,Ordered,house,40,stay,974
10,129,Ordered,house,10,stay,1243
10,129,Ordered,house,20,stay,769
10,129,Random,square,40,evacuate,2153
10,129,Random,square,80,evacuate,1271
10,129,Random,square,30,stay,1474
100,129,Random,square,30,stay,1187
100,129,Random,square,60,evacuate,1057
100,129,Random,square,50,evacuate,1167
100,129,Random,square,80,evacuate,1420
10,129,Random,square,100,evacuate,1224
10,129,Random,square,90,evacuate,918
10,129,Random,square,70,evacuate,975
100,129,Random,square,70,evacuate,1093
10,129,Random,square,20,stay,1076
100,129,Random,square,20,stay,1037
10,129,Random,square,60,evacuate,2004
10,129,Random,square,50,evacuate,9485
100,129,Random,square,40,stay,2328
100,129,Random,square,10,stay,1178
100,129,Random,square,90,evacuate,1880
10,129,Random,square,10,stay,935
100,129,Random,house,20,stay,1843
100,129,Random,house,60,stay,2454
10,129,Random,house,90,evacuate,1178
100,129,Random,house,90,evacuate,1048
100,129,Random,house,70,evacuate,1083
100,129,Random,house,80,evacuate,2473
10,129,Random,house,80,evacuate,1437
100,129,Random,house,50,stay,1046
100,129,Random,house,10,stay,1093
10,129,Random,house,20,stay,1085
100,129,Random,house,30,stay,1120
100,129,Random,house,40,stay,1148
10,129,Random,house,100,evacuate,1012
10,129,Random,house,30,stay,2753
10,129,Random,house,40,evacuate,1558
10,129,Random,house,70,evacuate,1187
10,129,Random,house,50,evacuate,900
10,129,Random,house,60,evacuate,1065
10,129,Random,house,10,stay,964
100,130,NA,naturalFrequency,30,stay,49575
100,130,NA,naturalFrequency,60,evacuate,2362
10,130,NA,naturalFrequency,20,stay,3056
10,130,NA,naturalFrequency,50,evacuate,1847
10,130,NA,naturalFrequency,70,evacuate,3468
10,130,NA,naturalFrequency,40,evacuate,1503
10,130,NA,naturalFrequency,80,evacuate,1227
100,130,NA,naturalFrequency,20,stay,1868
10,130,NA,naturalFrequency,30,evacuate,1639
100,130,NA,naturalFrequency,80,evacuate,2652
10,130,NA,naturalFrequency,0,stay,1799
100,130,NA,naturalFrequency,90,evacuate,2313
10,130,NA,naturalFrequency,90,evacuate,1461
10,130,NA,naturalFrequency,10,stay,1763
100,130,NA,naturalFrequency,70,evacuate,4309
100,130,NA,naturalFrequency,40,evacuate,2178
100,130,NA,naturalFrequency,10,stay,1290
100,130,NA,naturalFrequency,50,evacuate,1160
10,130,NA,naturalFrequency,60,evacuate,1978
100,130,Ordered,square,40,evacuate,33912
10,130,Ordered,square,30,stay,47019
10,130,Ordered,square,40,evacuate,1422
100,130,Ordered,square,60,evacuate,3226
10,130,Ordered,square,90,evacuate,4484
100,130,Ordered,square,20,stay,2360
10,130,Ordered,square,50,evacuate,1266
10,130,Ordered,square,70,evacuate,3209
10,130,Ordered,square,100,evacuate,858
100,130,Ordered,square,30,stay,1435
10,130,Ordered,square,10,stay,1412
100,130,Ordered,square,50,evacuate,1476
100,130,Ordered,square,80,evacuate,2530
100,130,Ordered,square,70,evacuate,1267
10,130,Ordered,square,60,evacuate,1228
100,130,Ordered,square,90,evacuate,1173
100,130,Ordered,square,10,stay,1387
10,130,Ordered,square,20,stay,1579
10,130,Ordered,square,80,evacuate,1051
100,130,Ordered,house,40,stay,7269
10,130,Ordered,house,40,evacuate,2951
10,130,Ordered,house,50,stay,1945
100,130,Ordered,house,80,evacuate,2471
100,130,Ordered,house,90,evacuate,2154
10,130,Ordered,house,80,evacuate,4323
10,130,Ordered,house,20,stay,1771
10,130,Ordered,house,90,evacuate,1647
100,130,Ordered,house,30,stay,2286
10,130,Ordered,house,60,evacuate,1928
100,130,Ordered,house,60,evacuate,1562
10,130,Ordered,house,30,stay,1849
10,130,Ordered,house,70,evacuate,1853
10,130,Ordered,house,0,stay,2306
100,130,Ordered,house,20,stay,2079
10,130,Ordered,house,10,stay,1637
100,130,Ordered,house,10,stay,1283
100,130,Ordered,house,70,evacuate,7374
100,130,Ordered,house,50,evacuate,1900
10,130,Random,square,20,stay,3836
100,130,Random,square,30,stay,2175
100,130,Random,square,80,evacuate,1199
100,130,Random,square,20,stay,1771
100,130,Random,square,100,evacuate,924
100,130,Random,square,50,evacuate,9986
10,130,Random,square,70,evacuate,1347
10,130,Random,square,60,evacuate,1359
100,130,Random,square,10,stay,2613
10,130,Random,square,90,evacuate,1553
10,130,Random,square,80,evacuate,1009
100,130,Random,square,60,evacuate,2022
100,130,Random,square,90,evacuate,1284
100,130,Random,square,70,evacuate,931
10,130,Random,square,30,stay,1388
10,130,Random,square,50,evacuate,1569
100,130,Random,square,40,stay,1520
10,130,Random,square,10,stay,1211
10,130,Random,square,40,evacuate,1593
100,130,Random,house,10,evacuate,1635
10,130,Random,house,70,evacuate,1431
10,130,Random,house,40,evacuate,1260
10,130,Random,house,30,stay,2919
100,130,Random,house,60,evacuate,1428
10,130,Random,house,20,stay,1208
100,130,Random,house,20,stay,1488
10,130,Random,house,90,evacuate,2134
100,130,Random,house,90,evacuate,9134
100,130,Random,house,50,evacuate,1962
100,130,Random,house,30,evacuate,2409
100,130,Random,house,40,evacuate,3008
10,130,Random,house,80,evacuate,4909
10,130,Random,house,60,evacuate,1202
10,130,Random,house,50,evacuate,1144
10,130,Random,house,100,evacuate,1392
10,130,Random,house,10,stay,2710
100,130,Random,house,70,evacuate,1341
100,130,Random,house,80,evacuate,1396
10,131,NA,naturalFrequency,10,evacuate,11087
100,131,NA,naturalFrequency,70,stay,2005
100,131,NA,naturalFrequency,20,evacuate,3000
10,131,NA,naturalFrequency,50,evacuate,1945
10,131,NA,naturalFrequency,70,evacuate,18935
100,131,NA,naturalFrequency,10,stay,6400
100,131,NA,naturalFrequency,60,evacuate,2840
10,131,NA,naturalFrequency,90,evacuate,3328
100,131,NA,naturalFrequency,90,evacuate,3080
100,131,NA,naturalFrequency,50,stay,3392
10,131,NA,naturalFrequency,80,evacuate,2088
100,131,NA,naturalFrequency,30,stay,2793
10,131,NA,naturalFrequency,60,evacuate,2248
10,131,NA,naturalFrequency,40,stay,6616
10,131,NA,naturalFrequency,30,stay,2504
100,131,NA,naturalFrequency,80,evacuate,3191
10,131,NA,naturalFrequency,0,stay,3264
10,131,NA,naturalFrequency,20,stay,2744
100,131,NA,naturalFrequency,40,stay,2231
100,131,Ordered,square,80,evacuate,16254
100,131,Ordered,square,60,evacuate,13951
10,131,Ordered,square,40,stay,5783
100,131,Ordered,square,40,stay,2704
10,131,Ordered,square,90,evacuate,5184
100,131,Ordered,square,20,stay,4607
10,131,Ordered,square,20,stay,3095
10,131,Ordered,square,30,stay,1728
10,131,Ordered,square,10,stay,1304
10,131,Ordered,square,60,evacuate,2103
100,131,Ordered,square,50,evacuate,2311
100,131,Ordered,square,0,stay,5648
10,131,Ordered,square,70,evacuate,3287
10,131,Ordered,square,50,stay,3688
10,131,Ordered,square,80,evacuate,5392
100,131,Ordered,square,70,stay,4656
100,131,Ordered,square,30,stay,1920
100,131,Ordered,square,10,evacuate,1624
100,131,Ordered,square,90,stay,3104
10,131,Ordered,house,40,stay,13934
10,131,Ordered,house,30,stay,3319
10,131,Ordered,house,10,stay,1478
10,131,Ordered,house,0,stay,1343
100,131,Ordered,house,20,stay,1928
100,131,Ordered,house,10,stay,1514
10,131,Ordered,house,90,evacuate,1775
10,131,Ordered,house,50,stay,2567
10,131,Ordered,house,70,evacuate,2718
100,131,Ordered,house,40,stay,3771
100,131,Ordered,house,60,evacuate,1857
100,131,Ordered,house,50,stay,2531
10,131,Ordered,house,80,evacuate,1984
100,131,Ordered,house,90,evacuate,1604
10,131,Ordered,house,20,stay,1687
10,131,Ordered,house,60,evacuate,1943
100,131,Ordered,house,70,evacuate,2012
100,131,Ordered,house,80,evacuate,1089
100,131,Ordered,house,30,stay,2208
10,131,Random,square,20,stay,4568
100,131,Random,square,60,evacuate,3494
100,131,Random,square,20,stay,1679
100,131,Random,square,50,evacuate,4687
10,131,Random,square,50,stay,7696
10,131,Random,square,80,evacuate,1647
100,131,Random,square,30,stay,1784
100,131,Random,square,70,evacuate,1735
100,131,Random,square,80,evacuate,2015
10,131,Random,square,30,stay,2328
10,131,Random,square,10,stay,1503
100,131,Random,square,10,stay,1512
100,131,Random,square,40,stay,1264
100,131,Random,square,90,evacuate,1016
10,131,Random,square,90,evacuate,1312
10,131,Random,square,60,evacuate,1456
10,131,Random,square,40,stay,5199
10,131,Random,square,70,evacuate,1824
100,131,Random,square,100,evacuate,1439
100,131,Random,house,20,stay,2544
10,131,Random,house,70,evacuate,1791
100,131,Random,house,70,evacuate,4315
10,131,Random,house,80,evacuate,3328
10,131,Random,house,30,stay,2375
10,131,Random,house,10,stay,1547
10,131,Random,house,50,evacuate,4550
100,131,Random,house,80,stay,1802
10,131,Random,house,40,stay,8855
100,131,Random,house,90,evacuate,1826
100,131,Random,house,30,stay,2331
10,131,Random,house,60,evacuate,1704
100,131,Random,house,10,stay,1435
10,131,Random,house,20,stay,2535
10,131,Random,house,90,evacuate,1335
100,131,Random,house,40,stay,1873
100,131,Random,house,50,evacuate,1235
10,131,Random,house,100,evacuate,1419
100,131,Random,house,60,evacuate,1539
100,132,NA,naturalFrequency,40,stay,18832
10,132,NA,naturalFrequency,60,evacuate,3330
10,132,NA,naturalFrequency,70,evacuate,3463
100,132,NA,naturalFrequency,20,stay,8502
100,132,NA,naturalFrequency,10,stay,8671
100,132,NA,naturalFrequency,30,stay,4815
100,132,NA,naturalFrequency,60,evacuate,2944
10,132,NA,naturalFrequency,0,stay,6092
10,132,NA,naturalFrequency,30,stay,3489
100,132,NA,naturalFrequency,90,evacuate,4242
100,132,NA,naturalFrequency,70,evacuate,2762
10,132,NA,naturalFrequency,10,stay,3330
100,132,NA,naturalFrequency,80,evacuate,2027
10,132,NA,naturalFrequency,90,evacuate,1751
10,132,NA,naturalFrequency,80,evacuate,2307
10,132,NA,naturalFrequency,20,stay,3450
10,132,NA,naturalFrequency,40,stay,1912
10,132,NA,naturalFrequency,50,evacuate,2491
100,132,NA,naturalFrequency,50,evacuate,6031
10,132,Ordered,square,50,evacuate,8106
100,132,Ordered,square,20,stay,5376
10,132,Ordered,square,30,stay,6292
100,132,Ordered,square,70,evacuate,2907
100,132,Ordered,square,50,stay,6769
10,132,Ordered,square,40,evacuate,6488
100,132,Ordered,square,80,evacuate,2660
10,132,Ordered,square,60,evacuate,3956
100,132,Ordered,square,30,stay,3119
100,132,Ordered,square,10,stay,2085
10,132,Ordered,square,0,stay,4130
10,132,Ordered,square,90,evacuate,2837
100,132,Ordered,square,60,evacuate,2388
10,132,Ordered,square,10,stay,3635
10,132,Ordered,square,70,evacuate,2292
100,132,Ordered,square,40,stay,4063
100,132,Ordered,square,90,evacuate,3044
10,132,Ordered,square,20,stay,3707
10,132,Ordered,square,80,evacuate,1957
10,132,Ordered,house,50,evacuate,4218
100,132,Ordered,house,10,stay,2655
10,132,Ordered,house,70,evacuate,1948
100,132,Ordered,house,30,stay,3041
100,132,Ordered,house,60,evacuate,2414
10,132,Ordered,house,40,evacuate,3530
10,132,Ordered,house,60,evacuate,2442
10,132,Ordered,house,30,stay,2484
100,132,Ordered,house,50,stay,6245
10,132,Ordered,house,20,stay,1936
100,132,Ordered,house,90,evacuate,2144
10,132,Ordered,house,10,stay,2603
100,132,Ordered,house,70,evacuate,2224
10,132,Ordered,house,90,evacuate,1559
100,132,Ordered,house,20,stay,3103
100,132,Ordered,house,40,stay,4113
100,132,Ordered,house,100,evacuate,2290
100,132,Ordered,house,80,evacuate,2351
10,132,Ordered,house,80,evacuate,2930
100,132,Random,square,60,evacuate,5805
10,132,Random,square,10,stay,2628
100,132,Random,square,70,evacuate,2411
10,132,Random,square,30,stay,3435
100,132,Random,square,30,stay,2004
100,132,Random,square,40,stay,3755
10,132,Random,square,90,evacuate,2579
100,132,Random,square,90,evacuate,3974
10,132,Random,square,100,evacuate,2571
10,132,Random,square,70,stay,1737
100,132,Random,square,10,stay,2675
10,132,Random,square,20,stay,2236
10,132,Random,square,80,evacuate,2895
10,132,Random,square,60,stay,3950
100,132,Random,square,20,stay,2890
10,132,Random,square,50,stay,3482
100,132,Random,square,80,evacuate,3027
10,132,Random,square,40,stay,3884
100,132,Random,square,50,evacuate,3262
100,132,Random,house,60,evacuate,3008
100,132,Random,house,20,stay,2048
100,132,Random,house,30,stay,2298
100,132,Random,house,90,evacuate,1751
100,132,Random,house,10,stay,3046
100,132,Random,house,80,evacuate,1670
10,132,Random,house,50,evacuate,5375
10,132,Random,house,40,evacuate,2836
10,132,Random,house,80,evacuate,1531
10,132,Random,house,60,evacuate,2659
100,132,Random,house,70,evacuate,1646
100,132,Random,house,40,stay,2431
10,132,Random,house,10,stay,2782
10,132,Random,house,90,evacuate,1773
100,132,Random,house,100,evacuate,1840
10,132,Random,house,20,stay,2591
10,132,Random,house,30,stay,1894
10,132,Random,house,70,evacuate,1725
100,132,Random,house,50,evacuate,2256
100,133,NA,naturalFrequency,10,stay,31467
10,133,NA,naturalFrequency,10,evacuate,5943
100,133,NA,naturalFrequency,60,evacuate,5389
100,133,NA,naturalFrequency,100,evacuate,5215
100,133,NA,naturalFrequency,90,evacuate,2261
100,133,NA,naturalFrequency,20,stay,10366
100,133,NA,naturalFrequency,70,evacuate,2507
100,133,NA,naturalFrequency,50,evacuate,2159
10,133,NA,naturalFrequency,80,evacuate,2008
10,133,NA,naturalFrequency,70,evacuate,2636
10,133,NA,naturalFrequency,90,evacuate,2465
10,133,NA,naturalFrequency,20,stay,1571
10,133,NA,naturalFrequency,30,evacuate,5850
100,133,NA,naturalFrequency,30,stay,2757
100,133,NA,naturalFrequency,40,evacuate,3822
100,133,NA,naturalFrequency,80,evacuate,1889
10,133,NA,naturalFrequency,50,evacuate,3304
10,133,NA,naturalFrequency,60,evacuate,2865
10,133,NA,naturalFrequency,40,stay,5692
10,133,Ordered,square,100,stay,9845
100,133,Ordered,square,20,evacuate,3802
100,133,Ordered,square,40,evacuate,2838
10,133,Ordered,square,70,evacuate,3148
10,133,Ordered,square,80,evacuate,1427
100,133,Ordered,square,50,stay,1931
10,133,Ordered,square,50,evacuate,6952
100,133,Ordered,square,10,stay,2918
10,133,Ordered,square,20,stay,3597
100,133,Ordered,square,30,evacuate,5465
10,133,Ordered,square,30,stay,13479
100,133,Ordered,square,70,evacuate,1543
100,133,Ordered,square,60,evacuate,1625
10,133,Ordered,square,10,stay,1550
10,133,Ordered,square,90,evacuate,1417
100,133,Ordered,square,90,evacuate,1589
10,133,Ordered,square,60,evacuate,1588
10,133,Ordered,square,40,stay,1386
100,133,Ordered,square,80,evacuate,1373
100,133,Ordered,house,80,evacuate,6658
10,133,Ordered,house,80,evacuate,1837
10,133,Ordered,house,10,stay,1549
10,133,Ordered,house,30,stay,1694
100,133,Ordered,house,90,evacuate,1607
100,133,Ordered,house,60,evacuate,1465
10,133,Ordered,house,20,stay,1470
100,133,Ordered,house,30,stay,1584
10,133,Ordered,house,100,evacuate,1393
100,133,Ordered,house,70,evacuate,1856
10,133,Ordered,house,90,evacuate,1874
10,133,Ordered,house,70,evacuate,2060
100,133,Ordered,house,10,stay,1584
100,133,Ordered,house,40,stay,1850
100,133,Ordered,house,20,stay,1406
10,133,Ordered,house,60,evacuate,1659
100,133,Ordered,house,50,evacuate,1744
10,133,Ordered,house,40,evacuate,2649
10,133,Ordered,house,50,evacuate,1751
100,133,Random,square,80,evacuate,3528
100,133,Random,square,30,stay,5113
100,133,Random,square,0,evacuate,2319
100,133,Random,square,70,evacuate,1990
100,133,Random,square,90,evacuate,1878
10,133,Random,square,70,evacuate,1810
10,133,Random,square,90,evacuate,6550
10,133,Random,square,20,stay,2285
10,133,Random,square,60,evacuate,1442
100,133,Random,square,20,stay,2002
100,133,Random,square,50,stay,1479
100,133,Random,square,60,evacuate,1650
100,133,Random,square,40,evacuate,1613
100,133,Random,square,10,stay,2364
10,133,Random,square,80,evacuate,2015
10,133,Random,square,40,stay,1811
10,133,Random,square,30,stay,3077
10,133,Random,square,10,stay,1564
10,133,Random,square,50,evacuate,1587
100,133,Random,house,30,stay,5903
10,133,Random,house,90,evacuate,1954
10,133,Random,house,50,stay,1431
100,133,Random,house,90,evacuate,1783
10,133,Random,house,30,stay,2556
10,133,Random,house,80,evacuate,1302
100,133,Random,house,70,evacuate,1696
100,133,Random,house,40,stay,1726
100,133,Random,house,20,stay,1322
100,133,Random,house,60,evacuate,1665
10,133,Random,house,0,stay,5022
10,133,Random,house,70,evacuate,3143
100,133,Random,house,10,stay,2090
100,133,Random,house,80,evacuate,1649
10,133,Random,house,20,stay,1691
10,133,Random,house,60,evacuate,1855
10,133,Random,house,40,stay,1602
100,133,Random,house,50,stay,3324
10,133,Random,house,10,stay,2014
100,134,NA,naturalFrequency,80,evacuate,11283
100,134,NA,naturalFrequency,90,evacuate,3525
10,134,NA,naturalFrequency,50,evacuate,3871
100,134,NA,naturalFrequency,30,stay,2702
100,134,NA,naturalFrequency,70,evacuate,1736
10,134,NA,naturalFrequency,60,evacuate,3695
100,134,NA,naturalFrequency,60,evacuate,1727
10,134,NA,naturalFrequency,10,stay,1674
100,134,NA,naturalFrequency,20,stay,1923
10,134,NA,naturalFrequency,20,stay,1657
100,134,NA,naturalFrequency,10,stay,2163
10,134,NA,naturalFrequency,40,evacuate,2774
100,134,NA,naturalFrequency,50,evacuate,1649
10,134,NA,naturalFrequency,80,evacuate,1533
10,134,NA,naturalFrequency,90,evacuate,1825
10,134,NA,naturalFrequency,70,evacuate,1383
10,134,NA,naturalFrequency,30,stay,2083
100,134,NA,naturalFrequency,100,evacuate,1648
100,134,NA,naturalFrequency,40,evacuate,4326
10,134,Ordered,square,70,evacuate,8639
100,134,Ordered,square,10,stay,1728
10,134,Ordered,square,10,stay,1801
100,134,Ordered,square,30,stay,3671
100,134,Ordered,square,50,evacuate,1339
10,134,Ordered,square,60,evacuate,2659
10,134,Ordered,square,40,evacuate,2918
10,134,Ordered,square,50,evacuate,2057
100,134,Ordered,square,20,stay,1800
10,134,Ordered,square,30,stay,2650
100,134,Ordered,square,60,evacuate,1543
100,134,Ordered,square,70,evacuate,1436
10,134,Ordered,square,80,evacuate,2483
10,134,Ordered,square,20,stay,1855
100,134,Ordered,square,90,evacuate,1569
10,134,Ordered,square,90,evacuate,1677
100,134,Ordered,square,40,evacuate,3556
100,134,Ordered,square,80,evacuate,1276
100,134,Ordered,square,100,evacuate,1161
10,134,Ordered,house,90,evacuate,4291
10,134,Ordered,house,80,evacuate,1329
10,134,Ordered,house,30,stay,1382
10,134,Ordered,house,20,stay,1505
100,134,Ordered,house,10,stay,1643
100,134,Ordered,house,20,stay,1566
10,134,Ordered,house,70,evacuate,1595
10,134,Ordered,house,10,stay,2020
10,134,Ordered,house,60,evacuate,1860
100,134,Ordered,house,70,evacuate,1589
100,134,Ordered,house,40,evacuate,2034
100,134,Ordered,house,90,evacuate,1708
100,134,Ordered,house,50,evacuate,4890
100,134,Ordered,house,80,evacuate,1411
10,134,Ordered,house,40,evacuate,2233
100,134,Ordered,house,30,stay,1768
10,134,Ordered,house,50,evacuate,1683
100,134,Ordered,house,60,evacuate,3371
100,134,Ordered,house,0,stay,1776
100,134,Random,square,90,evacuate,3776
100,134,Random,square,0,stay,1604
10,134,Random,square,10,stay,3796
10,134,Random,square,90,evacuate,1296
100,134,Random,square,30,evacuate,4025
10,134,Random,square,50,evacuate,3821
100,134,Random,square,50,evacuate,1710
10,134,Random,square,70,evacuate,1923
100,134,Random,square,10,stay,1684
100,134,Random,square,70,evacuate,1409
100,134,Random,square,20,stay,3874
10,134,Random,square,80,evacuate,1526
10,134,Random,square,60,evacuate,3095
10,134,Random,square,40,evacuate,2562
100,134,Random,square,40,evacuate,2145
100,134,Random,square,80,evacuate,940
10,134,Random,square,20,stay,1534
100,134,Random,square,60,evacuate,1746
10,134,Random,square,30,stay,3751
100,134,Random,house,70,evacuate,2675
10,134,Random,house,70,evacuate,3014
100,134,Random,house,20,stay,1996
10,134,Random,house,30,stay,1682
10,134,Random,house,90,evacuate,1489
100,134,Random,house,80,evacuate,1567
10,134,Random,house,80,evacuate,2331
100,134,Random,house,30,stay,3326
10,134,Random,house,40,evacuate,2702
100,134,Random,house,50,evacuate,3854
100,134,Random,house,60,evacuate,1031
100,134,Random,house,10,stay,1123
100,134,Random,house,90,evacuate,1238
10,134,Random,house,10,stay,2508
10,134,Random,house,60,evacuate,3660
100,134,Random,house,40,stay,3525
10,134,Random,house,100,evacuate,1639
10,134,Random,house,50,evacuate,2331
10,134,Random,house,20,stay,1177
100,135,NA,naturalFrequency,10,stay,5666
10,135,NA,naturalFrequency,60,evacuate,1634
100,135,NA,naturalFrequency,60,evacuate,1420
100,135,NA,naturalFrequency,40,evacuate,1736
10,135,NA,naturalFrequency,80,evacuate,1257
100,135,NA,naturalFrequency,20,evacuate,2621
100,135,NA,naturalFrequency,30,evacuate,1032
10,135,NA,naturalFrequency,40,evacuate,939
100,135,NA,naturalFrequency,90,evacuate,765
100,135,NA,naturalFrequency,50,evacuate,1018
10,135,NA,naturalFrequency,10,stay,1057
10,135,NA,naturalFrequency,30,evacuate,1364
100,135,NA,naturalFrequency,70,evacuate,949
10,135,NA,naturalFrequency,90,evacuate,873
10,135,NA,naturalFrequency,0,stay,986
100,135,NA,naturalFrequency,80,evacuate,809
10,135,NA,naturalFrequency,70,evacuate,965
10,135,NA,naturalFrequency,20,stay,888
10,135,NA,naturalFrequency,50,evacuate,1578
100,135,Ordered,square,60,evacuate,4292
10,135,Ordered,square,60,evacuate,1422
10,135,Ordered,square,0,stay,964
100,135,Ordered,square,80,evacuate,1002
10,135,Ordered,square,50,evacuate,1274
10,135,Ordered,square,30,evacuate,1767
100,135,Ordered,square,90,evacuate,876
10,135,Ordered,square,20,stay,1100
100,135,Ordered,square,20,stay,3709
10,135,Ordered,square,40,evacuate,1204
100,135,Ordered,square,10,stay,917
10,135,Ordered,square,90,evacuate,938
100,135,Ordered,square,50,evacuate,992
10,135,Ordered,square,10,stay,880
10,135,Ordered,square,80,evacuate,738
10,135,Ordered,square,70,evacuate,820
100,135,Ordered,square,40,evacuate,2543
100,135,Ordered,square,30,stay,2676
100,135,Ordered,square,70,evacuate,695
100,135,Ordered,house,50,evacuate,2228
10,135,Ordered,house,90,evacuate,1034
100,135,Ordered,house,30,evacuate,2634
10,135,Ordered,house,30,evacuate,1334
10,135,Ordered,house,80,evacuate,718
10,135,Ordered,house,40,evacuate,1194
10,135,Ordered,house,70,evacuate,903
100,135,Ordered,house,80,evacuate,993
10,135,Ordered,house,10,stay,993
100,135,Ordered,house,20,stay,1223
100,135,Ordered,house,10,stay,860
100,135,Ordered,house,40,evacuate,929
100,135,Ordered,house,90,evacuate,682
10,135,Ordered,house,60,evacuate,1040
10,135,Ordered,house,50,evacuate,1129
100,135,Ordered,house,70,evacuate,953
100,135,Ordered,house,60,evacuate,822
100,135,Ordered,house,100,evacuate,914
10,135,Ordered,house,20,stay,1333
10,135,Random,square,30,evacuate,3733
100,135,Random,square,40,evacuate,2990
10,135,Random,square,70,evacuate,924
10,135,Random,square,50,evacuate,891
10,135,Random,square,40,evacuate,1058
100,135,Random,square,80,evacuate,1000
10,135,Random,square,100,evacuate,671
100,135,Random,square,60,evacuate,814
10,135,Random,square,10,stay,1064
10,135,Random,square,80,evacuate,746
100,135,Random,square,90,evacuate,962
100,135,Random,square,30,stay,2876
10,135,Random,square,20,stay,2474
100,135,Random,square,50,evacuate,936
100,135,Random,square,10,stay,956
10,135,Random,square,60,evacuate,842
100,135,Random,square,70,evacuate,917
10,135,Random,square,90,evacuate,816
100,135,Random,square,20,stay,1005
100,135,Random,house,80,evacuate,2674
10,135,Random,house,50,evacuate,1101
10,135,Random,house,90,evacuate,671
10,135,Random,house,60,evacuate,884
100,135,Random,house,20,stay,1089
10,135,Random,house,70,evacuate,745
10,135,Random,house,40,evacuate,1354
10,135,Random,house,30,evacuate,1213
100,135,Random,house,30,stay,1959
100,135,Random,house,40,evacuate,1853
100,135,Random,house,60,evacuate,633
100,135,Random,house,10,stay,961
10,135,Random,house,10,stay,1229
10,135,Random,house,80,evacuate,632
10,135,Random,house,0,stay,1110
100,135,Random,house,90,evacuate,857
100,135,Random,house,70,evacuate,885
100,135,Random,house,50,evacuate,1542
10,135,Random,house,20,evacuate,969
100,136,NA,naturalFrequency,20,stay,3385
100,136,NA,naturalFrequency,40,stay,11192
10,136,NA,naturalFrequency,0,evacuate,1674
100,136,NA,naturalFrequency,80,stay,1047
10,136,NA,naturalFrequency,40,stay,1875
10,136,NA,naturalFrequency,50,stay,3973
100,136,NA,naturalFrequency,70,stay,2192
10,136,NA,naturalFrequency,70,stay,2018
10,136,NA,naturalFrequency,30,stay,2484
10,136,NA,naturalFrequency,90,stay,715
10,136,NA,naturalFrequency,60,stay,810
100,136,NA,naturalFrequency,50,stay,1127
100,136,NA,naturalFrequency,10,evacuate,1331
10,136,NA,naturalFrequency,10,stay,865
100,136,NA,naturalFrequency,90,evacuate,1385
100,136,NA,naturalFrequency,60,stay,1372
10,136,NA,naturalFrequency,80,stay,1104
10,136,NA,naturalFrequency,20,stay,1441
100,136,NA,naturalFrequency,30,evacuate,4192
10,136,Ordered,square,90,stay,4323
100,136,Ordered,square,100,evacuate,1212
100,136,Ordered,square,70,stay,1220
100,136,Ordered,square,60,stay,1145
10,136,Ordered,square,80,stay,1954
100,136,Ordered,square,20,stay,2750
100,136,Ordered,square,10,stay,1712
100,136,Ordered,square,50,evacuate,1142
100,136,Ordered,square,30,stay,1431
10,136,Ordered,square,30,stay,1894
10,136,Ordered,square,20,evacuate,1515
10,136,Ordered,square,40,stay,1390
100,136,Ordered,square,40,stay,1034
100,136,Ordered,square,90,stay,752
10,136,Ordered,square,10,stay,1033
10,136,Ordered,square,70,stay,1033
100,136,Ordered,square,80,evacuate,1142
10,136,Ordered,square,60,stay,1279
10,136,Ordered,square,50,stay,1229
100,136,Ordered,house,90,evacuate,54935
100,136,Ordered,house,10,stay,5988
100,136,Ordered,house,20,stay,1656
100,136,Ordered,house,70,stay,2269
100,136,Ordered,house,40,stay,3049
100,136,Ordered,house,80,stay,1844
10,136,Ordered,house,0,evacuate,2068
100,136,Ordered,house,30,stay,1339
10,136,Ordered,house,20,stay,2551
10,136,Ordered,house,60,stay,1154
10,136,Ordered,house,40,stay,1041
100,136,Ordered,house,50,stay,838
10,136,Ordered,house,50,stay,1268
10,136,Ordered,house,80,evacuate,1364
10,136,Ordered,house,30,stay,972
10,136,Ordered,house,10,stay,1116
10,136,Ordered,house,70,evacuate,725
100,136,Ordered,house,60,stay,853
10,136,Ordered,house,90,stay,971
10,136,Random,square,70,stay,4107
100,136,Random,square,70,stay,1066
100,136,Random,square,10,stay,654
100,136,Random,square,30,evacuate,1905
100,136,Random,square,80,evacuate,1782
100,136,Random,square,20,stay,1358
10,136,Random,square,80,evacuate,1562
100,136,Random,square,90,evacuate,2100
100,136,Random,square,60,evacuate,1913
100,136,Random,square,40,stay,1303
10,136,Random,square,100,stay,8331
100,136,Random,square,50,stay,1368
10,136,Random,square,90,evacuate,1813
10,136,Random,square,20,stay,1206
10,136,Random,square,40,stay,1294
10,136,Random,square,30,stay,2968
10,136,Random,square,50,evacuate,1224
10,136,Random,square,10,stay,764
10,136,Random,square,60,stay,1218
10,136,Random,house,10,stay,1476
100,136,Random,house,60,stay,2663
100,136,Random,house,0,stay,3304
100,136,Random,house,70,stay,4367
10,136,Random,house,20,stay,1068
100,136,Random,house,20,stay,6645
10,136,Random,house,50,stay,974
100,136,Random,house,40,stay,1103
100,136,Random,house,50,evacuate,916
100,136,Random,house,80,stay,686
100,136,Random,house,90,stay,640
100,136,Random,house,10,stay,614
10,136,Random,house,70,evacuate,1295
10,136,Random,house,40,stay,893
10,136,Random,house,90,stay,833
10,136,Random,house,80,stay,589
100,136,Random,house,30,evacuate,870
10,136,Random,house,30,stay,908
10,136,Random,house,60,stay,896
10,137,NA,naturalFrequency,50,evacuate,13335
100,137,NA,naturalFrequency,40,evacuate,6525
100,137,NA,naturalFrequency,50,stay,3697
10,137,NA,naturalFrequency,10,evacuate,2298
10,137,NA,naturalFrequency,40,stay,2717
100,137,NA,naturalFrequency,60,stay,2963
10,137,NA,naturalFrequency,20,evacuate,1968
100,137,NA,naturalFrequency,100,evacuate,15754
10,137,NA,naturalFrequency,60,evacuate,11086
10,137,NA,naturalFrequency,80,evacuate,7036
100,137,NA,naturalFrequency,10,stay,16766
100,137,NA,naturalFrequency,80,evacuate,4875
10,137,NA,naturalFrequency,30,stay,11880
100,137,NA,naturalFrequency,90,evacuate,4122
100,137,NA,naturalFrequency,30,stay,7528
100,137,NA,naturalFrequency,70,evacuate,3648
10,137,NA,naturalFrequency,70,evacuate,4435
10,137,NA,naturalFrequency,90,evacuate,3841
100,137,NA,naturalFrequency,20,stay,3611
10,137,Ordered,square,40,stay,21552
100,137,Ordered,square,30,stay,27374
10,137,Ordered,square,50,stay,21923
10,137,Ordered,square,80,evacuate,3010
100,137,Ordered,square,70,evacuate,3242
10,137,Ordered,square,30,stay,9432
100,137,Ordered,square,90,evacuate,3229
10,137,Ordered,square,70,evacuate,11458
100,137,Ordered,square,100,evacuate,3575
10,137,Ordered,square,20,stay,2928
10,137,Ordered,square,10,stay,7623
10,137,Ordered,square,90,evacuate,3817
100,137,Ordered,square,10,stay,4006
100,137,Ordered,square,50,stay,12388
100,137,Ordered,square,60,evacuate,5648
100,137,Ordered,square,40,stay,3486
10,137,Ordered,square,60,evacuate,2669
100,137,Ordered,square,20,stay,3025
100,137,Ordered,square,80,evacuate,2800
10,137,Ordered,house,30,stay,12013
100,137,Ordered,house,40,stay,3901
100,137,Ordered,house,20,stay,2320
10,137,Ordered,house,70,evacuate,2445
10,137,Ordered,house,40,stay,3121
10,137,Ordered,house,20,stay,2179
100,137,Ordered,house,0,stay,2939
10,137,Ordered,house,80,evacuate,1836
100,137,Ordered,house,70,evacuate,2043
100,137,Ordered,house,50,stay,3246
10,137,Ordered,house,10,stay,3018
10,137,Ordered,house,90,evacuate,1894
10,137,Ordered,house,50,stay,4459
10,137,Ordered,house,60,evacuate,2843
100,137,Ordered,house,30,stay,2288
100,137,Ordered,house,90,evacuate,2286
100,137,Ordered,house,80,evacuate,1975
100,137,Ordered,house,10,stay,2023
100,137,Ordered,house,60,evacuate,3891
10,137,Random,square,50,stay,5299
10,137,Random,square,70,evacuate,2460
10,137,Random,square,10,stay,3414
100,137,Random,square,70,evacuate,2646
100,137,Random,square,10,stay,4113
10,137,Random,square,90,stay,2484
10,137,Random,square,80,evacuate,4560
10,137,Random,square,40,stay,2237
100,137,Random,square,30,stay,5017
100,137,Random,square,40,stay,2414
100,137,Random,square,90,evacuate,2675
10,137,Random,square,0,stay,2586
100,137,Random,square,60,evacuate,3111
100,137,Random,square,50,stay,27910
100,137,Random,square,20,stay,2701
10,137,Random,square,60,evacuate,5241
100,137,Random,square,80,evacuate,2789
10,137,Random,square,20,stay,2458
10,137,Random,square,30,stay,2417
10,137,Random,house,60,evacuate,5607
100,137,Random,house,90,evacuate,2756
10,137,Random,house,30,stay,2537
100,137,Random,house,20,stay,2512
100,137,Random,house,10,stay,2723
100,137,Random,house,50,stay,25444
10,137,Random,house,90,evacuate,2685
100,137,Random,house,80,evacuate,3306
10,137,Random,house,40,stay,2094
100,137,Random,house,60,evacuate,5250
10,137,Random,house,50,stay,6020
10,137,Random,house,20,stay,4255
10,137,Random,house,70,evacuate,5504
100,137,Random,house,40,stay,2573
10,137,Random,house,80,evacuate,2682
100,137,Random,house,100,evacuate,2451
100,137,Random,house,70,evacuate,1930
10,137,Random,house,10,stay,2629
100,137,Random,house,30,stay,3038
100,138,NA,naturalFrequency,10,stay,6784
100,138,NA,naturalFrequency,20,stay,1486
10,138,NA,naturalFrequency,30,stay,3621
100,138,NA,naturalFrequency,70,evacuate,1328
10,138,NA,naturalFrequency,10,stay,1724
10,138,NA,naturalFrequency,50,evacuate,1039
10,138,NA,naturalFrequency,40,evacuate,2434
100,138,NA,naturalFrequency,50,evacuate,2328
10,138,NA,naturalFrequency,100,evacuate,1402
100,138,NA,naturalFrequency,30,stay,2098
100,138,NA,naturalFrequency,40,evacuate,1957
100,138,NA,naturalFrequency,60,evacuate,988
10,138,NA,naturalFrequency,90,evacuate,974
10,138,NA,naturalFrequency,80,evacuate,878
100,138,NA,naturalFrequency,80,evacuate,802
10,138,NA,naturalFrequency,20,stay,1201
10,138,NA,naturalFrequency,60,evacuate,1042
100,138,NA,naturalFrequency,90,evacuate,800
10,138,NA,naturalFrequency,70,evacuate,881
10,138,Ordered,square,10,stay,2651
10,138,Ordered,square,70,evacuate,1623
10,138,Ordered,square,40,evacuate,3828
100,138,Ordered,square,60,evacuate,1575
10,138,Ordered,square,60,evacuate,1688
10,138,Ordered,square,50,evacuate,1342
10,138,Ordered,square,30,stay,1378
10,138,Ordered,square,80,evacuate,1174
100,138,Ordered,square,70,evacuate,1294
100,138,Ordered,square,10,stay,1142
100,138,Ordered,square,50,evacuate,1688
100,138,Ordered,square,100,evacuate,1190
100,138,Ordered,square,40,evacuate,5465
100,138,Ordered,square,30,stay,1466
100,138,Ordered,square,90,evacuate,1330
10,138,Ordered,square,20,stay,1337
100,138,Ordered,square,20,stay,1601
100,138,Ordered,square,80,evacuate,1152
10,138,Ordered,square,90,evacuate,1278
100,138,Ordered,house,90,evacuate,3092
100,138,Ordered,house,80,evacuate,1227
10,138,Ordered,house,30,stay,1596
100,138,Ordered,house,60,evacuate,1406
100,138,Ordered,house,0,stay,1107
100,138,Ordered,house,30,evacuate,1404
100,138,Ordered,house,10,stay,1376
10,138,Ordered,house,80,evacuate,1242
100,138,Ordered,house,70,evacuate,1261
10,138,Ordered,house,70,evacuate,1427
100,138,Ordered,house,40,stay,1614
10,138,Ordered,house,10,stay,1325
10,138,Ordered,house,20,stay,1206
10,138,Ordered,house,60,evacuate,825
10,138,Ordered,house,50,evacuate,1102
100,138,Ordered,house,20,stay,1353
100,138,Ordered,house,50,evacuate,1156
10,138,Ordered,house,40,evacuate,2162
10,138,Ordered,house,90,evacuate,894
100,138,Random,square,40,evacuate,3277
10,138,Random,square,0,stay,1378
100,138,Random,square,70,evacuate,1150
10,138,Random,square,70,evacuate,1127
100,138,Random,square,60,evacuate,1123
10,138,Random,square,10,stay,1006
10,138,Random,square,50,evacuate,1127
100,138,Random,square,80,evacuate,1162
100,138,Random,square,10,stay,1044
100,138,Random,square,20,stay,1141
100,138,Random,square,50,evacuate,1106
10,138,Random,square,60,evacuate,1127
10,138,Random,square,40,evacuate,1947
10,138,Random,square,80,evacuate,755
10,138,Random,square,20,stay,948
10,138,Random,square,90,evacuate,1048
100,138,Random,square,90,evacuate,1295
100,138,Random,square,30,stay,1996
10,138,Random,square,30,stay,1436
10,138,Random,house,40,evacuate,3298
10,138,Random,house,20,stay,1195
100,138,Random,house,80,evacuate,1240
100,138,Random,house,50,evacuate,1400
10,138,Random,house,90,evacuate,1137
10,138,Random,house,50,evacuate,1201
100,138,Random,house,60,evacuate,1200
10,138,Random,house,70,evacuate,1259
10,138,Random,house,80,evacuate,786
100,138,Random,house,70,evacuate,1139
10,138,Random,house,10,stay,1072
100,138,Random,house,30,stay,2439
10,138,Random,house,60,evacuate,1221
100,138,Random,house,20,stay,1511
100,138,Random,house,40,evacuate,981
10,138,Random,house,0,stay,1062
100,138,Random,house,10,stay,1407
100,138,Random,house,90,evacuate,1052
10,138,Random,house,30,stay,1463
10,139,NA,naturalFrequency,10,stay,6438
100,139,NA,naturalFrequency,60,evacuate,2545
10,139,NA,naturalFrequency,90,evacuate,2671
100,139,NA,naturalFrequency,40,evacuate,1447
100,139,NA,naturalFrequency,70,evacuate,1397
10,139,NA,naturalFrequency,40,evacuate,1398
100,139,NA,naturalFrequency,20,evacuate,1387
10,139,NA,naturalFrequency,80,evacuate,1282
10,139,NA,naturalFrequency,50,evacuate,1369
100,139,NA,naturalFrequency,90,evacuate,1445
100,139,NA,naturalFrequency,30,evacuate,1196
100,139,NA,naturalFrequency,80,evacuate,1678
10,139,NA,naturalFrequency,30,stay,1937
100,139,NA,naturalFrequency,10,stay,2874
10,139,NA,naturalFrequency,20,stay,1801
10,139,NA,naturalFrequency,60,evacuate,2110
100,139,NA,naturalFrequency,50,evacuate,2872
10,139,NA,naturalFrequency,100,evacuate,1591
10,139,NA,naturalFrequency,70,evacuate,1070
10,139,Ordered,square,50,evacuate,8161
10,139,Ordered,square,40,stay,2351
10,139,Ordered,square,20,stay,1128
100,139,Ordered,square,50,stay,1686
100,139,Ordered,square,90,evacuate,1820
10,139,Ordered,square,100,stay,4732
100,139,Ordered,square,80,evacuate,3517
10,139,Ordered,square,90,evacuate,1407
10,139,Ordered,square,30,stay,1677
100,139,Ordered,square,70,evacuate,3508
100,139,Ordered,square,30,stay,1213
100,139,Ordered,square,20,stay,1041
100,139,Ordered,square,10,stay,1050
10,139,Ordered,square,60,evacuate,2188
10,139,Ordered,square,80,evacuate,1340
10,139,Ordered,square,10,stay,2901
10,139,Ordered,square,70,evacuate,1754
100,139,Ordered,square,60,stay,1705
100,139,Ordered,square,40,stay,1638
100,139,Ordered,house,90,stay,4527
10,139,Ordered,house,80,stay,1589
100,139,Ordered,house,30,evacuate,1905
100,139,Ordered,house,80,stay,1751
10,139,Ordered,house,50,stay,2118
100,139,Ordered,house,20,stay,1847
10,139,Ordered,house,10,stay,2158
100,139,Ordered,house,50,stay,1682
10,139,Ordered,house,60,evacuate,1463
10,139,Ordered,house,70,evacuate,1166
100,139,Ordered,house,40,stay,1982
10,139,Ordered,house,20,stay,1704
10,139,Ordered,house,30,stay,1792
10,139,Ordered,house,90,evacuate,1899
100,139,Ordered,house,100,evacuate,1701
10,139,Ordered,house,40,stay,1821
100,139,Ordered,house,60,stay,1982
100,139,Ordered,house,70,evacuate,1943
100,139,Ordered,house,10,stay,1432
100,139,Random,square,70,evacuate,4297
10,139,Random,square,20,stay,5049
10,139,Random,square,90,evacuate,1233
100,139,Random,square,10,stay,1906
10,139,Random,square,40,stay,18277
10,139,Random,square,10,stay,1377
10,139,Random,square,50,evacuate,1397
10,139,Random,square,80,evacuate,1609
10,139,Random,square,60,evacuate,1502
100,139,Random,square,60,evacuate,2274
10,139,Random,square,100,evacuate,1590
100,139,Random,square,20,stay,1821
100,139,Random,square,40,evacuate,2023
10,139,Random,square,30,stay,1369
100,139,Random,square,30,stay,1541
100,139,Random,square,90,evacuate,1445
100,139,Random,square,80,stay,1060
10,139,Random,square,70,stay,1600
100,139,Random,square,50,evacuate,1426
10,139,Random,house,70,evacuate,2994
100,139,Random,house,30,stay,2559
100,139,Random,house,80,evacuate,1440
100,139,Random,house,60,evacuate,2270
10,139,Random,house,20,stay,1667
100,139,Random,house,40,stay,1770
100,139,Random,house,50,evacuate,1480
10,139,Random,house,80,evacuate,2582
10,139,Random,house,10,stay,1570
10,139,Random,house,30,stay,1041
100,139,Random,house,90,evacuate,1471
100,139,Random,house,70,evacuate,1239
100,139,Random,house,100,evacuate,1616
100,139,Random,house,10,stay,1230
10,139,Random,house,90,evacuate,1541
100,139,Random,house,20,stay,1567
10,139,Random,house,60,stay,1851
10,139,Random,house,50,stay,1291
10,139,Random,house,40,stay,1406
10,142,NA,naturalFrequency,40,evacuate,19173
100,142,NA,naturalFrequency,10,stay,8293
10,142,NA,naturalFrequency,80,evacuate,3529
10,142,NA,naturalFrequency,90,evacuate,3938
10,142,NA,naturalFrequency,100,evacuate,2721
10,142,NA,naturalFrequency,60,evacuate,1692
100,142,NA,naturalFrequency,40,evacuate,3110
100,142,NA,naturalFrequency,20,stay,4191
10,142,NA,naturalFrequency,70,evacuate,1788
10,142,NA,naturalFrequency,20,evacuate,2098
100,142,NA,naturalFrequency,60,evacuate,1585
10,142,NA,naturalFrequency,50,evacuate,1381
100,142,NA,naturalFrequency,90,evacuate,1254
100,142,NA,naturalFrequency,50,evacuate,1477
10,142,NA,naturalFrequency,30,stay,5726
10,142,NA,naturalFrequency,10,stay,2078
100,142,NA,naturalFrequency,70,evacuate,1386
100,142,NA,naturalFrequency,30,evacuate,2148
100,142,NA,naturalFrequency,80,evacuate,994
10,142,Ordered,square,20,evacuate,6027
10,142,Ordered,square,60,evacuate,1108
100,142,Ordered,square,100,evacuate,2429
100,142,Ordered,square,80,evacuate,1146
100,142,Ordered,square,20,stay,3179
10,142,Ordered,square,40,evacuate,2223
10,142,Ordered,square,30,evacuate,1790
100,142,Ordered,square,40,evacuate,1380
100,142,Ordered,square,50,evacuate,943
100,142,Ordered,square,60,evacuate,873
10,142,Ordered,square,70,evacuate,1274
100,142,Ordered,square,10,stay,1516
10,142,Ordered,square,90,evacuate,1138
100,142,Ordered,square,30,evacuate,1418
10,142,Ordered,square,10,stay,1350
100,142,Ordered,square,70,evacuate,1252
10,142,Ordered,square,80,evacuate,1185
100,142,Ordered,square,90,evacuate,1157
10,142,Ordered,square,50,evacuate,1001
10,142,Ordered,house,30,evacuate,2773
100,142,Ordered,house,80,evacuate,1385
100,142,Ordered,house,70,evacuate,948
100,142,Ordered,house,50,evacuate,896
100,142,Ordered,house,90,evacuate,938
100,142,Ordered,house,40,evacuate,1094
10,142,Ordered,house,60,evacuate,1840
10,142,Ordered,house,10,stay,1739
100,142,Ordered,house,20,evacuate,2785
100,142,Ordered,house,10,stay,1235
10,142,Ordered,house,40,evacuate,1531
10,142,Ordered,house,20,stay,2675
10,142,Ordered,house,90,evacuate,1048
100,142,Ordered,house,30,evacuate,1383
100,142,Ordered,house,60,evacuate,978
10,142,Ordered,house,70,evacuate,1214
10,142,Ordered,house,50,evacuate,1060
10,142,Ordered,house,100,evacuate,912
10,142,Ordered,house,80,evacuate,873
10,142,Random,square,70,evacuate,4295
100,142,Random,square,60,evacuate,1174
10,142,Random,square,20,stay,1897
10,142,Random,square,50,evacuate,961
100,142,Random,square,40,evacuate,1311
100,142,Random,square,70,evacuate,844
10,142,Random,square,40,evacuate,2653
100,142,Random,square,10,stay,1361
10,142,Random,square,30,evacuate,2975
100,142,Random,square,50,evacuate,1194
100,142,Random,square,100,evacuate,815
10,142,Random,square,10,stay,1478
100,142,Random,square,20,evacuate,1778
10,142,Random,square,80,evacuate,1545
100,142,Random,square,80,evacuate,1155
100,142,Random,square,90,evacuate,835
10,142,Random,square,60,evacuate,1168
10,142,Random,square,90,evacuate,827
100,142,Random,square,30,evacuate,1178
10,142,Random,house,100,evacuate,1765
100,142,Random,house,70,evacuate,1443
100,142,Random,house,90,evacuate,845
10,142,Random,house,90,evacuate,1100
10,142,Random,house,10,stay,1736
100,142,Random,house,30,evacuate,1561
10,142,Random,house,20,evacuate,3420
100,142,Random,house,80,evacuate,1114
100,142,Random,house,10,evacuate,1742
100,142,Random,house,50,evacuate,888
100,142,Random,house,60,evacuate,797
10,142,Random,house,30,evacuate,1378
10,142,Random,house,70,evacuate,813
10,142,Random,house,80,evacuate,817
100,142,Random,house,40,evacuate,1154
100,142,Random,house,20,evacuate,812
10,142,Random,house,60,evacuate,1146
10,142,Random,house,50,evacuate,863
10,142,Random,house,40,evacuate,893
100,143,NA,naturalFrequency,50,evacuate,7468
10,143,NA,naturalFrequency,30,evacuate,9806
10,143,NA,naturalFrequency,90,evacuate,2117
10,143,NA,naturalFrequency,20,stay,1218
10,143,NA,naturalFrequency,40,stay,1940
100,143,NA,naturalFrequency,30,evacuate,1965
10,143,NA,naturalFrequency,10,stay,1605
10,143,NA,naturalFrequency,50,evacuate,2759
100,143,NA,naturalFrequency,90,evacuate,2585
100,143,NA,naturalFrequency,70,evacuate,2086
100,143,NA,naturalFrequency,20,stay,1990
100,143,NA,naturalFrequency,60,evacuate,1791
10,143,NA,naturalFrequency,60,stay,1597
100,143,NA,naturalFrequency,80,evacuate,1393
10,143,NA,naturalFrequency,70,stay,1500
100,143,NA,naturalFrequency,40,evacuate,1652
10,143,NA,naturalFrequency,80,evacuate,1998
10,143,NA,naturalFrequency,100,evacuate,1372
100,143,NA,naturalFrequency,10,evacuate,1553
100,143,Ordered,square,0,evacuate,5953
10,143,Ordered,square,90,stay,2286
10,143,Ordered,square,50,stay,14324
100,143,Ordered,square,50,stay,1336
10,143,Ordered,square,10,evacuate,1442
10,143,Ordered,square,30,stay,1898
10,143,Ordered,square,80,evacuate,1334
10,143,Ordered,square,40,stay,1073
10,143,Ordered,square,70,evacuate,1261
100,143,Ordered,square,90,evacuate,1233
100,143,Ordered,square,70,evacuate,1065
100,143,Ordered,square,80,evacuate,1220
100,143,Ordered,square,60,evacuate,934
100,143,Ordered,square,40,stay,1019
100,143,Ordered,square,10,stay,933
10,143,Ordered,square,60,evacuate,1558
10,143,Ordered,square,20,stay,1571
100,143,Ordered,square,20,stay,1697
100,143,Ordered,square,30,stay,1184
10,143,Ordered,house,50,evacuate,4528
100,143,Ordered,house,10,stay,2177
100,143,Ordered,house,80,evacuate,1202
100,143,Ordered,house,60,evacuate,1587
10,143,Ordered,house,70,evacuate,2048
100,143,Ordered,house,30,stay,1484
10,143,Ordered,house,10,stay,1334
10,143,Ordered,house,30,stay,1114
100,143,Ordered,house,20,stay,1550
100,143,Ordered,house,50,evacuate,1080
10,143,Ordered,house,40,stay,2292
100,143,Ordered,house,40,stay,1656
10,143,Ordered,house,60,evacuate,2061
10,143,Ordered,house,0,stay,1885
10,143,Ordered,house,20,stay,996
10,143,Ordered,house,80,evacuate,1503
100,143,Ordered,house,90,evacuate,1389
100,143,Ordered,house,70,evacuate,1028
10,143,Ordered,house,90,evacuate,1759
100,143,Random,square,10,stay,2349
100,143,Random,square,90,evacuate,1088
100,143,Random,square,70,evacuate,1366
10,143,Random,square,80,evacuate,1551
100,143,Random,square,20,stay,1355
10,143,Random,square,70,evacuate,1334
10,143,Random,square,50,evacuate,1768
100,143,Random,square,80,evacuate,2179
10,143,Random,square,10,stay,1218
100,143,Random,square,60,evacuate,1226
100,143,Random,square,30,stay,1574
10,143,Random,square,60,evacuate,2225
100,143,Random,square,40,stay,1664
10,143,Random,square,90,evacuate,1509
10,143,Random,square,30,stay,920
100,143,Random,square,100,evacuate,1170
100,143,Random,square,50,evacuate,1293
10,143,Random,square,40,evacuate,3535
10,143,Random,square,20,stay,2145
100,143,Random,house,40,evacuate,2476
100,143,Random,house,10,stay,1240
10,143,Random,house,10,stay,1893
100,143,Random,house,30,stay,1474
10,143,Random,house,50,evacuate,4133
10,143,Random,house,20,stay,2272
100,143,Random,house,60,evacuate,1979
100,143,Random,house,20,stay,1364
100,143,Random,house,90,evacuate,1310
10,143,Random,house,30,stay,1480
10,143,Random,house,90,evacuate,1191
100,143,Random,house,80,evacuate,1492
10,143,Random,house,60,evacuate,2124
10,143,Random,house,70,evacuate,1225
100,143,Random,house,70,evacuate,1721
10,143,Random,house,80,evacuate,1550
10,143,Random,house,0,stay,1447
10,143,Random,house,40,stay,1275
100,143,Random,house,50,stay,1515
100,144,NA,naturalFrequency,70,evacuate,10224
100,144,NA,naturalFrequency,50,stay,12449
10,144,NA,naturalFrequency,60,evacuate,6129
100,144,NA,naturalFrequency,40,evacuate,11084
10,144,NA,naturalFrequency,40,stay,4631
100,144,NA,naturalFrequency,80,stay,4989
10,144,NA,naturalFrequency,0,stay,26209
100,144,NA,naturalFrequency,10,stay,11724
100,144,NA,naturalFrequency,90,evacuate,2251
100,144,NA,naturalFrequency,20,stay,2162
10,144,NA,naturalFrequency,90,evacuate,2510
10,144,NA,naturalFrequency,50,evacuate,4426
10,144,NA,naturalFrequency,20,stay,3092
10,144,NA,naturalFrequency,30,stay,1725
100,144,NA,naturalFrequency,60,stay,3408
10,144,NA,naturalFrequency,10,stay,1767
10,144,NA,naturalFrequency,80,evacuate,1610
10,144,NA,naturalFrequency,70,evacuate,1560
100,144,NA,naturalFrequency,30,stay,1744
100,144,Ordered,square,70,evacuate,9618
100,144,Ordered,square,20,stay,2700
10,144,Ordered,square,90,evacuate,2524
10,144,Ordered,square,50,stay,2870
10,144,Ordered,square,60,evacuate,2324
10,144,Ordered,square,20,stay,3609
100,144,Ordered,square,60,evacuate,5660
10,144,Ordered,square,100,evacuate,5728
10,144,Ordered,square,10,stay,2086
100,144,Ordered,square,80,evacuate,1561
10,144,Ordered,square,40,stay,2039
100,144,Ordered,square,40,stay,2024
100,144,Ordered,square,90,evacuate,1705
100,144,Ordered,square,10,stay,1570
10,144,Ordered,square,70,evacuate,2004
100,144,Ordered,square,50,evacuate,2694
100,144,Ordered,square,30,stay,2062
10,144,Ordered,square,80,evacuate,1900
10,144,Ordered,square,30,stay,1864
10,144,Ordered,house,30,evacuate,7829
10,144,Ordered,house,10,stay,1715
10,144,Ordered,house,70,evacuate,1676
100,144,Ordered,house,30,stay,1851
10,144,Ordered,house,50,stay,2265
10,144,Ordered,house,40,stay,1838
100,144,Ordered,house,100,stay,3889
10,144,Ordered,house,90,evacuate,2388
100,144,Ordered,house,80,evacuate,1407
10,144,Ordered,house,80,stay,41262
100,144,Ordered,house,50,evacuate,1505
100,144,Ordered,house,20,stay,1864
100,144,Ordered,house,70,evacuate,2797
100,144,Ordered,house,60,evacuate,2523
10,144,Ordered,house,60,stay,1615
100,144,Ordered,house,40,evacuate,1062
100,144,Ordered,house,90,evacuate,1569
100,144,Ordered,house,10,stay,1632
10,144,Ordered,house,20,stay,1886
10,144,Random,square,10,evacuate,2683
10,144,Random,square,30,stay,1872
100,144,Random,square,40,evacuate,9699
100,144,Random,square,100,evacuate,1407
10,144,Random,square,50,evacuate,4704
100,144,Random,square,20,stay,2445
100,144,Random,square,10,stay,21170
100,144,Random,square,70,evacuate,2577
10,144,Random,square,60,stay,2590
10,144,Random,square,40,stay,3536
10,144,Random,square,70,evacuate,1699
100,144,Random,square,80,evacuate,1197
100,144,Random,square,50,evacuate,1709
100,144,Random,square,60,evacuate,2443
10,144,Random,square,20,stay,1647
100,144,Random,square,30,evacuate,1654
100,144,Random,square,90,evacuate,1204
10,144,Random,square,80,evacuate,3396
10,144,Random,square,90,evacuate,1935
10,144,Random,house,30,stay,5701
10,144,Random,house,80,evacuate,1507
100,144,Random,house,60,evacuate,2362
100,144,Random,house,20,evacuate,1583
100,144,Random,house,70,evacuate,1119
10,144,Random,house,50,evacuate,1729
100,144,Random,house,10,evacuate,5675
10,144,Random,house,60,stay,32894
10,144,Random,house,20,evacuate,1742
100,144,Random,house,50,evacuate,1794
10,144,Random,house,70,stay,1425
100,144,Random,house,90,evacuate,1061
10,144,Random,house,90,evacuate,1418
100,144,Random,house,30,stay,1526
10,144,Random,house,10,stay,1561
100,144,Random,house,80,evacuate,1279
10,144,Random,house,100,stay,17046
10,144,Random,house,40,stay,40288
100,144,Random,house,40,stay,10922
10,145,NA,naturalFrequency,50,evacuate,5097
10,145,NA,naturalFrequency,10,stay,1786
10,145,NA,naturalFrequency,20,stay,2867
10,145,NA,naturalFrequency,40,evacuate,1625
100,145,NA,naturalFrequency,60,evacuate,2792
100,145,NA,naturalFrequency,70,evacuate,2298
10,145,NA,naturalFrequency,30,stay,2344
100,145,NA,naturalFrequency,50,evacuate,2360
100,145,NA,naturalFrequency,30,stay,3620
10,145,NA,naturalFrequency,60,evacuate,1688
10,145,NA,naturalFrequency,70,evacuate,1856
100,145,NA,naturalFrequency,40,evacuate,2251
100,145,NA,naturalFrequency,90,evacuate,1456
100,145,NA,naturalFrequency,80,evacuate,3111
10,145,NA,naturalFrequency,80,evacuate,2240
10,145,NA,naturalFrequency,100,evacuate,1601
10,145,NA,naturalFrequency,90,evacuate,1576
100,145,NA,naturalFrequency,20,stay,1936
100,145,NA,naturalFrequency,10,stay,1647
100,145,Ordered,square,80,stay,3354
100,145,Ordered,square,10,evacuate,6422
100,145,Ordered,square,30,evacuate,2285
10,145,Ordered,square,50,evacuate,2271
10,145,Ordered,square,80,evacuate,5761
100,145,Ordered,square,50,evacuate,1960
10,145,Ordered,square,30,stay,2016
10,145,Ordered,square,60,evacuate,1502
100,145,Ordered,square,60,evacuate,2759
10,145,Ordered,square,70,evacuate,1600
10,145,Ordered,square,40,evacuate,2396
100,145,Ordered,square,20,stay,2688
10,145,Ordered,square,20,stay,1965
100,145,Ordered,square,70,evacuate,2211
10,145,Ordered,square,10,stay,1505
100,145,Ordered,square,100,evacuate,1503
10,145,Ordered,square,90,evacuate,1784
100,145,Ordered,square,40,evacuate,2679
100,145,Ordered,square,90,evacuate,1631
100,145,Ordered,house,60,evacuate,4398
10,145,Ordered,house,40,evacuate,2365
10,145,Ordered,house,80,evacuate,1183
10,145,Ordered,house,60,evacuate,1196
100,145,Ordered,house,90,evacuate,1506
10,145,Ordered,house,50,evacuate,1733
100,145,Ordered,house,70,evacuate,1374
100,145,Ordered,house,30,stay,2054
100,145,Ordered,house,50,evacuate,1125
10,145,Ordered,house,70,evacuate,1688
10,145,Ordered,house,90,evacuate,1352
100,145,Ordered,house,10,stay,1305
100,145,Ordered,house,40,evacuate,1861
10,145,Ordered,house,20,stay,1410
100,145,Ordered,house,80,evacuate,1701
10,145,Ordered,house,10,stay,1297
10,145,Ordered,house,0,stay,1105
10,145,Ordered,house,30,stay,1746
100,145,Ordered,house,20,stay,1861
10,145,Random,square,30,stay,2734
10,145,Random,square,40,evacuate,1199
10,145,Random,square,90,evacuate,1130
10,145,Random,square,10,stay,1231
100,145,Random,square,70,evacuate,1785
10,145,Random,square,70,evacuate,1607
10,145,Random,square,20,stay,1698
100,145,Random,square,30,evacuate,2490
10,145,Random,square,60,evacuate,1730
10,145,Random,square,50,evacuate,1410
100,145,Random,square,50,evacuate,1695
100,145,Random,square,10,stay,1224
100,145,Random,square,60,evacuate,1009
100,145,Random,square,40,evacuate,1537
100,145,Random,square,90,evacuate,1151
10,145,Random,square,80,evacuate,1766
100,145,Random,square,20,stay,1457
100,145,Random,square,0,stay,1498
100,145,Random,square,80,evacuate,1577
10,145,Random,house,40,evacuate,2366
100,145,Random,house,40,evacuate,1790
100,145,Random,house,60,evacuate,1499
100,145,Random,house,50,evacuate,2004
10,145,Random,house,60,evacuate,1495
100,145,Random,house,70,evacuate,1485
10,145,Random,house,80,evacuate,1339
100,145,Random,house,90,evacuate,1268
10,145,Random,house,90,evacuate,1117
10,145,Random,house,50,evacuate,1370
10,145,Random,house,70,evacuate,1247
10,145,Random,house,20,stay,1172
10,145,Random,house,10,stay,1065
10,145,Random,house,0,stay,905
10,145,Random,house,30,stay,1281
100,145,Random,house,30,evacuate,1734
100,145,Random,house,10,stay,1204
100,145,Random,house,80,evacuate,1063
100,145,Random,house,20,stay,1692
100,146,NA,naturalFrequency,20,evacuate,18461
10,146,NA,naturalFrequency,20,stay,9030
10,146,NA,naturalFrequency,60,evacuate,7927
100,146,NA,naturalFrequency,30,stay,8432
10,146,NA,naturalFrequency,50,stay,5882
100,146,NA,naturalFrequency,90,evacuate,5324
10,146,NA,naturalFrequency,90,evacuate,6878
100,146,NA,naturalFrequency,50,stay,1630
10,146,NA,naturalFrequency,70,evacuate,2811
100,146,NA,naturalFrequency,60,evacuate,2371
10,146,NA,naturalFrequency,10,stay,1633
100,146,NA,naturalFrequency,80,stay,2776
10,146,NA,naturalFrequency,40,stay,15828
10,146,NA,naturalFrequency,30,evacuate,1308
100,146,NA,naturalFrequency,70,stay,1265
10,146,NA,naturalFrequency,80,evacuate,1251
100,146,NA,naturalFrequency,10,stay,1280
100,146,NA,naturalFrequency,100,evacuate,9402
100,146,NA,naturalFrequency,40,stay,2667
10,146,Ordered,square,30,stay,10800
10,146,Ordered,square,40,stay,2086
100,146,Ordered,square,60,stay,3213
10,146,Ordered,square,20,stay,1820
100,146,Ordered,square,80,stay,3274
10,146,Ordered,square,90,stay,3137
100,146,Ordered,square,70,evacuate,2173
100,146,Ordered,square,20,evacuate,2275
100,146,Ordered,square,90,stay,1749
10,146,Ordered,square,10,evacuate,1783
100,146,Ordered,square,40,stay,2117
10,146,Ordered,square,50,evacuate,1451
10,146,Ordered,square,60,stay,1268
10,146,Ordered,square,80,evacuate,1216
100,146,Ordered,square,10,evacuate,1834
100,146,Ordered,square,30,stay,1450
100,146,Ordered,square,50,evacuate,10679
10,146,Ordered,square,100,stay,2229
10,146,Ordered,square,70,evacuate,1327
10,146,Ordered,house,70,evacuate,17480
100,146,Ordered,house,60,evacuate,3380
10,146,Ordered,house,30,stay,2643
100,146,Ordered,house,20,stay,2561
100,146,Ordered,house,50,stay,6396
10,146,Ordered,house,90,evacuate,2965
100,146,Ordered,house,30,stay,3580
10,146,Ordered,house,100,evacuate,2116
100,146,Ordered,house,40,stay,2183
10,146,Ordered,house,50,stay,4199
10,146,Ordered,house,20,evacuate,4280
100,146,Ordered,house,80,evacuate,3196
100,146,Ordered,house,10,stay,7249
10,146,Ordered,house,60,stay,2826
10,146,Ordered,house,40,evacuate,1469
100,146,Ordered,house,90,stay,3913
100,146,Ordered,house,70,evacuate,2713
10,146,Ordered,house,80,stay,3874
10,146,Ordered,house,10,evacuate,2750
100,146,Random,square,20,evacuate,4022
10,146,Random,square,90,stay,1844
10,146,Random,square,0,stay,2700
100,146,Random,square,50,evacuate,4099
100,146,Random,square,80,evacuate,2766
10,146,Random,square,80,evacuate,4483
10,146,Random,square,50,stay,6533
100,146,Random,square,90,evacuate,2597
10,146,Random,square,30,stay,2249
100,146,Random,square,40,evacuate,2118
100,146,Random,square,60,stay,7530
100,146,Random,square,30,evacuate,1334
100,146,Random,square,10,evacuate,1783
10,146,Random,square,20,stay,2199
10,146,Random,square,40,stay,2119
10,146,Random,square,70,evacuate,2200
10,146,Random,square,10,stay,1722
10,146,Random,square,60,evacuate,2821
100,146,Random,square,70,stay,2150
10,146,Random,house,10,stay,2464
10,146,Random,house,40,stay,2004
100,146,Random,house,80,evacuate,2432
10,146,Random,house,80,evacuate,3606
100,146,Random,house,60,evacuate,2913
100,146,Random,house,40,evacuate,15577
10,146,Random,house,20,stay,3550
10,146,Random,house,30,stay,1907
100,146,Random,house,30,evacuate,1956
100,146,Random,house,70,evacuate,1909
10,146,Random,house,50,stay,3299
10,146,Random,house,60,evacuate,1731
100,146,Random,house,10,stay,2114
100,146,Random,house,90,evacuate,2111
100,146,Random,house,50,evacuate,20244
10,146,Random,house,70,stay,2812
100,146,Random,house,100,evacuate,1971
100,146,Random,house,20,stay,2490
10,146,Random,house,90,evacuate,3533
100,147,NA,naturalFrequency,70,evacuate,8205
100,147,NA,naturalFrequency,90,evacuate,2512
10,147,NA,naturalFrequency,10,stay,5142
100,147,NA,naturalFrequency,30,stay,5582
10,147,NA,naturalFrequency,80,evacuate,1842
10,147,NA,naturalFrequency,40,evacuate,4512
10,147,NA,naturalFrequency,90,evacuate,1472
100,147,NA,naturalFrequency,80,evacuate,1502
10,147,NA,naturalFrequency,20,evacuate,1752
100,147,NA,naturalFrequency,40,evacuate,1932
10,147,NA,naturalFrequency,50,evacuate,1952
10,147,NA,naturalFrequency,60,evacuate,1502
10,147,NA,naturalFrequency,30,evacuate,1522
100,147,NA,naturalFrequency,10,evacuate,3472
100,147,NA,naturalFrequency,20,evacuate,1502
100,147,NA,naturalFrequency,50,evacuate,1382
10,147,NA,naturalFrequency,70,evacuate,1272
100,147,NA,naturalFrequency,60,evacuate,1792
100,147,NA,naturalFrequency,0,evacuate,1192
100,147,Ordered,square,20,evacuate,24641
10,147,Ordered,square,60,evacuate,1732
10,147,Ordered,square,70,evacuate,2721
10,147,Ordered,square,20,evacuate,4092
100,147,Ordered,square,0,stay,3792
10,147,Ordered,square,90,evacuate,1342
10,147,Ordered,square,40,evacuate,1891
100,147,Ordered,square,60,evacuate,1732
10,147,Ordered,square,30,evacuate,2392
100,147,Ordered,square,10,stay,2082
10,147,Ordered,square,10,stay,1483
100,147,Ordered,square,90,evacuate,2051
100,147,Ordered,square,30,evacuate,3132
100,147,Ordered,square,70,evacuate,1941
10,147,Ordered,square,50,evacuate,1841
100,147,Ordered,square,40,evacuate,1501
100,147,Ordered,square,80,evacuate,1332
10,147,Ordered,square,80,evacuate,1211
100,147,Ordered,square,50,evacuate,2041
100,147,Ordered,house,20,evacuate,3121
100,147,Ordered,house,70,evacuate,1351
10,147,Ordered,house,40,evacuate,1352
100,147,Ordered,house,50,evacuate,1941
100,147,Ordered,house,80,evacuate,1071
100,147,Ordered,house,60,evacuate,1441
100,147,Ordered,house,90,evacuate,1241
10,147,Ordered,house,30,evacuate,1481
100,147,Ordered,house,30,evacuate,1231
100,147,Ordered,house,40,evacuate,1832
10,147,Ordered,house,80,evacuate,1242
10,147,Ordered,house,60,evacuate,1122
10,147,Ordered,house,90,evacuate,1212
10,147,Ordered,house,10,stay,1212
100,147,Ordered,house,0,stay,1551
10,147,Ordered,house,20,evacuate,1452
10,147,Ordered,house,50,evacuate,1382
100,147,Ordered,house,10,stay,7781
10,147,Ordered,house,70,evacuate,1071
10,147,Random,square,90,evacuate,3421
100,147,Random,square,50,evacuate,4342
100,147,Random,square,10,stay,3442
100,147,Random,square,70,evacuate,1341
10,147,Random,square,10,stay,1592
10,147,Random,square,60,evacuate,2612
10,147,Random,square,40,evacuate,1212
10,147,Random,square,30,evacuate,1222
100,147,Random,square,30,evacuate,1732
10,147,Random,square,20,evacuate,1842
100,147,Random,square,60,evacuate,2352
100,147,Random,square,20,evacuate,4472
100,147,Random,square,90,evacuate,1341
100,147,Random,square,40,evacuate,1422
10,147,Random,square,80,evacuate,1322
100,147,Random,square,0,stay,1582
10,147,Random,square,50,evacuate,1742
100,147,Random,square,80,evacuate,1662
10,147,Random,square,70,evacuate,1472
100,147,Random,house,10,stay,2701
10,147,Random,house,90,evacuate,1372
100,147,Random,house,30,evacuate,1461
100,147,Random,house,70,evacuate,1911
100,147,Random,house,60,evacuate,1421
100,147,Random,house,90,evacuate,1521
10,147,Random,house,10,stay,1342
10,147,Random,house,80,evacuate,1462
10,147,Random,house,70,evacuate,1272
100,147,Random,house,0,stay,1341
10,147,Random,house,20,stay,2152
10,147,Random,house,30,evacuate,1272
10,147,Random,house,40,evacuate,1332
10,147,Random,house,50,evacuate,1362
100,147,Random,house,20,stay,2921
100,147,Random,house,80,evacuate,1421
100,147,Random,house,50,evacuate,1471
10,147,Random,house,60,evacuate,1251
100,147,Random,house,40,evacuate,1261
10,148,NA,naturalFrequency,50,evacuate,10278
100,148,NA,naturalFrequency,100,evacuate,5465
10,148,NA,naturalFrequency,30,stay,4849
100,148,NA,naturalFrequency,50,evacuate,3161
100,148,NA,naturalFrequency,70,evacuate,2939
100,148,NA,naturalFrequency,90,evacuate,3513
100,148,NA,naturalFrequency,60,evacuate,1979
10,148,NA,naturalFrequency,80,evacuate,1619
100,148,NA,naturalFrequency,80,evacuate,1884
10,148,NA,naturalFrequency,60,evacuate,1829
100,148,NA,naturalFrequency,30,stay,2386
100,148,NA,naturalFrequency,20,stay,1690
10,148,NA,naturalFrequency,20,stay,5288
10,148,NA,naturalFrequency,40,stay,1347
100,148,NA,naturalFrequency,40,stay,1662
10,148,NA,naturalFrequency,10,stay,2489
10,148,NA,naturalFrequency,90,evacuate,3116
100,148,NA,naturalFrequency,10,evacuate,5676
10,148,NA,naturalFrequency,70,evacuate,3213
100,148,Ordered,square,40,stay,14608
100,148,Ordered,square,50,evacuate,5885
100,148,Ordered,square,100,evacuate,2339
10,148,Ordered,square,30,stay,6860
100,148,Ordered,square,90,evacuate,5376
100,148,Ordered,square,30,stay,3350
10,148,Ordered,square,70,evacuate,4010
100,148,Ordered,square,80,evacuate,8929
10,148,Ordered,square,60,stay,2903
10,148,Ordered,square,90,evacuate,2297
100,148,Ordered,square,10,stay,3290
100,148,Ordered,square,70,evacuate,3694
100,148,Ordered,square,60,evacuate,2602
10,148,Ordered,square,80,evacuate,2892
100,148,Ordered,square,20,stay,4953
10,148,Ordered,square,10,stay,3642
10,148,Ordered,square,50,evacuate,18867
10,148,Ordered,square,40,stay,4813
10,148,Ordered,square,20,stay,3439
10,148,Ordered,house,70,evacuate,6736
100,148,Ordered,house,10,stay,2576
10,148,Ordered,house,60,evacuate,2461
100,148,Ordered,house,20,stay,2418
100,148,Ordered,house,90,evacuate,2566
100,148,Ordered,house,30,stay,2251
10,148,Ordered,house,80,evacuate,3270
100,148,Ordered,house,60,evacuate,4249
100,148,Ordered,house,70,evacuate,1767
10,148,Ordered,house,100,evacuate,2585
100,148,Ordered,house,80,evacuate,2030
100,148,Ordered,house,40,stay,5260
10,148,Ordered,house,40,stay,2769
100,148,Ordered,house,50,stay,4593
10,148,Ordered,house,10,stay,2751
10,148,Ordered,house,30,stay,2057
10,148,Ordered,house,50,stay,2832
10,148,Ordered,house,90,evacuate,3332
10,148,Ordered,house,20,stay,2320
10,148,Random,square,10,stay,5219
10,148,Random,square,70,evacuate,4228
100,148,Random,square,40,stay,4749
10,148,Random,square,40,stay,5050
10,148,Random,square,30,stay,6694
100,148,Random,square,0,stay,1943
10,148,Random,square,20,stay,2112
10,148,Random,square,80,evacuate,1564
100,148,Random,square,20,stay,4208
100,148,Random,square,80,evacuate,2433
10,148,Random,square,60,evacuate,2578
100,148,Random,square,90,evacuate,1697
100,148,Random,square,50,evacuate,3092
100,148,Random,square,60,evacuate,2841
10,148,Random,square,50,stay,17601
100,148,Random,square,30,stay,3183
100,148,Random,square,10,stay,1836
100,148,Random,square,70,evacuate,1704
10,148,Random,square,90,evacuate,2111
100,148,Random,house,10,stay,4051
100,148,Random,house,80,evacuate,1765
100,148,Random,house,30,stay,1670
100,148,Random,house,70,evacuate,1923
10,148,Random,house,100,evacuate,2645
100,148,Random,house,90,evacuate,1565
10,148,Random,house,40,stay,3817
100,148,Random,house,40,stay,1813
100,148,Random,house,60,evacuate,1715
10,148,Random,house,50,stay,6501
10,148,Random,house,30,stay,4329
100,148,Random,house,20,stay,1929
10,148,Random,house,90,evacuate,2102
10,148,Random,house,10,stay,1548
10,148,Random,house,20,stay,1489
100,148,Random,house,50,stay,2511
10,148,Random,house,60,evacuate,5186
10,148,Random,house,70,evacuate,1811
10,148,Random,house,80,evacuate,1873
100,149,NA,naturalFrequency,30,evacuate,9320
10,149,NA,naturalFrequency,70,evacuate,3365
100,149,NA,naturalFrequency,100,evacuate,7378
10,149,NA,naturalFrequency,60,evacuate,8592
100,149,NA,naturalFrequency,10,stay,4459
100,149,NA,naturalFrequency,50,evacuate,4996
10,149,NA,naturalFrequency,10,stay,4326
100,149,NA,naturalFrequency,20,stay,2324
10,149,NA,naturalFrequency,90,evacuate,1457
10,149,NA,naturalFrequency,30,stay,2322
100,149,NA,naturalFrequency,90,evacuate,1711
100,149,NA,naturalFrequency,70,evacuate,999
100,149,NA,naturalFrequency,80,evacuate,1187
100,149,NA,naturalFrequency,40,evacuate,2024
10,149,NA,naturalFrequency,40,evacuate,2042
10,149,NA,naturalFrequency,20,stay,1430
10,149,NA,naturalFrequency,80,evacuate,1350
10,149,NA,naturalFrequency,50,evacuate,1887
100,149,NA,naturalFrequency,60,evacuate,1837
100,149,Ordered,square,70,evacuate,9975
100,149,Ordered,square,50,evacuate,4051
100,149,Ordered,square,90,evacuate,1147
100,149,Ordered,square,30,stay,1212
10,149,Ordered,square,90,evacuate,2559
100,149,Ordered,square,80,evacuate,1009
10,149,Ordered,square,40,stay,3715
10,149,Ordered,square,30,evacuate,1488
100,149,Ordered,square,10,stay,4242
10,149,Ordered,square,100,evacuate,1261
10,149,Ordered,square,10,stay,2037
10,149,Ordered,square,60,evacuate,1861
100,149,Ordered,square,40,stay,2345
10,149,Ordered,square,80,evacuate,4611
100,149,Ordered,square,60,evacuate,1566
100,149,Ordered,square,20,stay,11149
10,149,Ordered,square,50,evacuate,3532
10,149,Ordered,square,20,stay,14330
10,149,Ordered,square,70,evacuate,2156
10,149,Ordered,house,60,evacuate,4793
10,149,Ordered,house,90,evacuate,1455
100,149,Ordered,house,80,evacuate,1101
100,149,Ordered,house,20,stay,1189
100,149,Ordered,house,90,evacuate,936
10,149,Ordered,house,10,stay,1629
100,149,Ordered,house,10,stay,1428
100,149,Ordered,house,70,evacuate,1115
100,149,Ordered,house,30,stay,2516
10,149,Ordered,house,30,stay,1800
100,149,Ordered,house,50,evacuate,1977
10,149,Ordered,house,80,evacuate,1145
10,149,Ordered,house,40,evacuate,1500
10,149,Ordered,house,70,evacuate,1350
10,149,Ordered,house,20,stay,1079
100,149,Ordered,house,40,evacuate,7267
10,149,Ordered,house,100,evacuate,2180
100,149,Ordered,house,60,evacuate,1432
10,149,Ordered,house,50,evacuate,1288
10,149,Random,square,50,evacuate,3389
100,149,Random,square,30,stay,14757
100,149,Random,square,80,evacuate,1284
100,149,Random,square,20,stay,5228
10,149,Random,square,10,stay,1660
100,149,Random,square,90,evacuate,1096
10,149,Random,square,30,stay,2149
100,149,Random,square,40,evacuate,9961
100,149,Random,square,100,evacuate,974
10,149,Random,square,20,stay,1331
10,149,Random,square,90,evacuate,832
100,149,Random,square,50,evacuate,1885
10,149,Random,square,40,evacuate,7318
10,149,Random,square,70,evacuate,806
10,149,Random,square,60,evacuate,1417
100,149,Random,square,60,evacuate,914
10,149,Random,square,80,evacuate,907
100,149,Random,square,10,stay,1089
100,149,Random,square,70,evacuate,960
100,149,Random,house,90,evacuate,3979
10,149,Random,house,70,evacuate,1457
10,149,Random,house,10,stay,1073
10,149,Random,house,60,evacuate,1709
100,149,Random,house,10,stay,2069
100,149,Random,house,100,evacuate,944
100,149,Random,house,70,evacuate,874
100,149,Random,house,20,stay,1558
10,149,Random,house,80,evacuate,1066
100,149,Random,house,40,evacuate,1065
10,149,Random,house,90,evacuate,1512
100,149,Random,house,30,stay,1712
100,149,Random,house,80,evacuate,673
10,149,Random,house,20,stay,2637
100,149,Random,house,50,evacuate,1567
10,149,Random,house,30,stay,1350
10,149,Random,house,40,stay,1118
100,149,Random,house,60,evacuate,964
10,149,Random,house,50,evacuate,3825
100,150,NA,naturalFrequency,50,evacuate,4196
100,150,NA,naturalFrequency,10,evacuate,6089
100,150,NA,naturalFrequency,0,stay,1369
10,150,NA,naturalFrequency,90,evacuate,1701
10,150,NA,naturalFrequency,60,evacuate,1924
100,150,NA,naturalFrequency,60,evacuate,1637
10,150,NA,naturalFrequency,40,evacuate,1759
10,150,NA,naturalFrequency,20,evacuate,1558
10,150,NA,naturalFrequency,30,evacuate,2294
100,150,NA,naturalFrequency,70,evacuate,1380
100,150,NA,naturalFrequency,40,evacuate,1531
100,150,NA,naturalFrequency,80,evacuate,1738
100,150,NA,naturalFrequency,20,evacuate,2022
100,150,NA,naturalFrequency,30,evacuate,1704
10,150,NA,naturalFrequency,10,evacuate,2523
10,150,NA,naturalFrequency,70,evacuate,1786
100,150,NA,naturalFrequency,90,evacuate,1497
10,150,NA,naturalFrequency,80,evacuate,1643
10,150,NA,naturalFrequency,50,evacuate,1683
10,150,Ordered,square,80,evacuate,4278
10,150,Ordered,square,90,evacuate,1502
10,150,Ordered,square,60,evacuate,1308
10,150,Ordered,square,30,evacuate,2896
10,150,Ordered,square,50,evacuate,1629
100,150,Ordered,square,10,stay,2146
100,150,Ordered,square,70,evacuate,1804
100,150,Ordered,square,50,evacuate,1407
100,150,Ordered,square,80,evacuate,1093
10,150,Ordered,square,70,evacuate,1632
10,150,Ordered,square,10,stay,1224
100,150,Ordered,square,40,evacuate,1860
10,150,Ordered,square,0,stay,1473
100,150,Ordered,square,30,evacuate,1426
100,150,Ordered,square,60,evacuate,925
10,150,Ordered,square,40,evacuate,1819
10,150,Ordered,square,20,evacuate,1123
100,150,Ordered,square,20,evacuate,1110
100,150,Ordered,square,90,evacuate,1066
10,150,Ordered,house,50,evacuate,3868
100,150,Ordered,house,50,evacuate,1141
100,150,Ordered,house,90,evacuate,877
100,150,Ordered,house,10,stay,1406
100,150,Ordered,house,30,evacuate,1858
10,150,Ordered,house,30,evacuate,1380
10,150,Ordered,house,80,evacuate,1278
10,150,Ordered,house,10,stay,1107
10,150,Ordered,house,100,evacuate,1153
10,150,Ordered,house,70,evacuate,1169
100,150,Ordered,house,70,evacuate,1356
10,150,Ordered,house,20,evacuate,1550
10,150,Ordered,house,90,evacuate,1188
10,150,Ordered,house,40,evacuate,1252
100,150,Ordered,house,20,evacuate,1403
100,150,Ordered,house,80,evacuate,1468
10,150,Ordered,house,60,evacuate,1201
100,150,Ordered,house,40,evacuate,1637
100,150,Ordered,house,60,evacuate,839
100,150,Random,square,50,evacuate,2441
10,150,Random,square,40,evacuate,1590
10,150,Random,square,20,stay,1198
100,150,Random,square,10,evacuate,2629
10,150,Random,square,60,evacuate,1060
10,150,Random,square,10,stay,993
100,150,Random,square,40,evacuate,1103
10,150,Random,square,90,evacuate,1053
100,150,Random,square,70,evacuate,1121
100,150,Random,square,80,evacuate,798
10,150,Random,square,70,evacuate,1349
100,150,Random,square,60,evacuate,1360
100,150,Random,square,30,evacuate,1273
10,150,Random,square,30,evacuate,1565
10,150,Random,square,50,evacuate,1135
10,150,Random,square,80,evacuate,987
100,150,Random,square,20,evacuate,1331
10,150,Random,square,100,evacuate,1354
100,150,Random,square,90,evacuate,1134
10,150,Random,house,90,evacuate,2443
10,150,Random,house,50,evacuate,1437
100,150,Random,house,80,evacuate,1954
10,150,Random,house,20,evacuate,4023
100,150,Random,house,40,evacuate,1003
100,150,Random,house,100,evacuate,946
10,150,Random,house,10,stay,1206
100,150,Random,house,20,evacuate,1356
10,150,Random,house,40,evacuate,1312
10,150,Random,house,30,evacuate,1017
100,150,Random,house,50,evacuate,1074
10,150,Random,house,80,evacuate,1475
10,150,Random,house,70,evacuate,933
100,150,Random,house,30,evacuate,1245
100,150,Random,house,90,evacuate,837
100,150,Random,house,60,evacuate,1007
10,150,Random,house,60,evacuate,1163
100,150,Random,house,70,evacuate,1012
100,150,Random,house,10,stay,2789
10,151,NA,naturalFrequency,80,evacuate,5912
100,151,NA,naturalFrequency,10,evacuate,3696
10,151,NA,naturalFrequency,70,evacuate,5049
100,151,NA,naturalFrequency,80,evacuate,4813
100,151,NA,naturalFrequency,20,stay,1918
100,151,NA,naturalFrequency,70,evacuate,1646
100,151,NA,naturalFrequency,40,stay,1392
10,151,NA,naturalFrequency,30,stay,1733
10,151,NA,naturalFrequency,90,evacuate,3439
10,151,NA,naturalFrequency,50,stay,2463
100,151,NA,naturalFrequency,30,stay,1530
10,151,NA,naturalFrequency,40,stay,1514
100,151,NA,naturalFrequency,50,stay,2673
100,151,NA,naturalFrequency,60,evacuate,1508
100,151,NA,naturalFrequency,90,evacuate,2521
10,151,NA,naturalFrequency,20,stay,1213
10,151,NA,naturalFrequency,60,stay,3270
10,151,NA,naturalFrequency,100,evacuate,2404
10,151,NA,naturalFrequency,10,stay,1498
100,151,Ordered,square,10,stay,7205
100,151,Ordered,square,50,stay,8155
10,151,Ordered,square,70,evacuate,2077
10,151,Ordered,square,90,evacuate,1047
100,151,Ordered,square,60,stay,2696
100,151,Ordered,square,30,stay,1600
100,151,Ordered,square,0,stay,3762
10,151,Ordered,square,60,evacuate,1536
100,151,Ordered,square,90,evacuate,2109
10,151,Ordered,square,50,evacuate,2107
100,151,Ordered,square,70,evacuate,2131
100,151,Ordered,square,40,stay,1769
100,151,Ordered,square,80,evacuate,1529
10,151,Ordered,square,10,stay,2804
10,151,Ordered,square,30,stay,1422
10,151,Ordered,square,20,stay,1128
100,151,Ordered,square,20,stay,2139
10,151,Ordered,square,40,stay,1622
10,151,Ordered,square,80,stay,796
100,151,Ordered,house,50,evacuate,3820
100,151,Ordered,house,40,stay,1989
10,151,Ordered,house,90,evacuate,2631
100,151,Ordered,house,10,stay,2122
10,151,Ordered,house,60,evacuate,1560
10,151,Ordered,house,80,evacuate,1721
100,151,Ordered,house,20,stay,2118
100,151,Ordered,house,100,evacuate,1378
10,151,Ordered,house,40,stay,1614
100,151,Ordered,house,90,evacuate,1827
100,151,Ordered,house,70,evacuate,1340
10,151,Ordered,house,70,evacuate,1295
10,151,Ordered,house,30,stay,1522
100,151,Ordered,house,60,evacuate,2374
10,151,Ordered,house,20,stay,1381
10,151,Ordered,house,10,stay,750
100,151,Ordered,house,80,evacuate,2052
10,151,Ordered,house,50,evacuate,2062
100,151,Ordered,house,30,stay,1964
100,151,Random,square,50,evacuate,2301
10,151,Random,square,50,evacuate,1814
100,151,Random,square,40,evacuate,3605
10,151,Random,square,10,stay,2308
100,151,Random,square,10,stay,2578
100,151,Random,square,20,stay,1443
100,151,Random,square,30,evacuate,1095
10,151,Random,square,70,evacuate,1444
10,151,Random,square,90,evacuate,910
10,151,Random,square,60,evacuate,1992
10,151,Random,square,40,stay,1986
10,151,Random,square,0,stay,1112
10,151,Random,square,80,evacuate,1189
100,151,Random,square,70,evacuate,1767
100,151,Random,square,90,evacuate,1049
10,151,Random,square,30,stay,1868
100,151,Random,square,80,evacuate,1754
100,151,Random,square,60,evacuate,1260
10,151,Random,square,20,stay,2084
100,151,Random,house,60,evacuate,1915
10,151,Random,house,20,stay,2013
100,151,Random,house,30,stay,1910
100,151,Random,house,20,stay,1713
10,151,Random,house,70,evacuate,1227
10,151,Random,house,10,stay,1468
10,151,Random,house,50,evacuate,1544
10,151,Random,house,30,stay,1637
100,151,Random,house,90,evacuate,1966
10,151,Random,house,90,evacuate,1328
10,151,Random,house,40,stay,1389
10,151,Random,house,80,evacuate,1257
100,151,Random,house,10,stay,1850
100,151,Random,house,40,stay,1133
100,151,Random,house,70,evacuate,1309
100,151,Random,house,50,evacuate,1565
10,151,Random,house,60,evacuate,1266
100,151,Random,house,0,stay,1813
100,151,Random,house,80,evacuate,1447
10,152,NA,naturalFrequency,40,evacuate,18673
100,152,NA,naturalFrequency,80,evacuate,8298
10,152,NA,naturalFrequency,10,stay,4301
10,152,NA,naturalFrequency,50,stay,4310
10,152,NA,naturalFrequency,90,evacuate,4747
100,152,NA,naturalFrequency,10,stay,4689
10,152,NA,naturalFrequency,80,evacuate,3282
100,152,NA,naturalFrequency,20,stay,3941
100,152,NA,naturalFrequency,40,stay,3026
100,152,NA,naturalFrequency,90,evacuate,3073
10,152,NA,naturalFrequency,20,stay,4280
10,152,NA,naturalFrequency,60,evacuate,3455
10,152,NA,naturalFrequency,30,stay,2796
100,152,NA,naturalFrequency,30,stay,3014
100,152,NA,naturalFrequency,50,evacuate,3494
10,152,NA,naturalFrequency,70,evacuate,2826
100,152,NA,naturalFrequency,60,evacuate,3217
100,152,NA,naturalFrequency,70,evacuate,2418
10,152,NA,naturalFrequency,0,stay,2629
10,152,Ordered,square,70,evacuate,10446
100,152,Ordered,square,80,evacuate,2029
100,152,Ordered,square,30,stay,2205
100,152,Ordered,square,50,evacuate,8270
10,152,Ordered,square,60,evacuate,5490
10,152,Ordered,square,50,evacuate,2088
100,152,Ordered,square,20,stay,2843
100,152,Ordered,square,40,stay,2783
10,152,Ordered,square,10,stay,5229
100,152,Ordered,square,90,stay,4689
100,152,Ordered,square,10,stay,2864
100,152,Ordered,square,60,evacuate,9570
100,152,Ordered,square,70,evacuate,9732
10,152,Ordered,square,40,stay,6042
10,152,Ordered,square,0,evacuate,4680
10,152,Ordered,square,30,stay,5310
10,152,Ordered,square,80,stay,4514
10,152,Ordered,square,90,evacuate,7116
10,152,Ordered,square,20,evacuate,5750
10,152,Ordered,house,40,stay,5703
10,152,Ordered,house,20,stay,1981
10,152,Ordered,house,80,evacuate,2632
100,152,Ordered,house,70,evacuate,3429
100,152,Ordered,house,10,stay,2907
100,152,Ordered,house,40,stay,2172
10,152,Ordered,house,10,stay,8341
10,152,Ordered,house,90,evacuate,2841
10,152,Ordered,house,50,evacuate,3050
100,152,Ordered,house,100,evacuate,2164
10,152,Ordered,house,70,evacuate,2387
100,152,Ordered,house,80,evacuate,1809
100,152,Ordered,house,30,stay,2070
100,152,Ordered,house,90,evacuate,1729
100,152,Ordered,house,60,evacuate,2689
10,152,Ordered,house,30,stay,2375
100,152,Ordered,house,20,stay,2084
10,152,Ordered,house,60,evacuate,3907
100,152,Ordered,house,50,stay,2255
10,152,Random,square,90,evacuate,12181
10,152,Random,square,100,evacuate,2297
100,152,Random,square,80,evacuate,3091
100,152,Random,square,90,evacuate,2330
10,152,Random,square,40,stay,4684
100,152,Random,square,40,evacuate,2568
10,152,Random,square,50,evacuate,9700
10,152,Random,square,20,stay,2985
10,152,Random,square,30,stay,2792
10,152,Random,square,10,stay,1944
100,152,Random,square,50,evacuate,7119
100,152,Random,square,60,evacuate,3563
100,152,Random,square,30,stay,2053
100,152,Random,square,10,stay,1838
100,152,Random,square,20,stay,1836
10,152,Random,square,70,evacuate,5216
10,152,Random,square,60,evacuate,2523
10,152,Random,square,80,evacuate,2603
100,152,Random,square,70,evacuate,1726
10,152,Random,house,70,evacuate,6926
100,152,Random,house,50,evacuate,5616
10,152,Random,house,80,evacuate,2298
10,152,Random,house,20,stay,3186
100,152,Random,house,80,evacuate,2104
100,152,Random,house,60,evacuate,4387
100,152,Random,house,40,stay,6770
100,152,Random,house,90,evacuate,2532
100,152,Random,house,20,stay,2574
10,152,Random,house,30,stay,2802
10,152,Random,house,50,stay,5695
10,152,Random,house,10,stay,1906
100,152,Random,house,30,stay,3379
10,152,Random,house,40,stay,2386
100,152,Random,house,100,evacuate,2459
10,152,Random,house,60,evacuate,7523
100,152,Random,house,70,evacuate,5198
10,152,Random,house,90,evacuate,2199
100,152,Random,house,10,stay,2193
