participant_id,denominator,arrangement,decisionTime,probability,iconicity
1,10,NA,8221,70,naturalFrequency
1,100,NA,8153,100,naturalFrequency
1,100,NA,7644,90,naturalFrequency
1,100,NA,9611,50,naturalFrequency
1,100,NA,7764,30,naturalFrequency
1,100,NA,7411,80,naturalFrequency
1,10,NA,8009,20,naturalFrequency
1,10,NA,9221,80,naturalFrequency
1,100,NA,7761,10,naturalFrequency
1,10,NA,7674,60,naturalFrequency
1,10,NA,6843,10,naturalFrequency
1,10,NA,7101,30,naturalFrequency
1,100,NA,7909,70,naturalFrequency
1,10,NA,8400,90,naturalFrequency
1,10,NA,7293,40,naturalFrequency
1,100,NA,6903,20,naturalFrequency
1,100,NA,8440,60,naturalFrequency
1,10,NA,7294,50,naturalFrequency
1,100,NA,6629,40,naturalFrequency
1,10,Ordered,5108,10,square
1,10,Ordered,6324,60,square
1,10,Ordered,6381,30,square
1,100,Ordered,6380,90,square
1,10,Ordered,5795,70,square
1,100,Ordered,6555,40,square
1,10,Ordered,5954,80,square
1,100,Ordered,6711,70,square
1,10,Ordered,4631,20,square
1,10,Ordered,5815,90,square
1,100,Ordered,6322,20,square
1,10,Ordered,4974,40,square
1,100,Ordered,6430,60,square
1,10,Ordered,4976,100,square
1,10,Ordered,5095,50,square
1,100,Ordered,6098,50,square
1,100,Ordered,4856,30,square
1,100,Ordered,5520,10,square
1,100,Ordered,5356,80,square
1,10,Ordered,6747,40,house
1,10,Ordered,5225,80,house
1,100,Ordered,7244,80,house
1,10,Ordered,4758,60,house
1,100,Ordered,5174,20,house
1,100,Ordered,5083,40,house
1,10,Ordered,4143,90,house
1,10,Ordered,4778,70,house
1,100,Ordered,5461,50,house
1,10,Ordered,4826,30,house
1,10,Ordered,4298,50,house
1,100,Ordered,5328,60,house
1,100,Ordered,4809,70,house
1,100,Ordered,4221,100,house
1,10,Ordered,4827,20,house
1,100,Ordered,4409,90,house
1,100,Ordered,5143,30,house
1,10,Ordered,3979,10,house
1,100,Ordered,5067,10,house
1,10,Random,8354,80,square
1,10,Random,3909,90,square
1,100,Random,9176,70,square
1,100,Random,7124,50,square
1,100,Random,4974,10,square
1,10,Random,4251,70,square
1,100,Random,6361,20,square
1,10,Random,3716,30,square
1,10,Random,5571,40,square
1,100,Random,5727,90,square
1,100,Random,8577,40,square
1,10,Random,3841,100,square
1,10,Random,5093,60,square
1,10,Random,4634,20,square
1,100,Random,5546,80,square
1,100,Random,3511,30,square
1,10,Random,4645,50,square
1,10,Random,3764,10,square
1,100,Random,6174,60,square
1,100,Random,4731,10,house
1,100,Random,3665,100,house
1,100,Random,7325,60,house
1,100,Random,4843,90,house
1,10,Random,4788,90,house
1,10,Random,3672,40,house
1,100,Random,5184,30,house
1,100,Random,4791,40,house
1,10,Random,4395,50,house
1,10,Random,4532,30,house
1,10,Random,4082,20,house
1,10,Random,3545,80,house
1,100,Random,3914,20,house
1,100,Random,3794,80,house
1,100,Random,5188,70,house
1,100,Random,4577,50,house
1,10,Random,3977,60,house
1,10,Random,3389,10,house
1,10,Random,3496,70,house
2,100,NA,4753,0,naturalFrequency
2,100,NA,1797,90,naturalFrequency
2,100,NA,1732,80,naturalFrequency
2,10,NA,3175,70,naturalFrequency
2,10,NA,2188,40,naturalFrequency
2,100,NA,2144,40,naturalFrequency
2,10,NA,1726,50,naturalFrequency
2,100,NA,1600,10,naturalFrequency
2,100,NA,1588,70,naturalFrequency
2,10,NA,1991,20,naturalFrequency
2,100,NA,1640,20,naturalFrequency
2,10,NA,1525,30,naturalFrequency
2,10,NA,1443,80,naturalFrequency
2,10,NA,2452,10,naturalFrequency
2,100,NA,1924,50,naturalFrequency
2,100,NA,1289,60,naturalFrequency
2,100,NA,1616,30,naturalFrequency
2,10,NA,1358,90,naturalFrequency
2,10,NA,999,60,naturalFrequency
2,10,Ordered,5192,10,square
2,100,Ordered,2141,60,square
2,100,Ordered,1335,20,square
2,10,Ordered,2278,30,square
2,10,Ordered,1160,90,square
2,100,Ordered,1655,40,square
2,10,Ordered,1630,20,square
2,10,Ordered,1084,80,square
2,10,Ordered,1081,40,square
2,100,Ordered,1232,90,square
2,10,Ordered,1186,70,square
2,100,Ordered,1988,10,square
2,100,Ordered,1804,70,square
2,10,Ordered,1192,100,square
2,100,Ordered,1660,80,square
2,10,Ordered,15002,60,square
2,100,Ordered,947,50,square
2,10,Ordered,66937,50,square
2,100,Ordered,1971,30,square
2,100,Ordered,1962,70,house
2,10,Ordered,1395,30,house
2,10,Ordered,1296,20,house
2,100,Ordered,1298,50,house
2,10,Ordered,1231,50,house
2,100,Ordered,990,60,house
2,10,Ordered,1304,90,house
2,100,Ordered,1117,90,house
2,10,Ordered,1363,40,house
2,100,Ordered,1409,30,house
2,100,Ordered,1015,40,house
2,100,Ordered,1421,10,house
2,10,Ordered,1067,60,house
2,10,Ordered,1313,10,house
2,100,Ordered,1415,20,house
2,10,Ordered,2254,70,house
2,100,Ordered,1136,80,house
2,100,Ordered,1139,0,house
2,10,Ordered,2179,80,house
2,100,Random,2700,60,square
2,100,Random,887,70,square
2,100,Random,671,90,square
2,10,Random,1647,20,square
2,10,Random,1491,90,square
2,10,Random,1754,50,square
2,10,Random,780,70,square
2,100,Random,1322,80,square
2,10,Random,992,0,square
2,100,Random,1144,10,square
2,100,Random,1053,40,square
2,10,Random,1681,30,square
2,10,Random,1320,80,square
2,100,Random,1591,30,square
2,10,Random,1314,60,square
2,100,Random,2070,20,square
2,10,Random,1100,10,square
2,100,Random,1160,50,square
2,10,Random,937,40,square
2,100,Random,3753,70,house
2,100,Random,973,10,house
2,100,Random,702,90,house
2,10,Random,1289,40,house
2,10,Random,731,90,house
2,10,Random,807,50,house
2,100,Random,1370,100,house
2,10,Random,1147,60,house
2,100,Random,1107,60,house
2,10,Random,1504,20,house
2,100,Random,4543,80,house
2,10,Random,1124,70,house
2,10,Random,1148,30,house
2,100,Random,1431,50,house
2,10,Random,1134,80,house
2,100,Random,1364,40,house
2,10,Random,1523,10,house
2,100,Random,1400,30,house
2,100,Random,1271,20,house
3,100,NA,13133,60,naturalFrequency
3,100,NA,8443,10,naturalFrequency
3,10,NA,4496,40,naturalFrequency
3,10,NA,1584,80,naturalFrequency
3,10,NA,930,70,naturalFrequency
3,100,NA,2091,40,naturalFrequency
3,100,NA,1611,30,naturalFrequency
3,100,NA,3017,70,naturalFrequency
3,10,NA,4760,20,naturalFrequency
3,10,NA,1738,30,naturalFrequency
3,10,NA,1190,10,naturalFrequency
3,10,NA,1458,50,naturalFrequency
3,100,NA,1576,80,naturalFrequency
3,100,NA,1506,50,naturalFrequency
3,100,NA,1098,20,naturalFrequency
3,10,NA,1634,60,naturalFrequency
3,10,NA,1065,90,naturalFrequency
3,100,NA,1146,90,naturalFrequency
3,100,NA,3348,100,naturalFrequency
3,10,Ordered,5489,40,square
3,100,Ordered,1501,10,square
3,100,Ordered,1570,40,square
3,10,Ordered,1209,10,square
3,100,Ordered,1210,90,square
3,100,Ordered,2370,60,square
3,100,Ordered,4982,0,square
3,100,Ordered,1265,70,square
3,10,Ordered,1162,90,square
3,10,Ordered,1282,30,square
3,10,Ordered,1362,50,square
3,100,Ordered,1330,50,square
3,10,Ordered,1698,60,square
3,10,Ordered,817,80,square
3,10,Ordered,954,70,square
3,100,Ordered,1825,20,square
3,100,Ordered,783,30,square
3,100,Ordered,1266,80,square
3,10,Ordered,1209,20,square
3,10,Ordered,3501,90,house
3,100,Ordered,1840,50,house
3,10,Ordered,1298,70,house
3,10,Ordered,3448,40,house
3,10,Ordered,1154,60,house
3,100,Ordered,1237,20,house
3,100,Ordered,998,70,house
3,10,Ordered,2092,80,house
3,100,Ordered,1592,40,house
3,10,Ordered,1530,50,house
3,10,Ordered,1210,20,house
3,100,Ordered,1105,30,house
3,10,Ordered,1049,30,house
3,100,Ordered,1046,60,house
3,100,Ordered,990,10,house
3,100,Ordered,1520,0,house
3,100,Ordered,849,80,house
3,10,Ordered,967,10,house
3,100,Ordered,1062,90,house
3,100,Random,6233,80,square
3,10,Random,1577,70,square
3,10,Random,2541,30,square
3,100,Random,1610,70,square
3,10,Random,1464,60,square
3,100,Random,4088,40,square
3,100,Random,2044,30,square
3,10,Random,1329,20,square
3,100,Random,1126,90,square
3,10,Random,1097,90,square
3,100,Random,1142,10,square
3,100,Random,1033,20,square
3,10,Random,1050,10,square
3,100,Random,1050,0,square
3,10,Random,1698,50,square
3,100,Random,953,50,square
3,100,Random,802,60,square
3,10,Random,1580,80,square
3,10,Random,1784,40,square
3,10,Random,1875,70,house
3,10,Random,1074,50,house
3,10,Random,2367,40,house
3,100,Random,1159,100,house
3,100,Random,2098,20,house
3,10,Random,1881,60,house
3,100,Random,1032,40,house
3,100,Random,856,80,house
3,100,Random,767,70,house
3,100,Random,711,90,house
3,100,Random,861,60,house
3,10,Random,1220,30,house
3,10,Random,815,20,house
3,100,Random,1197,10,house
3,10,Random,1057,90,house
3,10,Random,841,80,house
3,100,Random,4124,30,house
3,10,Random,1643,10,house
3,100,Random,1095,50,house
4,100,NA,4944,30,naturalFrequency
4,10,NA,1736,30,naturalFrequency
4,100,NA,1016,60,naturalFrequency
4,10,NA,1200,60,naturalFrequency
4,10,NA,800,10,naturalFrequency
4,100,NA,792,90,naturalFrequency
4,100,NA,656,100,naturalFrequency
4,100,NA,2416,40,naturalFrequency
4,100,NA,2369,50,naturalFrequency
4,10,NA,967,50,naturalFrequency
4,100,NA,776,70,naturalFrequency
4,10,NA,848,40,naturalFrequency
4,10,NA,792,70,naturalFrequency
4,10,NA,776,80,naturalFrequency
4,100,NA,776,20,naturalFrequency
4,100,NA,1458,80,naturalFrequency
4,100,NA,808,10,naturalFrequency
4,10,NA,608,20,naturalFrequency
4,10,NA,623,90,naturalFrequency
4,10,Ordered,2648,60,square
4,100,Ordered,2032,20,square
4,100,Ordered,1584,40,square
4,100,Ordered,744,60,square
4,100,Ordered,864,0,square
4,10,Ordered,1296,80,square
4,10,Ordered,784,70,square
4,100,Ordered,1106,90,square
4,10,Ordered,1872,40,square
4,10,Ordered,664,10,square
4,100,Ordered,1080,30,square
4,100,Ordered,672,10,square
4,10,Ordered,1872,50,square
4,100,Ordered,1000,50,square
4,10,Ordered,808,20,square
4,100,Ordered,784,70,square
4,10,Ordered,752,30,square
4,100,Ordered,1248,80,square
4,10,Ordered,728,90,square
4,100,Ordered,3023,30,house
4,10,Ordered,1024,90,house
4,10,Ordered,816,80,house
4,10,Ordered,784,60,house
4,10,Ordered,640,30,house
4,10,Ordered,704,100,house
4,100,Ordered,831,90,house
4,100,Ordered,735,20,house
4,10,Ordered,984,70,house
4,100,Ordered,1143,50,house
4,10,Ordered,1056,50,house
4,100,Ordered,2727,80,house
4,10,Ordered,856,10,house
4,100,Ordered,855,40,house
4,10,Ordered,736,40,house
4,10,Ordered,680,20,house
4,100,Ordered,823,60,house
4,100,Ordered,679,10,house
4,100,Ordered,1159,70,house
4,100,Random,1007,100,square
4,100,Random,3272,50,square
4,10,Random,1296,70,square
4,10,Random,664,10,square
4,100,Random,3320,60,square
4,10,Random,1736,30,square
4,100,Random,824,90,square
4,10,Random,864,90,square
4,100,Random,856,30,square
4,10,Random,864,80,square
4,10,Random,1161,20,square
4,10,Random,608,50,square
4,100,Random,864,10,square
4,100,Random,1080,40,square
4,10,Random,1176,40,square
4,10,Random,704,60,square
4,100,Random,720,80,square
4,100,Random,696,20,square
4,100,Random,576,70,square
4,10,Random,4656,30,house
4,100,Random,1159,50,house
4,10,Random,800,90,house
4,100,Random,671,100,house
4,10,Random,815,10,house
4,100,Random,830,10,house
4,10,Random,720,40,house
4,10,Random,648,20,house
4,100,Random,751,60,house
4,100,Random,927,40,house
4,10,Random,1224,50,house
4,10,Random,776,70,house
4,10,Random,616,80,house
4,100,Random,1007,30,house
4,100,Random,895,80,house
4,10,Random,1128,60,house
4,100,Random,807,20,house
4,100,Random,695,90,house
4,100,Random,680,70,house
5,10,NA,4027,80,naturalFrequency
5,10,NA,1075,10,naturalFrequency
5,10,NA,1173,20,naturalFrequency
5,10,NA,1647,40,naturalFrequency
5,10,NA,1108,50,naturalFrequency
5,100,NA,4785,20,naturalFrequency
5,100,NA,704,40,naturalFrequency
5,100,NA,568,60,naturalFrequency
5,10,NA,1864,90,naturalFrequency
5,10,NA,831,60,naturalFrequency
5,10,NA,1143,30,naturalFrequency
5,100,NA,753,90,naturalFrequency
5,100,NA,1024,100,naturalFrequency
5,100,NA,580,10,naturalFrequency
5,100,NA,75370,70,naturalFrequency
5,10,NA,703,70,naturalFrequency
5,100,NA,604,80,naturalFrequency
5,100,NA,1117,30,naturalFrequency
5,100,NA,596,50,naturalFrequency
5,10,Ordered,3055,40,square
5,100,Ordered,982,50,square
5,100,Ordered,1299,40,square
5,100,Ordered,612,80,square
5,10,Ordered,1012,100,square
5,10,Ordered,637,80,square
5,10,Ordered,647,70,square
5,10,Ordered,481,50,square
5,10,Ordered,539,90,square
5,10,Ordered,1348,10,square
5,100,Ordered,871,70,square
5,10,Ordered,1219,20,square
5,100,Ordered,1443,20,square
5,100,Ordered,1047,10,square
5,100,Ordered,1839,90,square
5,10,Ordered,2248,60,square
5,100,Ordered,1051,60,square
5,100,Ordered,1231,30,square
5,10,Ordered,1239,30,square
5,10,Ordered,2299,90,house
5,100,Ordered,856,70,house
5,100,Ordered,761,30,house
5,10,Ordered,1495,20,house
5,100,Ordered,813,100,house
5,10,Ordered,807,50,house
5,100,Ordered,773,40,house
5,100,Ordered,685,80,house
5,10,Ordered,887,70,house
5,100,Ordered,1089,20,house
5,100,Ordered,882,50,house
5,10,Ordered,895,40,house
5,100,Ordered,725,90,house
5,100,Ordered,662,60,house
5,10,Ordered,983,10,house
5,100,Ordered,1464,10,house
5,10,Ordered,828,60,house
5,10,Ordered,603,80,house
5,10,Ordered,688,30,house
5,100,Random,1461,80,square
5,100,Random,844,0,square
5,10,Random,897,70,square
5,100,Random,1944,30,square
5,10,Random,1616,20,square
5,100,Random,894,10,square
5,10,Random,744,60,square
5,10,Random,852,30,square
5,10,Random,896,40,square
5,100,Random,835,90,square
5,10,Random,719,90,square
5,100,Random,916,40,square
5,10,Random,683,80,square
5,100,Random,1408,20,square
5,100,Random,759,50,square
5,100,Random,739,60,square
5,10,Random,969,10,square
5,10,Random,625,50,square
5,100,Random,703,70,square
5,100,Random,1220,50,house
5,10,Random,1152,60,house
5,100,Random,860,70,house
5,10,Random,960,40,house
5,100,Random,681,60,house
5,100,Random,990,40,house
5,10,Random,763,80,house
5,10,Random,703,50,house
5,10,Random,848,10,house
5,100,Random,1036,20,house
5,10,Random,780,70,house
5,10,Random,888,30,house
5,100,Random,996,80,house
5,100,Random,1076,30,house
5,10,Random,959,20,house
5,10,Random,591,90,house
5,100,Random,1109,10,house
5,100,Random,669,90,house
5,100,Random,698,100,house
6,10,NA,4099,90,naturalFrequency
6,10,NA,3599,20,naturalFrequency
6,100,NA,2077,50,naturalFrequency
6,100,NA,3132,0,naturalFrequency
6,10,NA,1643,70,naturalFrequency
6,100,NA,2754,40,naturalFrequency
6,10,NA,6345,30,naturalFrequency
6,10,NA,1851,10,naturalFrequency
6,10,NA,944,60,naturalFrequency
6,100,NA,1288,20,naturalFrequency
6,100,NA,2613,70,naturalFrequency
6,100,NA,1154,30,naturalFrequency
6,100,NA,823,80,naturalFrequency
6,100,NA,796,90,naturalFrequency
6,100,NA,1568,60,naturalFrequency
6,10,NA,1918,40,naturalFrequency
6,10,NA,875,50,naturalFrequency
6,10,NA,864,80,naturalFrequency
6,100,NA,921,10,naturalFrequency
6,10,Ordered,3056,60,square
6,100,Ordered,1910,90,square
6,10,Ordered,1054,80,square
6,100,Ordered,1062,20,square
6,100,Ordered,884,60,square
6,100,Ordered,1008,10,square
6,10,Ordered,950,70,square
6,100,Ordered,861,80,square
6,10,Ordered,898,90,square
6,100,Ordered,1236,70,square
6,10,Ordered,1468,20,square
6,100,Ordered,5145,30,square
6,100,Ordered,1345,100,square
6,10,Ordered,3373,10,square
6,10,Ordered,1266,50,square
6,100,Ordered,1602,40,square
6,10,Ordered,2658,30,square
6,10,Ordered,735,40,square
6,100,Ordered,996,50,square
6,10,Ordered,1884,70,house
6,10,Ordered,1238,20,house
6,100,Ordered,1235,30,house
6,100,Ordered,1786,70,house
6,100,Ordered,7200,50,house
6,10,Ordered,1192,50,house
6,100,Ordered,877,20,house
6,100,Ordered,735,60,house
6,100,Ordered,833,40,house
6,10,Ordered,1188,10,house
6,10,Ordered,730,60,house
6,10,Ordered,844,40,house
6,100,Ordered,1049,90,house
6,10,Ordered,927,90,house
6,10,Ordered,927,30,house
6,100,Ordered,882,10,house
6,10,Ordered,956,100,house
6,10,Ordered,786,80,house
6,100,Ordered,1024,80,house
6,10,Random,2775,60,square
6,100,Random,1955,40,square
6,100,Random,828,80,square
6,100,Random,1420,30,square
6,10,Random,1701,20,square
6,10,Random,914,50,square
6,100,Random,963,70,square
6,10,Random,754,90,square
6,100,Random,847,100,square
6,10,Random,834,10,square
6,10,Random,1278,30,square
6,10,Random,938,70,square
6,100,Random,966,20,square
6,100,Random,927,10,square
6,100,Random,859,90,square
6,100,Random,804,60,square
6,100,Random,687,50,square
6,10,Random,2842,40,square
6,10,Random,1312,80,square
6,10,Random,8261,80,house
6,100,Random,810,80,house
6,100,Random,1202,20,house
6,10,Random,1038,30,house
6,10,Random,766,50,house
6,10,Random,919,10,house
6,10,Random,870,100,house
6,100,Random,2177,10,house
6,10,Random,1343,70,house
6,10,Random,1667,40,house
6,100,Random,1094,50,house
6,10,Random,1050,90,house
6,100,Random,747,90,house
6,100,Random,797,70,house
6,10,Random,1150,20,house
6,10,Random,846,60,house
6,100,Random,841,60,house
6,100,Random,848,30,house
6,100,Random,543,40,house
7,100,NA,5488,50,naturalFrequency
7,100,NA,7839,30,naturalFrequency
7,10,NA,2256,80,naturalFrequency
7,10,NA,1696,90,naturalFrequency
7,100,NA,1592,90,naturalFrequency
7,10,NA,2208,50,naturalFrequency
7,10,NA,1864,10,naturalFrequency
7,10,NA,1736,20,naturalFrequency
7,100,NA,2416,40,naturalFrequency
7,100,NA,1368,80,naturalFrequency
7,100,NA,1600,70,naturalFrequency
7,100,NA,1496,60,naturalFrequency
7,10,NA,3328,40,naturalFrequency
7,10,NA,1456,60,naturalFrequency
7,10,NA,1664,30,naturalFrequency
7,100,NA,5240,0,naturalFrequency
7,100,NA,1792,20,naturalFrequency
7,100,NA,1536,10,naturalFrequency
7,10,NA,1648,70,naturalFrequency
7,10,Ordered,3055,20,square
7,100,Ordered,3240,20,square
7,100,Ordered,1136,60,square
7,10,Ordered,3352,40,square
7,10,Ordered,1344,0,square
7,10,Ordered,1264,80,square
7,10,Ordered,1728,60,square
7,10,Ordered,1008,70,square
7,100,Ordered,1480,90,square
7,10,Ordered,1264,10,square
7,100,Ordered,1400,10,square
7,100,Ordered,3664,50,square
7,10,Ordered,2152,30,square
7,100,Ordered,1824,40,square
7,100,Ordered,1104,30,square
7,10,Ordered,1608,50,square
7,10,Ordered,1415,90,square
7,100,Ordered,1360,70,square
7,100,Ordered,872,80,square
7,10,Ordered,2687,70,house
7,100,Ordered,1627,90,house
7,100,Ordered,1171,0,house
7,100,Ordered,1915,10,house
7,100,Ordered,1115,30,house
7,10,Ordered,1687,40,house
7,10,Ordered,935,90,house
7,10,Ordered,2391,60,house
7,100,Ordered,1508,80,house
7,10,Ordered,1639,20,house
7,100,Ordered,1803,50,house
7,100,Ordered,900,70,house
7,10,Ordered,1711,80,house
7,10,Ordered,1023,10,house
7,100,Ordered,1332,60,house
7,10,Ordered,1551,50,house
7,100,Ordered,1652,40,house
7,100,Ordered,1316,20,house
7,10,Ordered,1807,30,house
7,100,Random,3871,30,square
7,10,Random,1431,20,square
7,100,Random,1808,90,square
7,100,Random,1727,40,square
7,10,Random,1320,60,square
7,10,Random,1280,10,square
7,100,Random,1440,80,square
7,100,Random,1199,50,square
7,10,Random,1752,70,square
7,10,Random,896,90,square
7,100,Random,1463,20,square
7,100,Random,887,10,square
7,100,Random,1048,70,square
7,100,Random,879,60,square
7,10,Random,1440,40,square
7,10,Random,1248,30,square
7,10,Random,1256,80,square
7,100,Random,1224,0,square
7,10,Random,1256,50,square
7,10,Random,1566,100,house
7,10,Random,943,90,house
7,10,Random,1736,30,house
7,100,Random,1357,30,house
7,100,Random,1004,60,house
7,10,Random,1336,20,house
7,100,Random,1268,40,house
7,10,Random,1256,50,house
7,10,Random,1040,80,house
7,10,Random,1040,70,house
7,100,Random,1637,90,house
7,100,Random,1276,20,house
7,10,Random,1304,60,house
7,10,Random,1159,10,house
7,10,Random,1112,40,house
7,100,Random,1349,10,house
7,100,Random,900,70,house
7,100,Random,901,80,house
7,100,Random,885,50,house
8,10,NA,3592,40,naturalFrequency
8,10,NA,1666,50,naturalFrequency
8,10,NA,1182,70,naturalFrequency
8,100,NA,2348,90,naturalFrequency
8,100,NA,1314,80,naturalFrequency
8,100,NA,1098,60,naturalFrequency
8,10,NA,1465,20,naturalFrequency
8,10,NA,1214,90,naturalFrequency
8,100,NA,1449,20,naturalFrequency
8,100,NA,1082,30,naturalFrequency
8,10,NA,1830,10,naturalFrequency
8,100,NA,1616,70,naturalFrequency
8,10,NA,1164,30,naturalFrequency
8,100,NA,1932,50,naturalFrequency
8,10,NA,1446,60,naturalFrequency
8,100,NA,2464,10,naturalFrequency
8,10,NA,4312,80,naturalFrequency
8,10,NA,1298,100,naturalFrequency
8,100,NA,1348,40,naturalFrequency
8,100,Ordered,2793,90,square
8,10,Ordered,3247,80,square
8,10,Ordered,1365,10,square
8,10,Ordered,1348,30,square
8,100,Ordered,2646,70,square
8,100,Ordered,2212,50,square
8,100,Ordered,2048,10,square
8,100,Ordered,1697,30,square
8,10,Ordered,2616,60,square
8,100,Ordered,2006,80,square
8,100,Ordered,2563,20,square
8,10,Ordered,1758,90,square
8,10,Ordered,2096,50,square
8,100,Ordered,3545,40,square
8,10,Ordered,1649,70,square
8,10,Ordered,1897,20,square
8,100,Ordered,1580,100,square
8,100,Ordered,1499,60,square
8,10,Ordered,4711,40,square
8,100,Ordered,3957,30,house
8,100,Ordered,1945,40,house
8,10,Ordered,1482,20,house
8,100,Ordered,2110,80,house
8,10,Ordered,2281,30,house
8,100,Ordered,2176,20,house
8,10,Ordered,1847,50,house
8,10,Ordered,1763,60,house
8,100,Ordered,8272,50,house
8,10,Ordered,1398,80,house
8,10,Ordered,1048,10,house
8,100,Ordered,1581,100,house
8,10,Ordered,1681,90,house
8,10,Ordered,1333,70,house
8,100,Ordered,1612,60,house
8,100,Ordered,1377,90,house
8,10,Ordered,3413,40,house
8,100,Ordered,1560,10,house
8,100,Ordered,1392,70,house
8,100,Random,3043,20,square
8,100,Random,1399,80,square
8,10,Random,2447,40,square
8,100,Random,1782,60,square
8,100,Random,2062,40,square
8,10,Random,1681,80,square
8,10,Random,1347,30,square
8,100,Random,2164,10,square
8,100,Random,1613,50,square
8,10,Random,1348,10,square
8,10,Random,1181,0,square
8,100,Random,1096,70,square
8,10,Random,2931,50,square
8,100,Random,1430,90,square
8,100,Random,6327,30,square
8,10,Random,1849,60,square
8,10,Random,1380,90,square
8,10,Random,1331,20,square
8,10,Random,1165,70,square
8,10,Random,2928,10,house
8,100,Random,1891,10,house
8,100,Random,1960,30,house
8,100,Random,1472,20,house
8,100,Random,1514,80,house
8,10,Random,1445,100,house
8,10,Random,1097,70,house
8,10,Random,1231,60,house
8,100,Random,1747,60,house
8,10,Random,1714,30,house
8,10,Random,2465,50,house
8,100,Random,1628,40,house
8,10,Random,1451,90,house
8,100,Random,1680,90,house
8,100,Random,1596,50,house
8,10,Random,1496,20,house
8,10,Random,1413,80,house
8,100,Random,1812,70,house
8,10,Random,1798,40,house
9,10,NA,11727,60,naturalFrequency
9,100,NA,5312,90,naturalFrequency
9,100,NA,6136,60,naturalFrequency
9,100,NA,5224,40,naturalFrequency
9,100,NA,2007,50,naturalFrequency
9,10,NA,4616,10,naturalFrequency
9,10,NA,3967,90,naturalFrequency
9,10,NA,4192,70,naturalFrequency
9,10,NA,1816,30,naturalFrequency
9,10,NA,2632,100,naturalFrequency
9,100,NA,2640,10,naturalFrequency
9,100,NA,1609,80,naturalFrequency
9,10,NA,2456,40,naturalFrequency
9,100,NA,2679,20,naturalFrequency
9,10,NA,1904,80,naturalFrequency
9,10,NA,6817,20,naturalFrequency
9,100,NA,1672,70,naturalFrequency
9,100,NA,2424,30,naturalFrequency
9,10,NA,1392,50,naturalFrequency
9,10,Ordered,11742,50,square
9,100,Ordered,3703,50,square
9,100,Ordered,7544,40,square
9,100,Ordered,9712,30,square
9,100,Ordered,1561,70,square
9,10,Ordered,7521,30,square
9,10,Ordered,3328,0,square
9,100,Ordered,1815,10,square
9,100,Ordered,2111,60,square
9,100,Ordered,1225,80,square
9,100,Ordered,1047,90,square
9,10,Ordered,2104,60,square
9,10,Ordered,2177,70,square
9,10,Ordered,1728,20,square
9,100,Ordered,2791,20,square
9,10,Ordered,2119,80,square
9,10,Ordered,3287,40,square
9,10,Ordered,1631,10,square
9,10,Ordered,1520,90,square
9,10,Ordered,4711,60,house
9,10,Ordered,1192,70,house
9,100,Ordered,1708,60,house
9,10,Ordered,1727,20,house
9,10,Ordered,1256,80,house
9,100,Ordered,2556,70,house
9,100,Ordered,1820,10,house
9,100,Ordered,4373,50,house
9,100,Ordered,1244,40,house
9,10,Ordered,2600,40,house
9,100,Ordered,1421,80,house
9,10,Ordered,1831,10,house
9,100,Ordered,1260,90,house
9,100,Ordered,1437,20,house
9,10,Ordered,1783,90,house
9,10,Ordered,1166,30,house
9,10,Ordered,1207,50,house
9,100,Ordered,1223,100,house
9,100,Ordered,1627,30,house
9,10,Random,2154,70,square
9,100,Random,3207,60,square
9,10,Random,2015,10,square
9,100,Random,1312,100,square
9,100,Random,1215,50,square
9,10,Random,1624,80,square
9,100,Random,1335,10,square
9,10,Random,1799,90,square
9,100,Random,1983,30,square
9,100,Random,1151,40,square
9,100,Random,1263,20,square
9,10,Random,1944,20,square
9,100,Random,1823,80,square
9,100,Random,1654,90,square
9,100,Random,1023,70,square
9,10,Random,167729,50,square
9,10,Random,5912,40,square
9,10,Random,1239,60,square
9,10,Random,2184,30,square
9,10,Random,2791,50,house
9,100,Random,1277,70,house
9,10,Random,1575,30,house
9,10,Random,1711,80,house
9,100,Random,1236,100,house
9,100,Random,1557,40,house
9,100,Random,3804,50,house
9,100,Random,1101,60,house
9,10,Random,1696,70,house
9,10,Random,1382,10,house
9,10,Random,927,90,house
9,100,Random,1405,10,house
9,100,Random,1182,20,house
9,10,Random,1559,60,house
9,10,Random,1287,20,house
9,10,Random,1439,40,house
9,100,Random,1204,80,house
9,100,Random,1381,30,house
9,100,Random,917,90,house
10,100,NA,6706,60,naturalFrequency
10,100,NA,2145,90,naturalFrequency
10,100,NA,1053,70,naturalFrequency
10,10,NA,4205,10,naturalFrequency
10,10,NA,1679,40,naturalFrequency
10,100,NA,1353,80,naturalFrequency
10,10,NA,1414,90,naturalFrequency
10,10,NA,1134,70,naturalFrequency
10,10,NA,945,60,naturalFrequency
10,100,NA,1684,20,naturalFrequency
10,100,NA,1216,30,naturalFrequency
10,100,NA,1458,0,naturalFrequency
10,10,NA,1557,50,naturalFrequency
10,10,NA,1245,80,naturalFrequency
10,10,NA,1776,20,naturalFrequency
10,100,NA,1356,40,naturalFrequency
10,10,NA,1183,30,naturalFrequency
10,100,NA,2040,50,naturalFrequency
10,100,NA,1082,10,naturalFrequency
10,10,Ordered,3865,60,square
10,100,Ordered,1305,80,square
10,100,Ordered,1198,60,square
10,10,Ordered,1265,50,square
10,100,Ordered,1201,90,square
10,100,Ordered,912,70,square
10,10,Ordered,1261,20,square
10,10,Ordered,1110,40,square
10,10,Ordered,1173,10,square
10,100,Ordered,1189,10,square
10,10,Ordered,2367,30,square
10,10,Ordered,950,80,square
10,10,Ordered,871,70,square
10,100,Ordered,1488,20,square
10,100,Ordered,1656,40,square
10,10,Ordered,1124,100,square
10,100,Ordered,1179,30,square
10,10,Ordered,1132,90,square
10,100,Ordered,1300,50,square
10,10,Ordered,2695,20,house
10,10,Ordered,1123,10,house
10,100,Ordered,1113,90,house
10,100,Ordered,1060,70,house
10,100,Ordered,952,10,house
10,10,Ordered,1157,90,house
10,10,Ordered,1002,40,house
10,100,Ordered,1277,50,house
10,100,Ordered,924,80,house
10,10,Ordered,1087,30,house
10,100,Ordered,1249,30,house
10,100,Ordered,840,100,house
10,10,Ordered,1633,80,house
10,100,Ordered,1373,60,house
10,100,Ordered,1014,20,house
10,10,Ordered,1057,70,house
10,10,Ordered,951,50,house
10,10,Ordered,911,60,house
10,100,Ordered,1176,40,house
10,10,Random,3435,20,square
10,100,Random,2950,30,square
10,100,Random,823,20,square
10,10,Random,1062,50,square
10,10,Random,784,90,square
10,100,Random,1062,50,square
10,10,Random,1070,0,square
10,10,Random,1161,10,square
10,100,Random,1153,40,square
10,10,Random,1063,30,square
10,100,Random,1113,90,square
10,100,Random,975,70,square
10,10,Random,1085,70,square
10,10,Random,765,40,square
10,10,Random,882,80,square
10,100,Random,3137,10,square
10,10,Random,1228,60,square
10,100,Random,1439,80,square
10,100,Random,1352,60,square
10,100,Random,4087,90,house
10,100,Random,935,70,house
10,100,Random,673,30,house
10,10,Random,1241,0,house
10,100,Random,1086,40,house
10,100,Random,1394,10,house
10,10,Random,1202,90,house
10,10,Random,735,80,house
10,10,Random,1090,10,house
10,10,Random,720,20,house
10,10,Random,741,60,house
10,10,Random,750,30,house
10,100,Random,1239,50,house
10,100,Random,661,20,house
10,100,Random,640,80,house
10,100,Random,858,60,house
10,10,Random,1244,70,house
10,10,Random,911,40,house
10,10,Random,934,50,house
12,100,NA,6176,80,naturalFrequency
12,10,NA,2838,50,naturalFrequency
12,10,NA,3920,20,naturalFrequency
12,10,NA,1098,30,naturalFrequency
12,100,NA,1058,90,naturalFrequency
12,10,NA,1179,60,naturalFrequency
12,100,NA,2100,10,naturalFrequency
12,10,NA,2474,0,naturalFrequency
12,100,NA,1179,70,naturalFrequency
12,10,NA,1150,70,naturalFrequency
12,100,NA,1154,60,naturalFrequency
12,10,NA,785,80,naturalFrequency
12,10,NA,1131,10,naturalFrequency
12,100,NA,801,50,naturalFrequency
12,100,NA,529,30,naturalFrequency
12,100,NA,481,40,naturalFrequency
12,10,NA,505,90,naturalFrequency
12,10,NA,465,40,naturalFrequency
12,100,NA,553,20,naturalFrequency
12,100,Ordered,4163,70,square
12,100,Ordered,721,60,square
12,10,Ordered,1385,60,square
12,10,Ordered,530,90,square
12,10,Ordered,544,70,square
12,10,Ordered,1075,10,square
12,10,Ordered,545,40,square
12,10,Ordered,1115,50,square
12,100,Ordered,1067,20,square
12,100,Ordered,953,0,square
12,10,Ordered,953,30,square
12,100,Ordered,865,80,square
12,100,Ordered,1041,10,square
12,100,Ordered,705,50,square
12,100,Ordered,609,90,square
12,10,Ordered,1146,20,square
12,10,Ordered,505,80,square
12,100,Ordered,825,40,square
12,100,Ordered,506,30,square
12,10,Ordered,1834,80,house
12,100,Ordered,2633,60,house
12,100,Ordered,729,90,house
12,100,Ordered,449,40,house
12,100,Ordered,440,10,house
12,10,Ordered,953,0,house
12,10,Ordered,1009,30,house
12,10,Ordered,488,40,house
12,100,Ordered,1210,20,house
12,10,Ordered,809,50,house
12,10,Ordered,521,60,house
12,10,Ordered,528,10,house
12,100,Ordered,968,70,house
12,100,Ordered,657,50,house
12,10,Ordered,849,20,house
12,10,Ordered,552,90,house
12,10,Ordered,511,70,house
12,100,Ordered,1145,80,house
12,100,Ordered,514,30,house
12,10,Random,1145,80,square
12,10,Random,465,0,square
12,10,Random,585,10,square
12,10,Random,473,70,square
12,100,Random,1106,70,square
12,10,Random,1418,30,square
12,10,Random,826,50,square
12,100,Random,849,60,square
12,10,Random,1587,20,square
12,100,Random,865,50,square
12,100,Random,698,90,square
12,10,Random,1154,90,square
12,100,Random,922,40,square
12,100,Random,820,30,square
12,100,Random,1266,10,square
12,10,Random,913,40,square
12,100,Random,885,20,square
12,10,Random,1739,60,square
12,100,Random,957,80,square
12,100,Random,986,20,house
12,10,Random,840,70,house
12,10,Random,636,80,house
12,100,Random,1186,90,house
12,10,Random,1521,10,house
12,10,Random,575,50,house
12,100,Random,912,100,house
12,100,Random,2215,70,house
12,10,Random,2997,60,house
12,100,Random,921,10,house
12,100,Random,1258,40,house
12,100,Random,753,30,house
12,10,Random,903,20,house
12,100,Random,1041,60,house
12,10,Random,785,40,house
12,10,Random,527,30,house
12,10,Random,551,90,house
12,100,Random,776,80,house
12,100,Random,801,50,house
13,100,NA,3991,30,naturalFrequency
13,10,NA,2399,60,naturalFrequency
13,10,NA,2988,10,naturalFrequency
13,100,NA,2026,50,naturalFrequency
13,10,NA,2190,40,naturalFrequency
13,100,NA,2508,40,naturalFrequency
13,10,NA,1594,30,naturalFrequency
13,100,NA,2326,70,naturalFrequency
13,100,NA,1791,60,naturalFrequency
13,100,NA,1498,100,naturalFrequency
13,10,NA,1821,80,naturalFrequency
13,100,NA,1448,80,naturalFrequency
13,100,NA,1379,90,naturalFrequency
13,100,NA,1413,10,naturalFrequency
13,10,NA,1544,20,naturalFrequency
13,100,NA,2103,20,naturalFrequency
13,10,NA,1879,50,naturalFrequency
13,10,NA,1191,70,naturalFrequency
13,10,NA,1652,90,naturalFrequency
13,100,Ordered,4184,20,square
13,100,Ordered,1100,70,square
13,10,Ordered,3475,20,square
13,100,Ordered,1679,50,square
13,10,Ordered,1555,60,square
13,100,Ordered,1937,80,square
13,10,Ordered,1480,40,square
13,100,Ordered,1451,10,square
13,10,Ordered,1399,30,square
13,100,Ordered,1448,60,square
13,100,Ordered,1127,30,square
13,10,Ordered,1465,50,square
13,10,Ordered,1279,70,square
13,10,Ordered,933,90,square
13,100,Ordered,1249,100,square
13,10,Ordered,1414,80,square
13,100,Ordered,1300,40,square
13,100,Ordered,1461,90,square
13,10,Ordered,1421,10,square
13,100,Ordered,3002,60,house
13,10,Ordered,1463,30,house
13,10,Ordered,999,90,house
13,100,Ordered,1273,80,house
13,10,Ordered,1107,60,house
13,10,Ordered,800,10,house
13,10,Ordered,912,50,house
13,100,Ordered,1127,10,house
13,100,Ordered,1072,40,house
13,10,Ordered,1829,70,house
13,10,Ordered,827,100,house
13,100,Ordered,1161,50,house
13,10,Ordered,1070,20,house
13,100,Ordered,1029,20,house
13,10,Ordered,1237,40,house
13,10,Ordered,830,80,house
13,100,Ordered,1596,70,house
13,100,Ordered,836,90,house
13,100,Ordered,986,30,house
13,100,Random,2122,30,square
13,10,Random,1285,90,square
13,100,Random,1404,50,square
13,10,Random,998,10,square
13,100,Random,1144,40,square
13,100,Random,934,10,square
13,10,Random,1207,80,square
13,10,Random,1578,0,square
13,10,Random,1577,60,square
13,10,Random,1020,70,square
13,10,Random,974,40,square
13,100,Random,1213,20,square
13,100,Random,952,90,square
13,10,Random,1445,50,square
13,10,Random,1030,30,square
13,10,Random,820,20,square
13,100,Random,1114,60,square
13,100,Random,762,80,square
13,100,Random,908,70,square
13,100,Random,1542,60,house
13,10,Random,1264,70,house
13,100,Random,1178,40,house
13,100,Random,969,30,house
13,100,Random,1052,70,house
13,10,Random,1150,30,house
13,100,Random,1286,80,house
13,10,Random,960,20,house
13,10,Random,1319,80,house
13,100,Random,1085,10,house
13,100,Random,1620,50,house
13,10,Random,1010,40,house
13,100,Random,1643,90,house
13,10,Random,946,10,house
13,100,Random,1245,20,house
13,10,Random,1065,60,house
13,100,Random,1145,100,house
13,10,Random,1767,90,house
13,10,Random,1023,50,house
14,100,NA,21208,10,naturalFrequency
14,100,NA,3192,40,naturalFrequency
14,100,NA,1008,60,naturalFrequency
14,10,NA,2040,70,naturalFrequency
14,10,NA,5528,60,naturalFrequency
14,10,NA,1083,90,naturalFrequency
14,10,NA,2880,10,naturalFrequency
14,100,NA,1304,90,naturalFrequency
14,100,NA,1656,70,naturalFrequency
14,10,NA,1248,20,naturalFrequency
14,100,NA,888,50,naturalFrequency
14,10,NA,1192,30,naturalFrequency
14,100,NA,1136,20,naturalFrequency
14,10,NA,1032,50,naturalFrequency
14,100,NA,1312,100,naturalFrequency
14,10,NA,1008,80,naturalFrequency
14,10,NA,1064,40,naturalFrequency
14,100,NA,853,80,naturalFrequency
14,100,NA,1224,30,naturalFrequency
14,100,Ordered,4015,80,square
14,10,Ordered,1928,10,square
14,10,Ordered,936,90,square
14,10,Ordered,928,50,square
14,10,Ordered,920,100,square
14,100,Ordered,914,90,square
14,100,Ordered,592,60,square
14,10,Ordered,808,70,square
14,100,Ordered,816,70,square
14,100,Ordered,504,20,square
14,10,Ordered,1584,80,square
14,100,Ordered,1288,30,square
14,100,Ordered,608,50,square
14,100,Ordered,1088,40,square
14,10,Ordered,1064,30,square
14,10,Ordered,1441,20,square
14,100,Ordered,1103,10,square
14,10,Ordered,968,60,square
14,10,Ordered,656,40,square
14,10,Ordered,2463,40,house
14,100,Ordered,1078,20,house
14,100,Ordered,686,70,house
14,100,Ordered,782,10,house
14,100,Ordered,518,50,house
14,10,Ordered,1001,70,house
14,100,Ordered,1372,60,house
14,10,Ordered,887,10,house
14,100,Ordered,894,100,house
14,100,Ordered,702,40,house
14,10,Ordered,10320,50,house
14,100,Ordered,1022,30,house
14,10,Ordered,912,20,house
14,100,Ordered,863,90,house
14,10,Ordered,872,90,house
14,10,Ordered,928,60,house
14,100,Ordered,911,80,house
14,10,Ordered,928,30,house
14,10,Ordered,608,80,house
14,100,Random,1507,30,square
14,100,Random,776,20,square
14,100,Random,681,40,square
14,100,Random,776,90,square
14,10,Random,1065,20,square
14,100,Random,1894,60,square
14,10,Random,856,70,square
14,10,Random,744,30,square
14,10,Random,600,10,square
14,10,Random,696,90,square
14,100,Random,1008,10,square
14,100,Random,528,0,square
14,10,Random,1160,80,square
14,10,Random,1120,60,square
14,100,Random,1144,50,square
14,100,Random,696,70,square
14,100,Random,832,80,square
14,10,Random,1192,40,square
14,10,Random,800,50,square
14,10,Random,1719,20,house
14,100,Random,1030,30,house
14,100,Random,702,40,house
14,100,Random,654,60,house
14,10,Random,912,30,house
14,100,Random,823,90,house
14,10,Random,1144,70,house
14,10,Random,954,90,house
14,100,Random,2034,20,house
14,10,Random,1192,10,house
14,100,Random,982,80,house
14,100,Random,4215,0,house
14,10,Random,1272,80,house
14,10,Random,784,40,house
14,10,Random,736,60,house
14,100,Random,1143,10,house
14,100,Random,2086,50,house
14,10,Random,1504,50,house
14,100,Random,951,70,house
15,10,NA,9658,20,naturalFrequency
15,10,NA,2270,50,naturalFrequency
15,100,NA,5019,30,naturalFrequency
15,10,NA,1888,40,naturalFrequency
15,10,NA,4518,0,naturalFrequency
15,100,NA,2556,40,naturalFrequency
15,10,NA,4254,10,naturalFrequency
15,100,NA,2954,80,naturalFrequency
15,10,NA,2435,90,naturalFrequency
15,100,NA,9821,20,naturalFrequency
15,10,NA,3816,30,naturalFrequency
15,10,NA,1550,60,naturalFrequency
15,100,NA,2445,10,naturalFrequency
15,10,NA,1935,70,naturalFrequency
15,10,NA,1821,80,naturalFrequency
15,100,NA,1607,60,naturalFrequency
15,100,NA,1488,50,naturalFrequency
15,100,NA,1457,90,naturalFrequency
15,100,NA,1575,70,naturalFrequency
15,10,Ordered,10586,10,square
15,10,Ordered,1367,70,square
15,10,Ordered,2175,40,square
15,10,Ordered,1534,80,square
15,100,Ordered,3309,70,square
15,100,Ordered,2008,80,square
15,100,Ordered,2610,90,square
15,100,Ordered,6909,50,square
15,10,Ordered,11602,30,square
15,100,Ordered,3212,10,square
15,10,Ordered,1886,50,square
15,10,Ordered,1435,60,square
15,10,Ordered,1231,90,square
15,100,Ordered,5504,0,square
15,100,Ordered,1506,60,square
15,100,Ordered,1838,40,square
15,100,Ordered,3124,30,square
15,10,Ordered,1837,20,square
15,100,Ordered,2640,20,square
15,10,Ordered,4503,80,house
15,10,Ordered,1403,60,house
15,10,Ordered,1759,20,house
15,100,Ordered,2336,50,house
15,10,Ordered,3539,10,house
15,100,Ordered,2605,90,house
15,100,Ordered,2492,30,house
15,100,Ordered,1618,20,house
15,10,Ordered,2444,70,house
15,100,Ordered,2601,60,house
15,100,Ordered,2557,10,house
15,10,Ordered,1502,50,house
15,10,Ordered,17495,40,house
15,100,Ordered,2286,70,house
15,100,Ordered,2806,40,house
15,10,Ordered,3540,0,house
15,10,Ordered,1705,90,house
15,10,Ordered,2459,30,house
15,100,Ordered,1856,80,house
15,100,Random,2826,80,square
15,10,Random,3683,40,square
15,100,Random,3273,70,square
15,10,Random,2292,80,square
15,100,Random,6724,10,square
15,100,Random,1556,50,square
15,100,Random,1560,60,square
15,100,Random,1687,40,square
15,10,Random,2003,60,square
15,100,Random,1842,90,square
15,10,Random,2236,100,square
15,10,Random,8633,30,square
15,10,Random,3089,20,square
15,10,Random,1505,10,square
15,10,Random,1707,50,square
15,10,Random,1574,70,square
15,10,Random,1280,90,square
15,100,Random,7859,30,square
15,100,Random,1557,20,square
15,10,Random,3055,10,house
15,100,Random,2456,70,house
15,100,Random,1569,60,house
15,100,Random,6390,40,house
15,10,Random,1866,80,house
15,10,Random,1604,90,house
15,10,Random,5916,50,house
15,100,Random,3055,20,house
15,10,Random,4363,40,house
15,10,Random,2808,0,house
15,100,Random,1904,90,house
15,10,Random,2541,60,house
15,10,Random,1850,70,house
15,10,Random,16446,20,house
15,10,Random,1745,30,house
15,100,Random,2828,10,house
15,100,Random,1426,50,house
15,100,Random,1625,80,house
15,100,Random,4143,30,house
16,10,NA,20232,30,naturalFrequency
16,10,NA,6100,70,naturalFrequency
16,10,NA,5931,40,naturalFrequency
16,10,NA,7719,90,naturalFrequency
16,100,NA,13280,10,naturalFrequency
16,100,NA,6776,30,naturalFrequency
16,100,NA,7104,40,naturalFrequency
16,100,NA,5368,50,naturalFrequency
16,100,NA,4515,70,naturalFrequency
16,100,NA,6996,20,naturalFrequency
16,10,NA,6484,80,naturalFrequency
16,10,NA,2892,10,naturalFrequency
16,100,NA,4515,80,naturalFrequency
16,10,NA,27504,50,naturalFrequency
16,100,NA,3075,90,naturalFrequency
16,10,NA,2301,20,naturalFrequency
16,100,NA,3016,60,naturalFrequency
16,10,NA,2800,60,naturalFrequency
16,10,NA,2539,100,naturalFrequency
16,100,Ordered,15983,80,square
16,10,Ordered,5404,30,square
16,100,Ordered,4399,40,square
16,100,Ordered,2996,100,square
16,100,Ordered,3235,90,square
16,100,Ordered,9564,50,square
16,100,Ordered,1991,60,square
16,10,Ordered,2985,10,square
16,100,Ordered,2656,30,square
16,10,Ordered,7547,50,square
16,10,Ordered,2064,80,square
16,100,Ordered,2887,20,square
16,10,Ordered,2616,20,square
16,10,Ordered,2972,60,square
16,100,Ordered,2256,70,square
16,10,Ordered,2227,70,square
16,10,Ordered,1699,90,square
16,100,Ordered,2435,10,square
16,10,Ordered,4235,40,square
16,10,Ordered,12400,50,house
16,100,Ordered,2311,60,house
16,10,Ordered,2688,20,house
16,100,Ordered,2823,50,house
16,100,Ordered,1802,10,house
16,10,Ordered,3356,80,house
16,100,Ordered,2123,90,house
16,10,Ordered,3891,60,house
16,10,Ordered,2044,10,house
16,10,Ordered,1575,30,house
16,100,Ordered,2735,40,house
16,10,Ordered,2660,0,house
16,100,Ordered,1967,20,house
16,100,Ordered,1547,30,house
16,10,Ordered,1923,70,house
16,100,Ordered,1886,70,house
16,10,Ordered,3648,40,house
16,10,Ordered,2007,90,house
16,100,Ordered,1887,80,house
16,100,Random,5166,50,square
16,10,Random,5180,40,square
16,10,Random,2152,20,square
16,100,Random,2939,80,square
16,100,Random,3496,30,square
16,100,Random,2112,20,square
16,10,Random,3292,30,square
16,10,Random,1792,80,square
16,10,Random,2599,60,square
16,100,Random,2480,70,square
16,10,Random,2904,100,square
16,10,Random,2312,50,square
16,10,Random,1764,10,square
16,10,Random,1472,90,square
16,100,Random,2084,90,square
16,100,Random,2759,60,square
16,100,Random,2075,10,square
16,100,Random,3307,40,square
16,10,Random,1860,70,square
16,10,Random,6355,40,house
16,100,Random,7199,40,house
16,10,Random,2360,60,house
16,100,Random,2360,50,house
16,10,Random,2188,10,house
16,100,Random,2091,20,house
16,100,Random,1664,80,house
16,10,Random,4848,30,house
16,100,Random,1894,70,house
16,10,Random,1919,80,house
16,10,Random,1420,90,house
16,10,Random,2471,20,house
16,100,Random,2298,60,house
16,10,Random,1732,100,house
16,100,Random,2155,10,house
16,100,Random,10031,30,house
16,10,Random,2471,50,house
16,10,Random,1724,70,house
16,100,Random,1798,90,house
17,100,NA,5066,100,naturalFrequency
17,100,NA,2174,60,naturalFrequency
17,10,NA,2283,50,naturalFrequency
17,100,NA,1808,40,naturalFrequency
17,100,NA,4874,10,naturalFrequency
17,100,NA,1264,70,naturalFrequency
17,10,NA,1680,30,naturalFrequency
17,100,NA,1130,90,naturalFrequency
17,10,NA,1277,60,naturalFrequency
17,100,NA,986,80,naturalFrequency
17,10,NA,3813,20,naturalFrequency
17,10,NA,1508,80,naturalFrequency
17,100,NA,1269,20,naturalFrequency
17,10,NA,3642,10,naturalFrequency
17,10,NA,929,70,naturalFrequency
17,10,NA,712,90,naturalFrequency
17,10,NA,937,40,naturalFrequency
17,100,NA,2117,30,naturalFrequency
17,100,NA,718,50,naturalFrequency
17,100,Ordered,3070,70,square
17,10,Ordered,1234,90,square
17,10,Ordered,1249,10,square
17,100,Ordered,2427,20,square
17,100,Ordered,1256,50,square
17,100,Ordered,1142,60,square
17,10,Ordered,1293,60,square
17,100,Ordered,1440,0,square
17,10,Ordered,864,70,square
17,100,Ordered,1499,40,square
17,100,Ordered,953,80,square
17,100,Ordered,1392,30,square
17,100,Ordered,838,90,square
17,10,Ordered,2800,20,square
17,10,Ordered,867,80,square
17,10,Ordered,1278,40,square
17,10,Ordered,1055,30,square
17,10,Ordered,980,50,square
17,100,Ordered,1403,10,square
17,10,Ordered,2621,50,house
17,100,Ordered,1182,60,house
17,100,Ordered,1203,10,house
17,100,Ordered,1684,20,house
17,100,Ordered,1095,30,house
17,10,Ordered,1151,60,house
17,100,Ordered,1269,40,house
17,10,Ordered,1248,30,house
17,10,Ordered,1567,20,house
17,10,Ordered,1478,90,house
17,10,Ordered,1482,0,house
17,10,Ordered,1063,70,house
17,10,Ordered,1532,10,house
17,10,Ordered,1322,40,house
17,100,Ordered,1350,90,house
17,100,Ordered,1030,70,house
17,100,Ordered,1188,50,house
17,100,Ordered,963,80,house
17,10,Ordered,1122,80,house
17,100,Random,3014,30,square
17,10,Random,2260,30,square
17,100,Random,1085,40,square
17,100,Random,2113,90,square
17,10,Random,928,90,square
17,100,Random,2370,10,square
17,10,Random,1292,20,square
17,10,Random,1130,50,square
17,10,Random,1066,40,square
17,10,Random,773,60,square
17,10,Random,830,80,square
17,100,Random,1100,70,square
17,100,Random,959,60,square
17,10,Random,1273,10,square
17,100,Random,1489,20,square
17,100,Random,954,50,square
17,100,Random,933,80,square
17,10,Random,1180,0,square
17,10,Random,1073,70,square
17,100,Random,2299,0,house
17,10,Random,1711,20,house
17,10,Random,903,60,house
17,10,Random,806,50,house
17,100,Random,1552,50,house
17,100,Random,1206,70,house
17,100,Random,1393,10,house
17,10,Random,1349,30,house
17,10,Random,786,80,house
17,10,Random,1181,40,house
17,100,Random,979,90,house
17,100,Random,947,40,house
17,10,Random,935,70,house
17,100,Random,928,80,house
17,100,Random,2335,20,house
17,10,Random,958,90,house
17,100,Random,883,60,house
17,10,Random,938,10,house
17,100,Random,1973,30,house
18,10,NA,6167,70,naturalFrequency
18,100,NA,4109,20,naturalFrequency
18,100,NA,1856,60,naturalFrequency
18,10,NA,3399,30,naturalFrequency
18,100,NA,1692,80,naturalFrequency
18,100,NA,1887,50,naturalFrequency
18,10,NA,1997,80,naturalFrequency
18,10,NA,2331,60,naturalFrequency
18,10,NA,1591,90,naturalFrequency
18,10,NA,1950,0,naturalFrequency
18,10,NA,6434,40,naturalFrequency
18,100,NA,1956,30,naturalFrequency
18,100,NA,1442,70,naturalFrequency
18,100,NA,1801,10,naturalFrequency
18,10,NA,1536,10,naturalFrequency
18,10,NA,1591,50,naturalFrequency
18,10,NA,1411,20,naturalFrequency
18,100,NA,1567,40,naturalFrequency
18,100,NA,1365,90,naturalFrequency
18,10,Ordered,3454,20,square
18,10,Ordered,1388,10,square
18,10,Ordered,1676,40,square
18,100,Ordered,2135,30,square
18,10,Ordered,1676,90,square
18,10,Ordered,1551,0,square
18,10,Ordered,1466,50,square
18,100,Ordered,1598,20,square
18,100,Ordered,1341,80,square
18,10,Ordered,1809,80,square
18,10,Ordered,1387,30,square
18,100,Ordered,1700,70,square
18,100,Ordered,1871,60,square
18,10,Ordered,1590,70,square
18,100,Ordered,3157,50,square
18,100,Ordered,1512,10,square
18,100,Ordered,1410,40,square
18,100,Ordered,1341,90,square
18,10,Ordered,1825,60,square
18,10,Ordered,2961,70,house
18,100,Ordered,2062,30,house
18,100,Ordered,1396,80,house
18,100,Ordered,1906,10,house
18,100,Ordered,1405,90,house
18,10,Ordered,1832,30,house
18,10,Ordered,1473,50,house
18,10,Ordered,2308,90,house
18,100,Ordered,1661,20,house
18,10,Ordered,1567,80,house
18,10,Ordered,1270,10,house
18,10,Ordered,1207,20,house
18,100,Ordered,1642,40,house
18,100,Ordered,1243,70,house
18,100,Ordered,1547,60,house
18,10,Ordered,1747,60,house
18,10,Ordered,1370,0,house
18,10,Ordered,1341,40,house
18,100,Ordered,1740,50,house
18,100,Random,2774,70,square
18,100,Random,1271,90,square
18,10,Random,1504,10,square
18,10,Random,1348,90,square
18,100,Random,1630,20,square
18,100,Random,1185,80,square
18,10,Random,1513,0,square
18,100,Random,2066,40,square
18,10,Random,1482,80,square
18,10,Random,1224,30,square
18,10,Random,1388,40,square
18,100,Random,2253,10,square
18,10,Random,1841,70,square
18,10,Random,2098,50,square
18,100,Random,1675,60,square
18,100,Random,1731,50,square
18,10,Random,1427,20,square
18,10,Random,1504,60,square
18,100,Random,1700,30,square
18,100,Random,3479,30,house
18,100,Random,2001,70,house
18,10,Random,1698,70,house
18,10,Random,2043,10,house
18,10,Random,1302,90,house
18,10,Random,1979,60,house
18,10,Random,1388,30,house
18,100,Random,1717,20,house
18,10,Random,1645,50,house
18,10,Random,1262,80,house
18,100,Random,1813,40,house
18,10,Random,1457,20,house
18,100,Random,1693,50,house
18,100,Random,1244,60,house
18,100,Random,1571,90,house
18,100,Random,1514,10,house
18,100,Random,1532,80,house
18,10,Random,1698,40,house
18,10,Random,1904,100,house
19,10,NA,9160,50,naturalFrequency
19,10,NA,7651,70,naturalFrequency
19,100,NA,3087,20,naturalFrequency
19,100,NA,2219,60,naturalFrequency
19,10,NA,2134,60,naturalFrequency
19,100,NA,3634,70,naturalFrequency
19,100,NA,2725,90,naturalFrequency
19,10,NA,1842,80,naturalFrequency
19,100,NA,1948,80,naturalFrequency
19,100,NA,2268,50,naturalFrequency
19,100,NA,1733,40,naturalFrequency
19,10,NA,1852,90,naturalFrequency
19,10,NA,2168,30,naturalFrequency
19,10,NA,1566,20,naturalFrequency
19,10,NA,1352,10,naturalFrequency
19,10,NA,1446,40,naturalFrequency
19,100,NA,2931,100,naturalFrequency
19,100,NA,4878,10,naturalFrequency
19,100,NA,1580,30,naturalFrequency
19,100,Ordered,16112,50,square
19,100,Ordered,3844,20,square
19,10,Ordered,6145,50,square
19,10,Ordered,7305,40,square
19,100,Ordered,2494,60,square
19,10,Ordered,1753,30,square
19,10,Ordered,1793,90,square
19,100,Ordered,1868,40,square
19,100,Ordered,1897,30,square
19,10,Ordered,4498,10,square
19,10,Ordered,4716,80,square
19,10,Ordered,3551,20,square
19,100,Ordered,3448,70,square
19,100,Ordered,4469,0,square
19,100,Ordered,2970,10,square
19,10,Ordered,1715,70,square
19,100,Ordered,1913,90,square
19,100,Ordered,2012,80,square
19,10,Ordered,5451,60,square
19,100,Ordered,10118,50,house
19,10,Ordered,3333,80,house
19,100,Ordered,2140,100,house
19,10,Ordered,1928,30,house
19,10,Ordered,1423,20,house
19,100,Ordered,2304,60,house
19,100,Ordered,1700,70,house
19,10,Ordered,2447,70,house
19,100,Ordered,2257,10,house
19,10,Ordered,2548,60,house
19,100,Ordered,2788,80,house
19,100,Ordered,1941,30,house
19,10,Ordered,2820,40,house
19,10,Ordered,1753,50,house
19,10,Ordered,2711,10,house
19,10,Ordered,1823,90,house
19,100,Ordered,2478,20,house
19,100,Ordered,2170,40,house
19,100,Ordered,8549,90,house
19,100,Random,4831,10,square
19,10,Random,2716,40,square
19,100,Random,2046,70,square
19,10,Random,2457,30,square
19,100,Random,2374,90,square
19,10,Random,1808,90,square
19,100,Random,2514,40,square
19,100,Random,1908,20,square
19,10,Random,2312,50,square
19,100,Random,3509,30,square
19,100,Random,1863,60,square
19,10,Random,2544,20,square
19,10,Random,1515,80,square
19,10,Random,1812,70,square
19,100,Random,2257,50,square
19,10,Random,3124,60,square
19,10,Random,1847,10,square
19,100,Random,2229,80,square
19,100,Random,1423,100,square
19,100,Random,3848,70,house
19,100,Random,2177,10,house
19,10,Random,2008,60,house
19,10,Random,1648,100,house
19,100,Random,2162,60,house
19,100,Random,2627,50,house
19,100,Random,3289,40,house
19,10,Random,2001,10,house
19,10,Random,2614,40,house
19,100,Random,2409,20,house
19,10,Random,2181,90,house
19,100,Random,2790,90,house
19,10,Random,2116,70,house
19,10,Random,1549,80,house
19,100,Random,2838,30,house
19,100,Random,1853,80,house
19,10,Random,4014,50,house
19,10,Random,1899,20,house
19,10,Random,2237,30,house
20,10,NA,10077,90,naturalFrequency
20,100,NA,11465,40,naturalFrequency
20,100,NA,4764,50,naturalFrequency
20,10,NA,1665,70,naturalFrequency
20,10,NA,967,80,naturalFrequency
20,10,NA,1300,10,naturalFrequency
20,10,NA,895,20,naturalFrequency
20,100,NA,1388,10,naturalFrequency
20,10,NA,1688,0,naturalFrequency
20,10,NA,1383,30,naturalFrequency
20,100,NA,1457,80,naturalFrequency
20,100,NA,888,20,naturalFrequency
20,100,NA,1210,90,naturalFrequency
20,100,NA,1075,70,naturalFrequency
20,10,NA,1056,60,naturalFrequency
20,100,NA,1171,30,naturalFrequency
20,10,NA,2114,40,naturalFrequency
20,10,NA,1238,50,naturalFrequency
20,100,NA,952,60,naturalFrequency
20,100,Ordered,14324,60,square
20,10,Ordered,4406,90,square
20,100,Ordered,1605,80,square
20,100,Ordered,3055,20,square
20,10,Ordered,2370,50,square
20,10,Ordered,5657,30,square
20,100,Ordered,1686,30,square
20,10,Ordered,2920,10,square
20,10,Ordered,2279,60,square
20,10,Ordered,3757,70,square
20,100,Ordered,2080,40,square
20,100,Ordered,1590,70,square
20,100,Ordered,1067,90,square
20,10,Ordered,1634,20,square
20,100,Ordered,2082,100,square
20,10,Ordered,2458,40,square
20,100,Ordered,2282,10,square
20,10,Ordered,1804,80,square
20,100,Ordered,2652,50,square
20,10,Ordered,4260,30,house
20,10,Ordered,1120,80,house
20,10,Ordered,1351,100,house
20,100,Ordered,1949,40,house
20,10,Ordered,1677,40,house
20,100,Ordered,1345,20,house
20,100,Ordered,859,70,house
20,100,Ordered,745,80,house
20,100,Ordered,1197,60,house
20,100,Ordered,811,30,house
20,10,Ordered,1111,20,house
20,100,Ordered,969,10,house
20,10,Ordered,3650,70,house
20,10,Ordered,2779,60,house
20,100,Ordered,1354,90,house
20,10,Ordered,1589,90,house
20,10,Ordered,1311,50,house
20,10,Ordered,979,10,house
20,100,Ordered,3558,50,house
20,10,Random,3770,30,square
20,10,Random,1035,20,square
20,100,Random,1025,90,square
20,100,Random,4938,40,square
20,10,Random,1197,80,square
20,10,Random,1471,40,square
20,100,Random,941,10,square
20,100,Random,1064,70,square
20,100,Random,856,80,square
20,10,Random,1043,70,square
20,100,Random,1149,20,square
20,100,Random,1292,60,square
20,100,Random,1353,50,square
20,100,Random,919,100,square
20,10,Random,884,10,square
20,10,Random,1002,90,square
20,100,Random,1283,30,square
20,10,Random,1498,50,square
20,10,Random,1212,60,square
20,10,Random,3435,10,house
20,100,Random,3451,60,house
20,100,Random,825,90,house
20,100,Random,760,70,house
20,10,Random,1195,70,house
20,10,Random,909,80,house
20,10,Random,1057,90,house
20,100,Random,1789,30,house
20,100,Random,874,40,house
20,10,Random,1631,50,house
20,100,Random,1155,50,house
20,10,Random,2016,60,house
20,10,Random,1127,20,house
20,100,Random,1545,10,house
20,100,Random,959,20,house
20,100,Random,993,80,house
20,10,Random,1875,30,house
20,100,Random,1095,100,house
20,10,Random,1779,40,house
21,10,NA,4621,90,naturalFrequency
21,100,NA,1770,20,naturalFrequency
21,100,NA,2777,40,naturalFrequency
21,100,NA,1556,10,naturalFrequency
21,10,NA,2655,10,naturalFrequency
21,10,NA,1075,60,naturalFrequency
21,10,NA,1603,40,naturalFrequency
21,10,NA,934,70,naturalFrequency
21,10,NA,773,80,naturalFrequency
21,10,NA,1549,50,naturalFrequency
21,100,NA,1050,50,naturalFrequency
21,100,NA,949,70,naturalFrequency
21,10,NA,1081,30,naturalFrequency
21,100,NA,899,90,naturalFrequency
21,100,NA,870,80,naturalFrequency
21,10,NA,882,20,naturalFrequency
21,100,NA,816,30,naturalFrequency
21,10,NA,3215,100,naturalFrequency
21,100,NA,1679,60,naturalFrequency
21,10,Ordered,5347,30,square
21,10,Ordered,991,0,square
21,100,Ordered,1020,20,square
21,10,Ordered,862,10,square
21,10,Ordered,1551,40,square
21,100,Ordered,1041,90,square
21,100,Ordered,914,50,square
21,10,Ordered,2946,70,square
21,10,Ordered,616,80,square
21,10,Ordered,767,20,square
21,10,Ordered,1043,50,square
21,10,Ordered,688,90,square
21,100,Ordered,987,80,square
21,100,Ordered,1131,60,square
21,100,Ordered,880,10,square
21,100,Ordered,1355,40,square
21,10,Ordered,18224,60,square
21,100,Ordered,895,30,square
21,100,Ordered,813,70,square
21,100,Ordered,3671,40,house
21,10,Ordered,2870,40,house
21,10,Ordered,1063,30,house
21,100,Ordered,921,90,house
21,10,Ordered,956,10,house
21,100,Ordered,1072,20,house
21,10,Ordered,1030,20,house
21,10,Ordered,1258,0,house
21,100,Ordered,1264,30,house
21,100,Ordered,836,80,house
21,10,Ordered,923,80,house
21,100,Ordered,1047,50,house
21,10,Ordered,965,90,house
21,10,Ordered,1024,60,house
21,10,Ordered,839,50,house
21,100,Ordered,1227,60,house
21,100,Ordered,704,70,house
21,100,Ordered,1042,10,house
21,10,Ordered,1867,70,house
21,100,Random,2656,20,square
21,10,Random,2886,70,square
21,10,Random,627,90,square
21,10,Random,1036,40,square
21,100,Random,1026,80,square
21,100,Random,1005,30,square
21,10,Random,869,10,square
21,10,Random,789,20,square
21,100,Random,835,70,square
21,100,Random,955,10,square
21,10,Random,779,80,square
21,10,Random,578,100,square
21,100,Random,980,60,square
21,100,Random,1436,50,square
21,10,Random,2365,60,square
21,10,Random,906,30,square
21,100,Random,828,90,square
21,100,Random,1150,40,square
21,10,Random,1523,50,square
21,10,Random,2283,90,house
21,100,Random,1057,0,house
21,100,Random,1096,20,house
21,10,Random,2489,80,house
21,100,Random,1119,50,house
21,100,Random,820,70,house
21,10,Random,1067,60,house
21,10,Random,996,50,house
21,100,Random,1251,40,house
21,100,Random,878,90,house
21,10,Random,1613,70,house
21,10,Random,4128,40,house
21,10,Random,970,20,house
21,10,Random,915,30,house
21,10,Random,665,10,house
21,100,Random,1296,30,house
21,100,Random,752,80,house
21,100,Random,783,60,house
21,100,Random,1112,10,house
22,10,NA,5579,30,naturalFrequency
22,100,NA,3223,20,naturalFrequency
22,100,NA,1872,70,naturalFrequency
22,100,NA,2928,30,naturalFrequency
22,10,NA,1903,100,naturalFrequency
22,100,NA,2071,10,naturalFrequency
22,10,NA,2999,60,naturalFrequency
22,10,NA,11169,50,naturalFrequency
22,10,NA,1337,10,naturalFrequency
22,100,NA,2323,50,naturalFrequency
22,10,NA,3001,80,naturalFrequency
22,10,NA,2870,40,naturalFrequency
22,100,NA,2499,80,naturalFrequency
22,100,NA,2510,90,naturalFrequency
22,10,NA,1735,20,naturalFrequency
22,10,NA,1446,90,naturalFrequency
22,100,NA,3099,60,naturalFrequency
22,10,NA,1764,70,naturalFrequency
22,100,NA,2400,40,naturalFrequency
22,10,Ordered,4287,10,square
22,100,Ordered,4126,30,square
22,100,Ordered,1652,20,square
22,100,Ordered,1693,40,square
22,10,Ordered,3308,0,square
22,100,Ordered,1622,10,square
22,10,Ordered,6767,30,square
22,10,Ordered,1345,70,square
22,10,Ordered,1724,60,square
22,10,Ordered,1344,80,square
22,100,Ordered,1614,90,square
22,100,Ordered,1793,50,square
22,10,Ordered,3588,50,square
22,10,Ordered,1247,20,square
22,100,Ordered,2364,60,square
22,10,Ordered,2303,40,square
22,100,Ordered,1775,80,square
22,100,Ordered,1206,70,square
22,10,Ordered,1635,90,square
22,100,Ordered,6139,70,house
22,100,Ordered,1841,60,house
22,100,Ordered,1364,80,house
22,100,Ordered,1595,50,house
22,10,Ordered,1954,10,house
22,100,Ordered,2708,0,house
22,10,Ordered,1873,50,house
22,100,Ordered,1686,40,house
22,100,Ordered,1332,30,house
22,100,Ordered,1653,90,house
22,100,Ordered,1789,10,house
22,10,Ordered,2132,70,house
22,10,Ordered,1584,60,house
22,10,Ordered,1125,20,house
22,10,Ordered,1575,90,house
22,10,Ordered,1364,30,house
22,100,Ordered,2060,20,house
22,10,Ordered,1933,80,house
22,10,Ordered,1426,40,house
22,100,Random,3080,0,square
22,10,Random,2511,60,square
22,100,Random,3162,50,square
22,10,Random,1725,30,square
22,100,Random,2544,70,square
22,100,Random,1475,30,square
22,100,Random,1485,60,square
22,10,Random,1575,90,square
22,10,Random,1116,80,square
22,100,Random,2263,10,square
22,100,Random,2302,40,square
22,10,Random,1656,70,square
22,100,Random,2241,20,square
22,100,Random,1317,80,square
22,10,Random,1415,20,square
22,10,Random,1166,10,square
22,10,Random,1197,50,square
22,10,Random,4008,40,square
22,100,Random,1544,90,square
22,10,Random,9078,30,house
22,10,Random,1224,70,house
22,10,Random,1285,80,house
22,100,Random,2689,50,house
22,10,Random,1545,20,house
22,10,Random,2541,50,house
22,100,Random,2179,30,house
22,100,Random,1501,80,house
22,10,Random,1707,90,house
22,10,Random,1156,10,house
22,10,Random,1475,40,house
22,100,Random,2100,60,house
22,100,Random,1503,90,house
22,100,Random,1486,100,house
22,100,Random,1575,20,house
22,100,Random,1639,40,house
22,10,Random,2624,60,house
22,100,Random,2099,10,house
22,100,Random,1645,70,house
23,10,NA,4691,40,naturalFrequency
23,100,NA,2600,80,naturalFrequency
23,100,NA,1411,50,naturalFrequency
23,100,NA,1552,90,naturalFrequency
23,100,NA,1154,60,naturalFrequency
23,10,NA,1715,80,naturalFrequency
23,100,NA,1720,40,naturalFrequency
23,10,NA,1635,60,naturalFrequency
23,10,NA,1304,10,naturalFrequency
23,10,NA,2762,30,naturalFrequency
23,100,NA,1741,70,naturalFrequency
23,10,NA,1313,70,naturalFrequency
23,10,NA,1722,50,naturalFrequency
23,100,NA,1095,100,naturalFrequency
23,100,NA,1004,20,naturalFrequency
23,10,NA,762,90,naturalFrequency
23,10,NA,1355,20,naturalFrequency
23,100,NA,2062,10,naturalFrequency
23,100,NA,1021,30,naturalFrequency
23,100,Ordered,5634,10,square
23,10,Ordered,1308,60,square
23,10,Ordered,771,90,square
23,100,Ordered,1411,20,square
23,100,Ordered,942,80,square
23,10,Ordered,3543,70,square
23,10,Ordered,1169,40,square
23,100,Ordered,3752,70,square
23,10,Ordered,2431,10,square
23,100,Ordered,2891,50,square
23,10,Ordered,1620,30,square
23,10,Ordered,1191,50,square
23,100,Ordered,1431,90,square
23,100,Ordered,1837,40,square
23,100,Ordered,1220,100,square
23,10,Ordered,1623,20,square
23,100,Ordered,2939,60,square
23,100,Ordered,1653,30,square
23,10,Ordered,2051,80,square
23,10,Ordered,5095,70,house
23,10,Ordered,942,90,house
23,100,Ordered,2069,50,house
23,100,Ordered,1930,10,house
23,100,Ordered,2288,80,house
23,100,Ordered,6772,20,house
23,10,Ordered,1720,80,house
23,10,Ordered,1149,10,house
23,100,Ordered,3592,40,house
23,100,Ordered,979,70,house
23,100,Ordered,2291,90,house
23,10,Ordered,5531,40,house
23,10,Ordered,1602,0,house
23,10,Ordered,1251,30,house
23,10,Ordered,1945,60,house
23,100,Ordered,3822,60,house
23,10,Ordered,5099,50,house
23,100,Ordered,3765,30,house
23,10,Ordered,3003,20,house
23,100,Random,6419,80,square
23,10,Random,1501,100,square
23,10,Random,5062,40,square
23,10,Random,1222,50,square
23,100,Random,1714,10,square
23,10,Random,1278,80,square
23,100,Random,1429,40,square
23,100,Random,2124,30,square
23,100,Random,1967,60,square
23,10,Random,2057,70,square
23,100,Random,1084,90,square
23,100,Random,1932,70,square
23,10,Random,1811,20,square
23,10,Random,1204,90,square
23,10,Random,1619,30,square
23,10,Random,993,60,square
23,10,Random,1912,10,square
23,100,Random,1344,50,square
23,100,Random,2451,20,square
23,10,Random,2791,90,house
23,100,Random,1309,90,house
23,10,Random,1904,60,house
23,100,Random,1311,20,house
23,10,Random,1154,80,house
23,100,Random,1789,50,house
23,100,Random,2215,10,house
23,100,Random,1489,30,house
23,10,Random,1454,70,house
23,100,Random,10284,60,house
23,100,Random,4016,40,house
23,100,Random,1488,70,house
23,10,Random,2022,40,house
23,100,Random,2204,80,house
23,10,Random,1932,50,house
23,10,Random,1141,30,house
23,10,Random,1999,10,house
23,10,Random,1472,20,house
23,100,Random,3542,0,house
24,100,NA,3104,10,naturalFrequency
24,10,NA,1483,60,naturalFrequency
24,100,NA,2529,20,naturalFrequency
24,100,NA,1178,40,naturalFrequency
24,10,NA,1743,90,naturalFrequency
24,100,NA,2379,80,naturalFrequency
24,100,NA,1399,30,naturalFrequency
24,10,NA,1481,30,naturalFrequency
24,10,NA,1023,70,naturalFrequency
24,10,NA,1376,0,naturalFrequency
24,100,NA,1506,90,naturalFrequency
24,10,NA,1512,50,naturalFrequency
24,100,NA,1881,50,naturalFrequency
24,10,NA,1799,80,naturalFrequency
24,10,NA,1102,10,naturalFrequency
24,10,NA,1151,20,naturalFrequency
24,10,NA,1108,40,naturalFrequency
24,100,NA,1445,60,naturalFrequency
24,100,NA,1033,70,naturalFrequency
24,10,Ordered,3027,90,square
24,10,Ordered,3790,80,square
24,10,Ordered,1188,50,square
24,10,Ordered,1665,60,square
24,100,Ordered,4235,10,square
24,100,Ordered,1457,70,square
24,100,Ordered,934,80,square
24,10,Ordered,1580,30,square
24,100,Ordered,1131,100,square
24,100,Ordered,1973,40,square
24,10,Ordered,2036,40,square
24,100,Ordered,1261,20,square
24,10,Ordered,1943,70,square
24,10,Ordered,1689,20,square
24,100,Ordered,1475,50,square
24,10,Ordered,1398,10,square
24,100,Ordered,1113,90,square
24,100,Ordered,1195,60,square
24,100,Ordered,988,30,square
24,100,Ordered,2559,40,house
24,10,Ordered,2035,30,house
24,10,Ordered,947,40,house
24,10,Ordered,925,20,house
24,10,Ordered,1487,0,house
24,100,Ordered,1630,20,house
24,100,Ordered,1062,10,house
24,100,Ordered,1094,80,house
24,10,Ordered,1228,70,house
24,10,Ordered,1215,50,house
24,100,Ordered,910,70,house
24,10,Ordered,1241,10,house
24,100,Ordered,1424,90,house
24,100,Ordered,1053,60,house
24,100,Ordered,1447,30,house
24,100,Ordered,786,50,house
24,10,Ordered,1300,60,house
24,10,Ordered,977,90,house
24,10,Ordered,1153,80,house
24,100,Random,1476,30,square
24,10,Random,1413,40,square
24,10,Random,1335,70,square
24,10,Random,1337,20,square
24,100,Random,977,50,square
24,10,Random,1529,30,square
24,10,Random,1367,10,square
24,100,Random,925,90,square
24,10,Random,1129,90,square
24,100,Random,1189,20,square
24,100,Random,1187,80,square
24,100,Random,1085,70,square
24,10,Random,1088,50,square
24,100,Random,1579,0,square
24,10,Random,1059,60,square
24,10,Random,973,80,square
24,100,Random,1155,10,square
24,100,Random,951,40,square
24,100,Random,793,60,square
24,100,Random,1932,10,house
24,10,Random,957,60,house
24,10,Random,1079,50,house
24,10,Random,963,70,house
24,100,Random,1010,70,house
24,10,Random,2917,40,house
24,100,Random,907,80,house
24,10,Random,1091,100,house
24,100,Random,1296,90,house
24,10,Random,1221,10,house
24,100,Random,1866,50,house
24,10,Random,1453,30,house
24,100,Random,1189,20,house
24,100,Random,1051,30,house
24,10,Random,1586,20,house
24,10,Random,771,80,house
24,100,Random,1346,60,house
24,10,Random,1069,90,house
24,100,Random,1346,40,house
25,10,NA,4773,40,naturalFrequency
25,10,NA,1632,0,naturalFrequency
25,100,NA,1849,90,naturalFrequency
25,10,NA,1072,10,naturalFrequency
25,10,NA,1137,30,naturalFrequency
25,100,NA,1487,70,naturalFrequency
25,100,NA,1544,10,naturalFrequency
25,100,NA,999,80,naturalFrequency
25,10,NA,1128,20,naturalFrequency
25,100,NA,2059,50,naturalFrequency
25,100,NA,1655,20,naturalFrequency
25,100,NA,1112,40,naturalFrequency
25,10,NA,1081,70,naturalFrequency
25,10,NA,752,80,naturalFrequency
25,10,NA,969,90,naturalFrequency
25,100,NA,1367,30,naturalFrequency
25,10,NA,1200,50,naturalFrequency
25,100,NA,1114,60,naturalFrequency
25,10,NA,1225,60,naturalFrequency
25,10,Ordered,3447,20,square
25,10,Ordered,840,10,square
25,10,Ordered,863,80,square
25,100,Ordered,1591,60,square
25,100,Ordered,952,40,square
25,10,Ordered,1552,40,square
25,100,Ordered,1169,30,square
25,100,Ordered,966,90,square
25,100,Ordered,1622,0,square
25,10,Ordered,1304,50,square
25,100,Ordered,1165,80,square
25,100,Ordered,1878,50,square
25,100,Ordered,1324,70,square
25,10,Ordered,1287,30,square
25,10,Ordered,793,90,square
25,10,Ordered,1328,60,square
25,100,Ordered,1326,10,square
25,100,Ordered,993,20,square
25,10,Ordered,1414,70,square
25,10,Ordered,1806,10,house
25,100,Ordered,1567,70,house
25,10,Ordered,1297,90,house
25,100,Ordered,1543,50,house
25,10,Ordered,1142,80,house
25,10,Ordered,1631,60,house
25,10,Ordered,1080,20,house
25,10,Ordered,1520,50,house
25,100,Ordered,1420,30,house
25,100,Ordered,1172,60,house
25,100,Ordered,772,80,house
25,10,Ordered,1431,40,house
25,100,Ordered,1188,90,house
25,100,Ordered,1988,40,house
25,10,Ordered,1256,100,house
25,100,Ordered,981,10,house
25,100,Ordered,1030,20,house
25,10,Ordered,1432,70,house
25,10,Ordered,1205,30,house
25,100,Random,3063,10,square
25,100,Random,920,50,square
25,100,Random,881,100,square
25,10,Random,1505,20,square
25,100,Random,1104,70,square
25,100,Random,813,60,square
25,100,Random,1121,20,square
25,10,Random,1029,80,square
25,10,Random,1335,40,square
25,10,Random,996,50,square
25,100,Random,990,80,square
25,10,Random,1256,10,square
25,10,Random,896,30,square
25,10,Random,743,70,square
25,100,Random,1065,30,square
25,10,Random,1272,90,square
25,10,Random,983,60,square
25,100,Random,1143,90,square
25,100,Random,1918,40,square
25,100,Random,1814,50,house
25,10,Random,1247,10,house
25,10,Random,1327,90,house
25,100,Random,1252,100,house
25,10,Random,1173,70,house
25,10,Random,1023,40,house
25,10,Random,887,60,house
25,100,Random,1212,80,house
25,100,Random,1357,30,house
25,100,Random,827,90,house
25,100,Random,1173,60,house
25,100,Random,1107,70,house
25,10,Random,1465,50,house
25,10,Random,1328,30,house
25,100,Random,1439,20,house
25,10,Random,1273,20,house
25,10,Random,1021,80,house
25,100,Random,1173,10,house
25,100,Random,943,40,house
26,100,NA,6008,20,naturalFrequency
26,100,NA,4398,10,naturalFrequency
26,100,NA,1186,50,naturalFrequency
26,10,NA,1841,70,naturalFrequency
26,10,NA,2042,40,naturalFrequency
26,100,NA,2075,0,naturalFrequency
26,10,NA,1473,30,naturalFrequency
26,10,NA,928,10,naturalFrequency
26,10,NA,997,60,naturalFrequency
26,100,NA,1590,30,naturalFrequency
26,10,NA,1155,80,naturalFrequency
26,10,NA,1051,50,naturalFrequency
26,100,NA,1178,80,naturalFrequency
26,100,NA,1225,60,naturalFrequency
26,100,NA,976,90,naturalFrequency
26,10,NA,918,20,naturalFrequency
26,10,NA,996,90,naturalFrequency
26,100,NA,1037,40,naturalFrequency
26,100,NA,1085,70,naturalFrequency
26,10,Ordered,3763,50,square
26,10,Ordered,863,90,square
26,100,Ordered,2313,60,square
26,10,Ordered,1004,30,square
26,10,Ordered,1011,80,square
26,100,Ordered,1232,50,square
26,10,Ordered,1305,60,square
26,100,Ordered,1206,40,square
26,100,Ordered,843,90,square
26,10,Ordered,1134,20,square
26,100,Ordered,1042,80,square
26,100,Ordered,1385,30,square
26,100,Ordered,826,20,square
26,10,Ordered,969,0,square
26,10,Ordered,953,40,square
26,100,Ordered,1048,10,square
26,10,Ordered,971,70,square
26,10,Ordered,715,10,square
26,100,Ordered,1187,70,square
26,10,Ordered,6280,40,house
26,10,Ordered,994,60,house
26,10,Ordered,774,20,house
26,100,Ordered,1657,90,house
26,10,Ordered,952,50,house
26,10,Ordered,737,90,house
26,100,Ordered,1084,80,house
26,100,Ordered,1021,50,house
26,100,Ordered,754,70,house
26,10,Ordered,1071,80,house
26,100,Ordered,983,60,house
26,100,Ordered,780,10,house
26,100,Ordered,847,40,house
26,100,Ordered,649,20,house
26,100,Ordered,792,30,house
26,100,Ordered,776,0,house
26,10,Ordered,1683,70,house
26,10,Ordered,709,30,house
26,10,Ordered,702,10,house
26,10,Random,2272,30,square
26,100,Random,1392,20,square
26,10,Random,910,10,square
26,10,Random,1308,40,square
26,100,Random,1039,30,square
26,10,Random,1662,60,square
26,100,Random,837,80,square
26,10,Random,1135,80,square
26,10,Random,1065,50,square
26,100,Random,990,40,square
26,10,Random,936,90,square
26,100,Random,857,10,square
26,100,Random,737,0,square
26,100,Random,1036,50,square
26,100,Random,735,90,square
26,100,Random,954,60,square
26,10,Random,848,20,square
26,100,Random,1105,70,square
26,10,Random,800,70,square
26,10,Random,1309,80,house
26,10,Random,835,40,house
26,100,Random,1176,90,house
26,10,Random,1020,90,house
26,100,Random,1134,50,house
26,100,Random,929,30,house
26,10,Random,970,70,house
26,100,Random,991,60,house
26,100,Random,733,70,house
26,100,Random,836,40,house
26,10,Random,915,30,house
26,10,Random,805,20,house
26,10,Random,829,50,house
26,10,Random,819,10,house
26,100,Random,1577,20,house
26,10,Random,1011,100,house
26,10,Random,1178,60,house
26,100,Random,1093,80,house
26,100,Random,1257,10,house
27,10,NA,5740,70,naturalFrequency
27,10,NA,3693,20,naturalFrequency
27,100,NA,3112,50,naturalFrequency
27,10,NA,2201,10,naturalFrequency
27,10,NA,5467,40,naturalFrequency
27,100,NA,2501,90,naturalFrequency
27,100,NA,1471,70,naturalFrequency
27,10,NA,1658,80,naturalFrequency
27,10,NA,1382,100,naturalFrequency
27,10,NA,2062,50,naturalFrequency
27,100,NA,1580,60,naturalFrequency
27,100,NA,1488,20,naturalFrequency
27,100,NA,1078,10,naturalFrequency
27,100,NA,1217,30,naturalFrequency
27,10,NA,1546,60,naturalFrequency
27,10,NA,1643,90,naturalFrequency
27,100,NA,5775,40,naturalFrequency
27,100,NA,911,80,naturalFrequency
27,10,NA,1098,30,naturalFrequency
27,100,Ordered,8061,90,square
27,10,Ordered,6426,70,square
27,10,Ordered,2303,30,square
27,100,Ordered,2059,20,square
27,100,Ordered,2492,40,square
27,10,Ordered,1783,10,square
27,100,Ordered,2186,50,square
27,100,Ordered,1288,10,square
27,100,Ordered,1305,30,square
27,10,Ordered,2067,20,square
27,100,Ordered,1425,70,square
27,100,Ordered,1342,60,square
27,10,Ordered,1526,80,square
27,10,Ordered,1381,40,square
27,10,Ordered,640,90,square
27,10,Ordered,1016,60,square
27,100,Ordered,1963,80,square
27,10,Ordered,1208,100,square
27,10,Ordered,867,50,square
27,10,Ordered,2480,80,house
27,10,Ordered,728,90,house
27,100,Ordered,1621,50,house
27,10,Ordered,2012,60,house
27,10,Ordered,920,20,house
27,100,Ordered,954,100,house
27,100,Ordered,922,90,house
27,10,Ordered,953,10,house
27,10,Ordered,645,30,house
27,100,Ordered,1311,10,house
27,100,Ordered,896,70,house
27,10,Ordered,1013,70,house
27,100,Ordered,1587,30,house
27,100,Ordered,843,60,house
27,10,Ordered,1071,40,house
27,100,Ordered,1419,80,house
27,100,Ordered,1022,20,house
27,100,Ordered,1407,40,house
27,10,Ordered,1585,50,house
27,10,Random,1479,80,square
27,100,Random,1970,70,square
27,10,Random,1301,40,square
27,10,Random,959,20,square
27,100,Random,1101,40,square
27,100,Random,1689,60,square
27,10,Random,1334,70,square
27,100,Random,1155,80,square
27,10,Random,1186,10,square
27,100,Random,1093,50,square
27,10,Random,996,30,square
27,10,Random,634,60,square
27,10,Random,1637,50,square
27,100,Random,876,20,square
27,100,Random,904,10,square
27,100,Random,805,90,square
27,100,Random,812,0,square
27,100,Random,1184,30,square
27,10,Random,1239,90,square
27,10,Random,1301,20,house
27,100,Random,2214,50,house
27,100,Random,785,80,house
27,100,Random,797,60,house
27,10,Random,1084,80,house
27,10,Random,836,50,house
27,10,Random,816,70,house
27,10,Random,907,30,house
27,100,Random,1601,10,house
27,100,Random,800,0,house
27,100,Random,867,70,house
27,10,Random,1000,40,house
27,10,Random,711,90,house
27,100,Random,1527,40,house
27,10,Random,1006,10,house
27,100,Random,1126,30,house
27,100,Random,733,90,house
27,10,Random,925,60,house
27,100,Random,1451,20,house
28,100,NA,10363,20,naturalFrequency
28,10,NA,1799,70,naturalFrequency
28,100,NA,1170,70,naturalFrequency
28,10,NA,1187,90,naturalFrequency
28,10,NA,2786,30,naturalFrequency
28,100,NA,1356,40,naturalFrequency
28,100,NA,1510,10,naturalFrequency
28,10,NA,1527,50,naturalFrequency
28,100,NA,1017,90,naturalFrequency
28,10,NA,937,80,naturalFrequency
28,10,NA,1317,10,naturalFrequency
28,100,NA,2561,30,naturalFrequency
28,10,NA,1122,60,naturalFrequency
28,100,NA,856,50,naturalFrequency
28,100,NA,765,80,naturalFrequency
28,10,NA,1331,20,naturalFrequency
28,10,NA,1215,40,naturalFrequency
28,100,NA,799,60,naturalFrequency
28,100,NA,1899,0,naturalFrequency
28,10,Ordered,4189,40,square
28,100,Ordered,4134,10,square
28,100,Ordered,1495,20,square
28,10,Ordered,1122,50,square
28,10,Ordered,1075,90,square
28,10,Ordered,1454,10,square
28,10,Ordered,1276,80,square
28,100,Ordered,1486,90,square
28,10,Ordered,1793,100,square
28,10,Ordered,1655,30,square
28,10,Ordered,922,60,square
28,100,Ordered,1187,80,square
28,100,Ordered,1479,50,square
28,100,Ordered,856,70,square
28,100,Ordered,1056,60,square
28,10,Ordered,3207,70,square
28,100,Ordered,1808,40,square
28,100,Ordered,1235,30,square
28,10,Ordered,1406,20,square
28,100,Ordered,1983,60,house
28,100,Ordered,668,100,house
28,100,Ordered,1080,70,house
28,10,Ordered,1131,80,house
28,10,Ordered,1268,10,house
28,100,Ordered,1162,90,house
28,10,Ordered,2124,90,house
28,10,Ordered,953,60,house
28,10,Ordered,1755,40,house
28,100,Ordered,1622,10,house
28,10,Ordered,1680,50,house
28,100,Ordered,1464,20,house
28,10,Ordered,1628,70,house
28,10,Ordered,1584,30,house
28,100,Ordered,1277,50,house
28,10,Ordered,2148,20,house
28,100,Ordered,1394,30,house
28,100,Ordered,967,80,house
28,100,Ordered,1720,40,house
28,10,Random,2244,10,square
28,10,Random,798,40,square
28,100,Random,2558,30,square
28,100,Random,750,50,square
28,100,Random,1527,40,square
28,10,Random,1072,60,square
28,10,Random,2415,30,square
28,10,Random,1034,70,square
28,10,Random,1139,20,square
28,100,Random,1227,70,square
28,100,Random,2123,10,square
28,10,Random,1390,90,square
28,100,Random,1527,60,square
28,100,Random,720,90,square
28,100,Random,776,80,square
28,100,Random,1188,20,square
28,10,Random,1284,80,square
28,10,Random,1229,50,square
28,10,Random,1164,0,square
28,10,Random,1736,90,house
28,10,Random,1912,20,house
28,10,Random,1010,50,house
28,100,Random,2865,10,house
28,100,Random,957,90,house
28,100,Random,1209,60,house
28,10,Random,1744,40,house
28,100,Random,1153,70,house
28,100,Random,911,80,house
28,10,Random,1461,70,house
28,10,Random,905,10,house
28,100,Random,2495,30,house
28,10,Random,1389,60,house
28,10,Random,654,30,house
28,100,Random,1283,20,house
28,100,Random,959,50,house
28,10,Random,1074,80,house
28,100,Random,3590,40,house
28,100,Random,1840,0,house
29,100,NA,6819,20,naturalFrequency
29,10,NA,2320,60,naturalFrequency
29,100,NA,1537,70,naturalFrequency
29,100,NA,1208,100,naturalFrequency
29,100,NA,1084,90,naturalFrequency
29,10,NA,1002,70,naturalFrequency
29,100,NA,1331,50,naturalFrequency
29,10,NA,1320,30,naturalFrequency
29,100,NA,1200,30,naturalFrequency
29,10,NA,1056,10,naturalFrequency
29,10,NA,954,80,naturalFrequency
29,10,NA,1401,50,naturalFrequency
29,10,NA,990,20,naturalFrequency
29,10,NA,1730,40,naturalFrequency
29,10,NA,1043,90,naturalFrequency
29,100,NA,1413,60,naturalFrequency
29,100,NA,1229,10,naturalFrequency
29,100,NA,913,80,naturalFrequency
29,100,NA,1643,40,naturalFrequency
29,100,Ordered,5822,0,square
29,100,Ordered,3210,30,square
29,10,Ordered,1249,20,square
29,100,Ordered,1555,40,square
29,100,Ordered,988,60,square
29,100,Ordered,968,20,square
29,100,Ordered,836,70,square
29,100,Ordered,960,50,square
29,10,Ordered,1263,30,square
29,10,Ordered,1093,70,square
29,10,Ordered,908,90,square
29,10,Ordered,716,10,square
29,100,Ordered,1031,90,square
29,100,Ordered,798,80,square
29,10,Ordered,1132,80,square
29,10,Ordered,897,60,square
29,10,Ordered,1482,40,square
29,100,Ordered,1138,10,square
29,10,Ordered,1003,50,square
29,100,Ordered,2062,90,house
29,100,Ordered,884,10,house
29,10,Ordered,1139,90,house
29,10,Ordered,810,0,house
29,10,Ordered,748,10,house
29,10,Ordered,1194,30,house
29,100,Ordered,1576,60,house
29,10,Ordered,1092,70,house
29,10,Ordered,920,40,house
29,100,Ordered,1364,20,house
29,100,Ordered,636,50,house
29,100,Ordered,754,70,house
29,100,Ordered,1488,30,house
29,10,Ordered,1215,80,house
29,10,Ordered,822,20,house
29,10,Ordered,886,50,house
29,100,Ordered,1095,80,house
29,10,Ordered,934,60,house
29,100,Ordered,1191,40,house
29,10,Random,1791,10,square
29,100,Random,1035,90,square
29,100,Random,845,30,square
29,100,Random,871,10,square
29,10,Random,1572,30,square
29,100,Random,885,50,square
29,100,Random,933,20,square
29,10,Random,973,90,square
29,10,Random,1016,50,square
29,100,Random,898,0,square
29,10,Random,1003,40,square
29,10,Random,1044,70,square
29,10,Random,571,20,square
29,100,Random,1015,60,square
29,10,Random,940,80,square
29,100,Random,953,70,square
29,100,Random,735,80,square
29,10,Random,864,60,square
29,100,Random,1050,40,square
29,100,Random,4535,60,house
29,100,Random,759,50,house
29,100,Random,670,40,house
29,100,Random,620,30,house
29,10,Random,988,40,house
29,10,Random,675,50,house
29,10,Random,511,60,house
29,100,Random,955,90,house
29,10,Random,1087,90,house
29,100,Random,1117,20,house
29,100,Random,946,80,house
29,10,Random,999,30,house
29,100,Random,990,10,house
29,100,Random,689,70,house
29,10,Random,1349,10,house
29,10,Random,727,70,house
29,10,Random,985,80,house
29,10,Random,1249,20,house
29,10,Random,675,100,house
30,100,NA,13033,90,naturalFrequency
30,10,NA,4722,100,naturalFrequency
30,10,NA,2134,50,naturalFrequency
30,100,NA,1847,60,naturalFrequency
30,100,NA,2105,20,naturalFrequency
30,100,NA,1830,10,naturalFrequency
30,10,NA,1447,20,naturalFrequency
30,100,NA,1419,30,naturalFrequency
30,10,NA,2279,60,naturalFrequency
30,10,NA,1436,10,naturalFrequency
30,10,NA,1601,80,naturalFrequency
30,100,NA,1922,80,naturalFrequency
30,10,NA,1443,90,naturalFrequency
30,10,NA,1700,40,naturalFrequency
30,100,NA,3201,50,naturalFrequency
30,10,NA,1576,30,naturalFrequency
30,100,NA,1314,40,naturalFrequency
30,10,NA,1357,70,naturalFrequency
30,100,NA,1308,70,naturalFrequency
30,100,Ordered,10760,10,square
30,10,Ordered,3694,10,square
30,10,Ordered,3385,50,square
30,100,Ordered,2982,50,square
30,100,Ordered,1602,70,square
30,10,Ordered,2038,70,square
30,100,Ordered,2069,40,square
30,10,Ordered,2086,90,square
30,10,Ordered,1702,30,square
30,100,Ordered,2799,100,square
30,10,Ordered,2261,40,square
30,100,Ordered,2266,60,square
30,100,Ordered,1404,90,square
30,10,Ordered,2297,60,square
30,100,Ordered,2236,20,square
30,10,Ordered,1435,20,square
30,10,Ordered,1407,80,square
30,100,Ordered,2504,80,square
30,100,Ordered,6463,30,square
30,10,Ordered,7569,10,house
30,100,Ordered,2395,40,house
30,100,Ordered,2114,20,house
30,100,Ordered,1439,90,house
30,10,Ordered,1884,70,house
30,100,Ordered,2525,60,house
30,100,Ordered,1303,10,house
30,100,Ordered,1638,0,house
30,10,Ordered,1977,30,house
30,10,Ordered,1579,40,house
30,10,Ordered,1833,50,house
30,100,Ordered,1702,70,house
30,10,Ordered,2098,60,house
30,10,Ordered,1270,90,house
30,100,Ordered,2079,80,house
30,10,Ordered,2187,80,house
30,100,Ordered,1404,30,house
30,10,Ordered,1651,20,house
30,100,Ordered,9083,50,house
30,10,Random,8122,80,square
30,100,Random,5863,60,square
30,100,Random,1628,10,square
30,100,Random,6526,50,square
30,10,Random,3658,60,square
30,10,Random,1625,40,square
30,100,Random,1595,80,square
30,10,Random,2226,50,square
30,10,Random,1489,30,square
30,10,Random,1509,90,square
30,10,Random,1524,0,square
30,100,Random,1676,70,square
30,100,Random,1774,40,square
30,10,Random,1567,10,square
30,100,Random,1630,20,square
30,10,Random,1416,20,square
30,100,Random,1487,90,square
30,10,Random,1689,70,square
30,100,Random,1538,30,square
30,100,Random,5429,70,house
30,10,Random,2342,80,house
30,100,Random,2576,40,house
30,100,Random,5786,60,house
30,10,Random,2220,10,house
30,100,Random,1575,80,house
30,100,Random,1866,20,house
30,10,Random,1717,70,house
30,10,Random,1609,30,house
30,100,Random,2100,10,house
30,100,Random,1636,50,house
30,100,Random,1547,30,house
30,100,Random,1467,90,house
30,10,Random,1806,90,house
30,10,Random,1489,100,house
30,10,Random,2266,60,house
30,10,Random,1590,40,house
30,10,Random,1469,50,house
30,10,Random,1884,20,house
31,10,NA,5182,70,naturalFrequency
31,10,NA,2300,80,naturalFrequency
31,10,NA,1850,50,naturalFrequency
31,100,NA,2500,70,naturalFrequency
31,100,NA,2900,90,naturalFrequency
31,100,NA,1566,20,naturalFrequency
31,100,NA,1884,100,naturalFrequency
31,100,NA,1650,50,naturalFrequency
31,100,NA,1183,80,naturalFrequency
31,10,NA,1200,90,naturalFrequency
31,10,NA,1066,10,naturalFrequency
31,10,NA,1199,30,naturalFrequency
31,100,NA,1283,30,naturalFrequency
31,100,NA,1149,60,naturalFrequency
31,10,NA,967,60,naturalFrequency
31,10,NA,966,40,naturalFrequency
31,10,NA,866,20,naturalFrequency
31,100,NA,999,40,naturalFrequency
31,100,NA,950,10,naturalFrequency
31,100,Ordered,8381,30,square
31,100,Ordered,3649,80,square
31,100,Ordered,2633,50,square
31,10,Ordered,3016,50,square
31,100,Ordered,7483,40,square
31,100,Ordered,1266,70,square
31,10,Ordered,1416,80,square
31,100,Ordered,1617,10,square
31,10,Ordered,2117,40,square
31,10,Ordered,2683,30,square
31,100,Ordered,1500,20,square
31,10,Ordered,1266,90,square
31,100,Ordered,1549,90,square
31,100,Ordered,1316,60,square
31,10,Ordered,1432,100,square
31,10,Ordered,1416,60,square
31,10,Ordered,1750,20,square
31,10,Ordered,13483,70,square
31,10,Ordered,1066,10,square
31,100,Ordered,3081,30,house
31,100,Ordered,1198,60,house
31,10,Ordered,1683,30,house
31,10,Ordered,1682,80,house
31,100,Ordered,1446,90,house
31,10,Ordered,1566,50,house
31,100,Ordered,2013,40,house
31,10,Ordered,1300,70,house
31,10,Ordered,1682,40,house
31,100,Ordered,1462,100,house
31,100,Ordered,1230,10,house
31,100,Ordered,2030,50,house
31,10,Ordered,1550,60,house
31,100,Ordered,1781,80,house
31,10,Ordered,1482,20,house
31,100,Ordered,1447,20,house
31,10,Ordered,1433,10,house
31,100,Ordered,1713,70,house
31,10,Ordered,1949,90,house
31,100,Random,3831,60,square
31,10,Random,1549,100,square
31,100,Random,1299,10,square
31,100,Random,1049,90,square
31,10,Random,2116,40,square
31,100,Random,1216,20,square
31,10,Random,1516,50,square
31,10,Random,1067,60,square
31,10,Random,1050,80,square
31,10,Random,1066,90,square
31,10,Random,1201,70,square
31,100,Random,1550,50,square
31,100,Random,2782,30,square
31,100,Random,883,70,square
31,100,Random,1149,40,square
31,10,Random,1268,10,square
31,10,Random,1233,20,square
31,10,Random,1216,30,square
31,100,Random,1266,80,square
31,10,Random,3064,30,house
31,10,Random,1500,40,house
31,10,Random,1165,20,house
31,100,Random,4030,30,house
31,100,Random,965,10,house
31,10,Random,1383,10,house
31,100,Random,1284,70,house
31,10,Random,1467,50,house
31,100,Random,1696,50,house
31,10,Random,1183,0,house
31,10,Random,1049,70,house
31,100,Random,1680,40,house
31,100,Random,847,80,house
31,100,Random,898,90,house
31,100,Random,1148,20,house
31,100,Random,3814,60,house
31,10,Random,1633,60,house
31,10,Random,1367,90,house
31,10,Random,1432,80,house
32,100,NA,7031,10,naturalFrequency
32,10,NA,4181,70,naturalFrequency
32,100,NA,2311,70,naturalFrequency
32,100,NA,1700,90,naturalFrequency
32,100,NA,1553,80,naturalFrequency
32,100,NA,1393,20,naturalFrequency
32,10,NA,1888,20,naturalFrequency
32,10,NA,1616,80,naturalFrequency
32,10,NA,5396,30,naturalFrequency
32,100,NA,5636,30,naturalFrequency
32,10,NA,1379,60,naturalFrequency
32,10,NA,955,10,naturalFrequency
32,100,NA,1615,40,naturalFrequency
32,100,NA,1071,60,naturalFrequency
32,100,NA,3283,0,naturalFrequency
32,10,NA,1179,50,naturalFrequency
32,10,NA,1285,90,naturalFrequency
32,100,NA,1673,50,naturalFrequency
32,10,NA,1272,40,naturalFrequency
32,100,Ordered,4846,10,square
32,10,Ordered,1374,60,square
32,10,Ordered,895,100,square
32,10,Ordered,956,20,square
32,100,Ordered,1139,20,square
32,10,Ordered,1022,40,square
32,100,Ordered,1001,70,square
32,10,Ordered,895,50,square
32,100,Ordered,848,50,square
32,100,Ordered,1641,30,square
32,10,Ordered,883,10,square
32,100,Ordered,1049,40,square
32,10,Ordered,924,80,square
32,100,Ordered,953,80,square
32,10,Ordered,1086,90,square
32,100,Ordered,888,90,square
32,100,Ordered,977,60,square
32,10,Ordered,1347,30,square
32,10,Ordered,959,70,square
32,100,Ordered,4813,60,house
32,10,Ordered,2078,50,house
32,100,Ordered,1836,40,house
32,10,Ordered,2433,40,house
32,100,Ordered,2230,50,house
32,100,Ordered,1268,10,house
32,10,Ordered,1188,30,house
32,10,Ordered,1186,20,house
32,100,Ordered,1104,0,house
32,100,Ordered,1543,30,house
32,100,Ordered,1003,20,house
32,100,Ordered,963,70,house
32,100,Ordered,1072,90,house
32,10,Ordered,1068,90,house
32,10,Ordered,1191,60,house
32,10,Ordered,942,10,house
32,100,Ordered,2596,80,house
32,10,Ordered,1051,80,house
32,10,Ordered,955,70,house
32,10,Random,3430,20,square
32,100,Random,2376,20,square
32,10,Random,3565,70,square
32,100,Random,1066,60,square
32,10,Random,2698,50,square
32,10,Random,1155,90,square
32,100,Random,1018,70,square
32,10,Random,1638,40,square
32,10,Random,1301,30,square
32,100,Random,1275,50,square
32,10,Random,1185,60,square
32,10,Random,857,10,square
32,100,Random,911,10,square
32,10,Random,1274,80,square
32,100,Random,1443,30,square
32,100,Random,1042,40,square
32,100,Random,922,100,square
32,100,Random,833,90,square
32,100,Random,773,80,square
32,10,Random,2607,60,house
32,100,Random,2158,20,house
32,100,Random,1297,80,house
32,100,Random,1114,0,house
32,10,Random,1452,70,house
32,10,Random,1053,50,house
32,100,Random,2584,30,house
32,10,Random,1230,10,house
32,100,Random,1039,10,house
32,10,Random,1105,30,house
32,10,Random,1091,90,house
32,10,Random,805,80,house
32,100,Random,1747,60,house
32,10,Random,1320,20,house
32,100,Random,1483,40,house
32,100,Random,1021,50,house
32,100,Random,949,70,house
32,100,Random,1039,90,house
32,10,Random,1260,40,house
33,10,NA,8018,60,naturalFrequency
33,10,NA,1516,10,naturalFrequency
33,10,NA,666,40,naturalFrequency
33,10,NA,599,30,naturalFrequency
33,100,NA,2234,20,naturalFrequency
33,100,NA,700,40,naturalFrequency
33,10,NA,2569,50,naturalFrequency
33,100,NA,9799,100,naturalFrequency
33,100,NA,1766,60,naturalFrequency
33,100,NA,851,90,naturalFrequency
33,10,NA,1149,20,naturalFrequency
33,100,NA,11633,50,naturalFrequency
33,100,NA,617,30,naturalFrequency
33,100,NA,683,80,naturalFrequency
33,10,NA,750,90,naturalFrequency
33,100,NA,618,10,naturalFrequency
33,100,NA,667,70,naturalFrequency
33,10,NA,751,70,naturalFrequency
33,10,NA,618,80,naturalFrequency
33,100,Ordered,5332,20,square
33,10,Ordered,1466,50,square
33,10,Ordered,666,30,square
33,100,Ordered,1200,30,square
33,10,Ordered,1466,20,square
33,10,Ordered,652,80,square
33,100,Ordered,1500,50,square
33,10,Ordered,783,40,square
33,10,Ordered,683,10,square
33,100,Ordered,1416,70,square
33,100,Ordered,715,40,square
33,100,Ordered,499,60,square
33,100,Ordered,716,10,square
33,10,Ordered,1350,70,square
33,100,Ordered,966,80,square
33,10,Ordered,1450,100,square
33,100,Ordered,1033,90,square
33,10,Ordered,2650,60,square
33,10,Ordered,1099,90,square
33,100,Ordered,2181,50,house
33,100,Ordered,611,10,house
33,100,Ordered,547,20,house
33,10,Ordered,1616,10,house
33,100,Ordered,978,30,house
33,100,Ordered,778,40,house
33,10,Ordered,1082,70,house
33,10,Ordered,666,90,house
33,10,Ordered,631,60,house
33,10,Ordered,717,40,house
33,10,Ordered,600,50,house
33,100,Ordered,1031,80,house
33,100,Ordered,579,60,house
33,100,Ordered,564,90,house
33,10,Ordered,1217,20,house
33,100,Ordered,4913,0,house
33,100,Ordered,1195,70,house
33,10,Ordered,1299,80,house
33,10,Ordered,932,30,house
33,100,Random,3365,0,square
33,10,Random,5067,40,square
33,100,Random,1499,80,square
33,100,Random,734,60,square
33,100,Random,533,70,square
33,10,Random,1366,60,square
33,10,Random,2100,70,square
33,100,Random,11750,20,square
33,100,Random,1081,30,square
33,10,Random,1433,30,square
33,10,Random,1233,50,square
33,100,Random,1098,50,square
33,100,Random,1216,10,square
33,10,Random,5483,80,square
33,10,Random,666,20,square
33,10,Random,765,10,square
33,100,Random,1050,40,square
33,10,Random,1201,90,square
33,100,Random,1017,90,square
33,100,Random,1479,30,house
33,100,Random,713,90,house
33,100,Random,529,70,house
33,10,Random,1366,70,house
33,10,Random,717,20,house
33,10,Random,948,30,house
33,100,Random,980,10,house
33,10,Random,901,50,house
33,100,Random,1013,20,house
33,100,Random,879,80,house
33,10,Random,1116,40,house
33,10,Random,665,90,house
33,100,Random,1397,60,house
33,10,Random,1082,10,house
33,10,Random,566,80,house
33,10,Random,682,60,house
33,100,Random,1963,0,house
33,100,Random,1163,50,house
33,100,Random,762,40,house
34,10,NA,8947,50,naturalFrequency
34,10,NA,4964,40,naturalFrequency
34,100,NA,2694,70,naturalFrequency
34,100,NA,1757,30,naturalFrequency
34,100,NA,2078,10,naturalFrequency
34,10,NA,1496,10,naturalFrequency
34,100,NA,3700,50,naturalFrequency
34,10,NA,1694,90,naturalFrequency
34,10,NA,2908,80,naturalFrequency
34,100,NA,2063,20,naturalFrequency
34,100,NA,1757,80,naturalFrequency
34,10,NA,1993,30,naturalFrequency
34,10,NA,1865,60,naturalFrequency
34,10,NA,1177,70,naturalFrequency
34,100,NA,2261,90,naturalFrequency
34,100,NA,2177,60,naturalFrequency
34,100,NA,1561,40,naturalFrequency
34,10,NA,1736,100,naturalFrequency
34,10,NA,1942,20,naturalFrequency
34,100,Ordered,8088,50,square
34,100,Ordered,3907,10,square
34,10,Ordered,2040,50,square
34,10,Ordered,3543,60,square
34,100,Ordered,7614,30,square
34,100,Ordered,1829,90,square
34,10,Ordered,3566,90,square
34,100,Ordered,1864,60,square
34,10,Ordered,1715,0,square
34,10,Ordered,1390,30,square
34,10,Ordered,1291,10,square
34,10,Ordered,1149,40,square
34,10,Ordered,1354,70,square
34,100,Ordered,1580,40,square
34,10,Ordered,1575,80,square
34,100,Ordered,1681,80,square
34,100,Ordered,1368,70,square
34,10,Ordered,1334,20,square
34,100,Ordered,1297,20,square
34,10,Ordered,4047,70,house
34,10,Ordered,1419,30,house
34,10,Ordered,2128,0,house
34,10,Ordered,1148,10,house
34,10,Ordered,1071,80,house
34,100,Ordered,1835,50,house
34,100,Ordered,2181,40,house
34,10,Ordered,2340,40,house
34,10,Ordered,2140,50,house
34,100,Ordered,1677,30,house
34,100,Ordered,1662,90,house
34,10,Ordered,1447,90,house
34,100,Ordered,1274,20,house
34,100,Ordered,1445,80,house
34,100,Ordered,946,10,house
34,100,Ordered,1189,70,house
34,100,Ordered,1080,60,house
34,10,Ordered,1498,20,house
34,10,Ordered,1707,60,house
34,100,Random,1579,80,square
34,100,Random,1857,30,square
34,10,Random,1325,10,square
34,10,Random,1559,70,square
34,100,Random,1660,20,square
34,10,Random,1411,80,square
34,100,Random,1404,0,square
34,10,Random,1496,50,square
34,10,Random,1851,40,square
34,100,Random,1311,70,square
34,10,Random,1042,90,square
34,10,Random,1049,60,square
34,100,Random,1354,60,square
34,100,Random,957,10,square
34,100,Random,772,90,square
34,100,Random,963,50,square
34,10,Random,1502,20,square
34,100,Random,2055,40,square
34,10,Random,1240,30,square
34,100,Random,2672,60,house
34,100,Random,1146,50,house
34,10,Random,1481,40,house
34,10,Random,984,10,house
34,10,Random,807,30,house
34,10,Random,949,20,house
34,100,Random,1244,90,house
34,10,Random,1671,90,house
34,100,Random,1472,20,house
34,100,Random,1245,30,house
34,10,Random,1552,80,house
34,100,Random,1004,10,house
34,10,Random,2014,70,house
34,10,Random,802,50,house
34,10,Random,1078,60,house
34,100,Random,1139,0,house
34,100,Random,1252,80,house
34,100,Random,1160,40,house
34,100,Random,1108,70,house
35,10,NA,9032,30,naturalFrequency
35,10,NA,3296,50,naturalFrequency
35,100,NA,6944,20,naturalFrequency
35,100,NA,1416,40,naturalFrequency
35,10,NA,3176,90,naturalFrequency
35,10,NA,1968,0,naturalFrequency
35,10,NA,4592,40,naturalFrequency
35,100,NA,2760,60,naturalFrequency
35,10,NA,1296,80,naturalFrequency
35,10,NA,816,70,naturalFrequency
35,10,NA,880,20,naturalFrequency
35,10,NA,848,60,naturalFrequency
35,100,NA,3096,10,naturalFrequency
35,100,NA,881,90,naturalFrequency
35,100,NA,968,50,naturalFrequency
35,100,NA,840,70,naturalFrequency
35,100,NA,696,80,naturalFrequency
35,100,NA,4488,30,naturalFrequency
35,10,NA,2296,10,naturalFrequency
35,100,Ordered,9583,10,square
35,10,Ordered,3976,70,square
35,100,Ordered,1320,20,square
35,10,Ordered,2016,50,square
35,100,Ordered,1392,70,square
35,10,Ordered,1048,10,square
35,10,Ordered,1104,60,square
35,10,Ordered,736,90,square
35,100,Ordered,1064,60,square
35,10,Ordered,5928,40,square
35,10,Ordered,912,20,square
35,100,Ordered,3024,80,square
35,10,Ordered,1080,100,square
35,100,Ordered,2064,40,square
35,10,Ordered,1264,30,square
35,100,Ordered,1280,50,square
35,100,Ordered,904,90,square
35,10,Ordered,864,80,square
35,100,Ordered,1392,30,square
35,100,Ordered,2127,70,house
35,100,Ordered,1839,30,house
35,10,Ordered,1072,90,house
35,10,Ordered,880,20,house
35,100,Ordered,1063,60,house
35,100,Ordered,1407,40,house
35,10,Ordered,1368,70,house
35,10,Ordered,800,60,house
35,100,Ordered,903,80,house
35,100,Ordered,663,90,house
35,10,Ordered,792,30,house
35,10,Ordered,856,50,house
35,10,Ordered,800,40,house
35,100,Ordered,1167,20,house
35,10,Ordered,808,80,house
35,100,Ordered,1831,50,house
35,100,Ordered,1103,10,house
35,10,Ordered,888,10,house
35,100,Ordered,863,100,house
35,10,Random,3271,50,square
35,10,Random,672,80,square
35,10,Random,736,60,square
35,10,Random,720,100,square
35,10,Random,560,90,square
35,100,Random,1264,10,square
35,10,Random,1096,20,square
35,100,Random,1080,50,square
35,100,Random,712,60,square
35,100,Random,568,80,square
35,100,Random,1056,30,square
35,100,Random,736,20,square
35,100,Random,720,70,square
35,100,Random,1016,40,square
35,10,Random,1264,10,square
35,10,Random,1136,40,square
35,100,Random,880,90,square
35,10,Random,696,70,square
35,10,Random,896,30,square
35,10,Random,2119,80,house
35,10,Random,1848,50,house
35,10,Random,744,10,house
35,10,Random,736,40,house
35,100,Random,943,90,house
35,10,Random,936,0,house
35,100,Random,1007,20,house
35,100,Random,959,60,house
35,100,Random,807,30,house
35,100,Random,679,80,house
35,10,Random,784,90,house
35,100,Random,807,70,house
35,100,Random,831,10,house
35,10,Random,960,70,house
35,10,Random,848,60,house
35,100,Random,799,50,house
35,10,Random,1048,20,house
35,10,Random,1496,30,house
35,100,Random,967,40,house
36,100,NA,8395,70,naturalFrequency
36,10,NA,2336,70,naturalFrequency
36,100,NA,2062,40,naturalFrequency
36,10,NA,1989,90,naturalFrequency
36,10,NA,1385,20,naturalFrequency
36,10,NA,2214,80,naturalFrequency
36,100,NA,2541,90,naturalFrequency
36,10,NA,6208,60,naturalFrequency
36,100,NA,1360,30,naturalFrequency
36,100,NA,1024,20,naturalFrequency
36,10,NA,1470,0,naturalFrequency
36,10,NA,2019,50,naturalFrequency
36,100,NA,1864,10,naturalFrequency
36,100,NA,2581,50,naturalFrequency
36,100,NA,1770,60,naturalFrequency
36,10,NA,1297,30,naturalFrequency
36,10,NA,1214,10,naturalFrequency
36,10,NA,1226,40,naturalFrequency
36,100,NA,1082,80,naturalFrequency
36,10,Ordered,12330,0,square
36,100,Ordered,7398,60,square
36,100,Ordered,2298,50,square
36,10,Ordered,1425,10,square
36,10,Ordered,2753,30,square
36,100,Ordered,1293,30,square
36,100,Ordered,899,90,square
36,100,Ordered,1061,40,square
36,10,Ordered,1444,70,square
36,100,Ordered,2558,20,square
36,10,Ordered,1445,40,square
36,10,Ordered,976,80,square
36,100,Ordered,1005,80,square
36,100,Ordered,990,10,square
36,10,Ordered,1604,50,square
36,100,Ordered,1498,70,square
36,10,Ordered,1433,60,square
36,10,Ordered,954,20,square
36,10,Ordered,940,90,square
36,10,Ordered,3405,50,house
36,10,Ordered,838,60,house
36,100,Ordered,1198,70,house
36,100,Ordered,791,90,house
36,100,Ordered,1099,40,house
36,10,Ordered,1393,40,house
36,10,Ordered,958,90,house
36,10,Ordered,875,10,house
36,100,Ordered,3198,50,house
36,100,Ordered,1947,60,house
36,10,Ordered,2793,30,house
36,100,Ordered,1592,30,house
36,100,Ordered,849,20,house
36,10,Ordered,1197,70,house
36,10,Ordered,1354,20,house
36,10,Ordered,2032,80,house
36,10,Ordered,1355,0,house
36,100,Ordered,1523,80,house
36,100,Ordered,952,10,house
36,100,Random,3489,80,square
36,10,Random,4040,50,square
36,10,Random,1009,60,square
36,10,Random,860,20,square
36,10,Random,994,80,square
36,10,Random,814,90,square
36,10,Random,940,30,square
36,100,Random,935,100,square
36,10,Random,964,70,square
36,100,Random,1918,30,square
36,10,Random,1410,10,square
36,100,Random,1032,90,square
36,100,Random,1049,50,square
36,100,Random,1305,20,square
36,100,Random,785,70,square
36,100,Random,1254,10,square
36,100,Random,2809,40,square
36,10,Random,1510,40,square
36,100,Random,1002,60,square
36,100,Random,2227,60,house
36,10,Random,1133,90,house
36,100,Random,1055,80,house
36,10,Random,991,30,house
36,10,Random,766,0,house
36,100,Random,881,90,house
36,10,Random,2071,60,house
36,10,Random,2198,70,house
36,100,Random,1936,40,house
36,10,Random,865,10,house
36,10,Random,3039,80,house
36,100,Random,915,50,house
36,100,Random,1179,70,house
36,100,Random,988,20,house
36,100,Random,806,10,house
36,100,Random,2941,30,house
36,10,Random,2591,40,house
36,10,Random,2338,50,house
36,10,Random,779,20,house
37,100,NA,3374,50,naturalFrequency
37,100,NA,5669,10,naturalFrequency
37,100,NA,1147,90,naturalFrequency
37,100,NA,1560,40,naturalFrequency
37,10,NA,1591,60,naturalFrequency
37,10,NA,653,70,naturalFrequency
37,10,NA,1103,40,naturalFrequency
37,10,NA,1467,100,naturalFrequency
37,10,NA,885,20,naturalFrequency
37,100,NA,1258,30,naturalFrequency
37,100,NA,794,60,naturalFrequency
37,10,NA,1027,10,naturalFrequency
37,100,NA,811,80,naturalFrequency
37,10,NA,682,90,naturalFrequency
37,10,NA,848,30,naturalFrequency
37,10,NA,630,80,naturalFrequency
37,100,NA,1331,20,naturalFrequency
37,100,NA,594,70,naturalFrequency
37,10,NA,824,50,naturalFrequency
37,10,Ordered,3547,40,square
37,100,Ordered,1074,50,square
37,100,Ordered,607,60,square
37,10,Ordered,1108,60,square
37,100,Ordered,930,80,square
37,10,Ordered,1232,20,square
37,10,Ordered,600,30,square
37,10,Ordered,509,80,square
37,100,Ordered,1343,10,square
37,100,Ordered,637,70,square
37,100,Ordered,563,90,square
37,100,Ordered,726,20,square
37,10,Ordered,819,100,square
37,10,Ordered,593,50,square
37,10,Ordered,570,70,square
37,100,Ordered,839,40,square
37,10,Ordered,697,90,square
37,100,Ordered,704,30,square
37,10,Ordered,713,10,square
37,100,Ordered,6620,20,house
37,100,Ordered,576,40,house
37,100,Ordered,538,90,house
37,10,Ordered,675,90,house
37,10,Ordered,975,30,house
37,10,Ordered,434,50,house
37,100,Ordered,786,30,house
37,10,Ordered,646,40,house
37,10,Ordered,886,10,house
37,100,Ordered,859,70,house
37,100,Ordered,514,60,house
37,10,Ordered,1110,60,house
37,100,Ordered,854,80,house
37,100,Ordered,966,10,house
37,10,Ordered,727,80,house
37,10,Ordered,786,20,house
37,100,Ordered,733,50,house
37,10,Ordered,690,70,house
37,100,Ordered,846,0,house
37,100,Random,4124,90,square
37,100,Random,561,80,square
37,10,Random,653,80,square
37,10,Random,977,40,square
37,10,Random,563,60,square
37,100,Random,645,60,square
37,10,Random,1064,20,square
37,100,Random,660,50,square
37,100,Random,855,10,square
37,10,Random,1239,30,square
37,10,Random,1044,10,square
37,10,Random,504,90,square
37,10,Random,616,50,square
37,100,Random,1626,30,square
37,100,Random,719,0,square
37,100,Random,1537,20,square
37,100,Random,485,40,square
37,100,Random,549,70,square
37,10,Random,954,70,square
37,10,Random,2429,80,house
37,100,Random,881,80,house
37,100,Random,1325,10,house
37,100,Random,613,30,house
37,10,Random,719,50,house
37,10,Random,481,70,house
37,100,Random,869,20,house
37,100,Random,634,60,house
37,100,Random,777,50,house
37,10,Random,1035,10,house
37,100,Random,606,70,house
37,10,Random,928,30,house
37,10,Random,473,90,house
37,10,Random,725,40,house
37,10,Random,996,20,house
37,10,Random,434,100,house
37,100,Random,764,40,house
37,10,Random,593,60,house
37,100,Random,626,90,house
38,10,NA,3832,60,naturalFrequency
38,100,NA,2097,90,naturalFrequency
38,100,NA,1100,0,naturalFrequency
38,10,NA,902,40,naturalFrequency
38,10,NA,903,30,naturalFrequency
38,100,NA,866,80,naturalFrequency
38,100,NA,883,30,naturalFrequency
38,10,NA,1666,90,naturalFrequency
38,100,NA,1367,10,naturalFrequency
38,10,NA,2033,70,naturalFrequency
38,100,NA,894,20,naturalFrequency
38,10,NA,786,20,naturalFrequency
38,10,NA,601,80,naturalFrequency
38,10,NA,769,50,naturalFrequency
38,100,NA,915,40,naturalFrequency
38,100,NA,583,70,naturalFrequency
38,100,NA,567,60,naturalFrequency
38,10,NA,751,10,naturalFrequency
38,100,NA,767,50,naturalFrequency
38,100,Ordered,2161,50,square
38,100,Ordered,1049,60,square
38,10,Ordered,1600,10,square
38,100,Ordered,998,20,square
38,10,Ordered,983,70,square
38,100,Ordered,982,30,square
38,10,Ordered,1133,60,square
38,100,Ordered,1198,90,square
38,10,Ordered,1000,30,square
38,10,Ordered,648,90,square
38,10,Ordered,1100,40,square
38,10,Ordered,583,100,square
38,10,Ordered,701,50,square
38,100,Ordered,832,70,square
38,10,Ordered,715,80,square
38,100,Ordered,816,40,square
38,100,Ordered,499,80,square
38,10,Ordered,700,20,square
38,100,Ordered,866,10,square
38,100,Ordered,1759,60,house
38,10,Ordered,1026,80,house
38,100,Ordered,940,20,house
38,10,Ordered,913,30,house
38,100,Ordered,974,50,house
38,10,Ordered,1398,70,house
38,100,Ordered,1104,80,house
38,10,Ordered,1247,20,house
38,10,Ordered,913,50,house
38,100,Ordered,1252,70,house
38,100,Ordered,1388,90,house
38,10,Ordered,1181,90,house
38,10,Ordered,847,10,house
38,10,Ordered,830,40,house
38,100,Ordered,1260,30,house
38,10,Ordered,1416,0,house
38,100,Ordered,1542,10,house
38,10,Ordered,1132,60,house
38,100,Ordered,1342,40,house
38,10,Random,2049,70,square
38,10,Random,700,30,square
38,10,Random,566,90,square
38,10,Random,731,50,square
38,100,Random,765,60,square
38,100,Random,947,10,square
38,100,Random,915,20,square
38,100,Random,899,80,square
38,10,Random,1719,10,square
38,100,Random,668,70,square
38,100,Random,549,100,square
38,100,Random,899,40,square
38,100,Random,580,50,square
38,10,Random,863,20,square
38,10,Random,733,40,square
38,100,Random,766,90,square
38,100,Random,831,30,square
38,10,Random,884,60,square
38,10,Random,665,80,square
38,100,Random,1041,80,house
38,10,Random,1581,40,house
38,10,Random,648,70,house
38,10,Random,733,60,house
38,10,Random,750,90,house
38,100,Random,881,40,house
38,10,Random,915,20,house
38,10,Random,615,80,house
38,100,Random,926,100,house
38,10,Random,1715,10,house
38,10,Random,633,30,house
38,100,Random,795,90,house
38,10,Random,1062,50,house
38,100,Random,797,10,house
38,100,Random,881,50,house
38,100,Random,1045,60,house
38,100,Random,643,70,house
38,100,Random,496,30,house
38,100,Random,493,20,house
39,10,NA,3915,50,naturalFrequency
39,100,NA,3984,30,naturalFrequency
39,10,NA,4818,20,naturalFrequency
39,10,NA,1497,10,naturalFrequency
39,100,NA,1720,90,naturalFrequency
39,10,NA,1833,80,naturalFrequency
39,10,NA,1122,60,naturalFrequency
39,100,NA,2717,20,naturalFrequency
39,100,NA,1317,50,naturalFrequency
39,100,NA,1834,40,naturalFrequency
39,100,NA,1035,70,naturalFrequency
39,100,NA,997,60,naturalFrequency
39,100,NA,947,80,naturalFrequency
39,10,NA,2532,30,naturalFrequency
39,10,NA,785,90,naturalFrequency
39,10,NA,934,70,naturalFrequency
39,10,NA,1786,40,naturalFrequency
39,10,NA,934,100,naturalFrequency
39,100,NA,1684,10,naturalFrequency
39,10,Ordered,3651,50,square
39,10,Ordered,1453,10,square
39,10,Ordered,3020,30,square
39,100,Ordered,1517,80,square
39,10,Ordered,980,60,square
39,10,Ordered,854,90,square
39,100,Ordered,1532,10,square
39,100,Ordered,1236,50,square
39,100,Ordered,847,70,square
39,100,Ordered,802,90,square
39,10,Ordered,1297,70,square
39,100,Ordered,2921,30,square
39,10,Ordered,1566,40,square
39,100,Ordered,1367,20,square
39,10,Ordered,990,80,square
39,100,Ordered,1132,100,square
39,10,Ordered,1338,20,square
39,100,Ordered,1001,60,square
39,100,Ordered,1288,40,square
39,100,Ordered,2612,70,house
39,100,Ordered,862,80,house
39,100,Ordered,1448,30,house
39,10,Ordered,1250,40,house
39,10,Ordered,850,50,house
39,10,Ordered,1218,10,house
39,100,Ordered,1202,60,house
39,10,Ordered,2101,30,house
39,10,Ordered,1032,90,house
39,100,Ordered,998,50,house
39,100,Ordered,797,40,house
39,10,Ordered,1200,80,house
39,10,Ordered,1539,20,house
39,10,Ordered,784,70,house
39,100,Ordered,1083,90,house
39,10,Ordered,913,100,house
39,100,Ordered,1232,20,house
39,100,Ordered,1879,10,house
39,10,Ordered,1019,60,house
39,10,Random,2880,20,square
39,100,Random,1849,80,square
39,100,Random,1286,0,square
39,10,Random,1118,90,square
39,100,Random,1235,30,square
39,100,Random,914,40,square
39,100,Random,1199,20,square
39,100,Random,817,70,square
39,10,Random,1834,40,square
39,100,Random,1541,10,square
39,10,Random,2482,30,square
39,10,Random,1053,70,square
39,10,Random,891,80,square
39,100,Random,1183,60,square
39,10,Random,983,60,square
39,100,Random,1055,90,square
39,10,Random,1165,50,square
39,100,Random,1153,50,square
39,10,Random,1353,10,square
39,10,Random,4222,20,house
39,10,Random,1030,50,house
39,10,Random,824,60,house
39,100,Random,1347,20,house
39,100,Random,819,50,house
39,10,Random,1531,10,house
39,10,Random,916,70,house
39,100,Random,1229,40,house
39,10,Random,1190,100,house
39,10,Random,934,80,house
39,100,Random,1132,80,house
39,100,Random,1366,60,house
39,100,Random,1613,10,house
39,10,Random,985,90,house
39,100,Random,1549,90,house
39,100,Random,2830,30,house
39,10,Random,1600,30,house
39,100,Random,1266,70,house
39,10,Random,1303,40,house
40,10,NA,5765,60,naturalFrequency
40,10,NA,3524,20,naturalFrequency
40,100,NA,2630,70,naturalFrequency
40,100,NA,1198,60,naturalFrequency
40,10,NA,2138,30,naturalFrequency
40,100,NA,1374,40,naturalFrequency
40,100,NA,3524,50,naturalFrequency
40,10,NA,1385,10,naturalFrequency
40,100,NA,2194,90,naturalFrequency
40,100,NA,1226,30,naturalFrequency
40,10,NA,4318,0,naturalFrequency
40,100,NA,1411,80,naturalFrequency
40,10,NA,2746,50,naturalFrequency
40,10,NA,1051,80,naturalFrequency
40,100,NA,3276,10,naturalFrequency
40,10,NA,2079,40,naturalFrequency
40,100,NA,4123,20,naturalFrequency
40,10,NA,2106,70,naturalFrequency
40,10,NA,925,90,naturalFrequency
40,10,Ordered,4151,50,square
40,10,Ordered,1160,80,square
40,10,Ordered,2244,20,square
40,100,Ordered,2464,90,square
40,10,Ordered,1406,10,square
40,100,Ordered,2442,10,square
40,100,Ordered,1103,80,square
40,10,Ordered,1490,0,square
40,10,Ordered,858,70,square
40,100,Ordered,2454,20,square
40,10,Ordered,3868,30,square
40,100,Ordered,2224,50,square
40,100,Ordered,1062,60,square
40,10,Ordered,1261,90,square
40,100,Ordered,930,70,square
40,10,Ordered,2480,60,square
40,10,Ordered,3399,40,square
40,100,Ordered,2858,40,square
40,100,Ordered,966,30,square
40,10,Ordered,3273,10,house
40,100,Ordered,2707,10,house
40,10,Ordered,1409,50,house
40,10,Ordered,1038,70,house
40,100,Ordered,1088,50,house
40,10,Ordered,1414,0,house
40,100,Ordered,1540,20,house
40,10,Ordered,3073,20,house
40,100,Ordered,1132,90,house
40,10,Ordered,1001,40,house
40,100,Ordered,1111,30,house
40,10,Ordered,1207,30,house
40,100,Ordered,1396,80,house
40,10,Ordered,2136,60,house
40,100,Ordered,1044,70,house
40,100,Ordered,1131,40,house
40,10,Ordered,945,80,house
40,10,Ordered,1022,90,house
40,100,Ordered,1010,60,house
40,10,Random,2391,80,square
40,100,Random,2580,50,square
40,100,Random,1032,90,square
40,100,Random,966,80,square
40,10,Random,1088,90,square
40,10,Random,4217,50,square
40,10,Random,1944,30,square
40,100,Random,1160,60,square
40,100,Random,1452,0,square
40,10,Random,2756,20,square
40,10,Random,1096,70,square
40,100,Random,1048,70,square
40,10,Random,1048,60,square
40,100,Random,1848,40,square
40,10,Random,1061,40,square
40,10,Random,1158,10,square
40,100,Random,3884,20,square
40,100,Random,1647,10,square
40,100,Random,2654,30,square
40,10,Random,2647,90,house
40,100,Random,1411,50,house
40,100,Random,1603,60,house
40,100,Random,1862,10,house
40,10,Random,1400,40,house
40,100,Random,1039,70,house
40,10,Random,1364,30,house
40,10,Random,1795,20,house
40,100,Random,919,20,house
40,100,Random,1754,30,house
40,100,Random,1046,0,house
40,10,Random,932,50,house
40,100,Random,974,90,house
40,100,Random,1398,40,house
40,10,Random,1040,60,house
40,10,Random,734,80,house
40,10,Random,1054,10,house
40,100,Random,865,80,house
40,10,Random,921,70,house
41,100,NA,6624,60,naturalFrequency
41,100,NA,1957,20,naturalFrequency
41,10,NA,3433,30,naturalFrequency
41,10,NA,1625,40,naturalFrequency
41,10,NA,2919,0,naturalFrequency
41,10,NA,1954,20,naturalFrequency
41,100,NA,1926,80,naturalFrequency
41,10,NA,2302,50,naturalFrequency
41,10,NA,1474,10,naturalFrequency
41,100,NA,1634,90,naturalFrequency
41,100,NA,1559,70,naturalFrequency
41,100,NA,1906,50,naturalFrequency
41,10,NA,1903,60,naturalFrequency
41,10,NA,1194,80,naturalFrequency
41,10,NA,1253,70,naturalFrequency
41,100,NA,4134,10,naturalFrequency
41,100,NA,2003,30,naturalFrequency
41,100,NA,1314,40,naturalFrequency
41,10,NA,1636,90,naturalFrequency
41,10,Ordered,5670,30,square
41,100,Ordered,5746,20,square
41,100,Ordered,2090,30,square
41,100,Ordered,1506,10,square
41,100,Ordered,2052,40,square
41,100,Ordered,1656,80,square
41,10,Ordered,2366,50,square
41,100,Ordered,2097,60,square
41,100,Ordered,1367,90,square
41,10,Ordered,1902,20,square
41,100,Ordered,1957,0,square
41,10,Ordered,6500,10,square
41,10,Ordered,2644,70,square
41,10,Ordered,3551,90,square
41,10,Ordered,2352,60,square
41,10,Ordered,1926,40,square
41,10,Ordered,4029,80,square
41,100,Ordered,2328,70,square
41,100,Ordered,2559,50,square
41,100,Ordered,8221,70,house
41,10,Ordered,1970,20,house
41,10,Ordered,2326,30,house
41,100,Ordered,2168,60,house
41,10,Ordered,4940,80,house
41,10,Ordered,1445,10,house
41,100,Ordered,1656,90,house
41,100,Ordered,1458,0,house
41,10,Ordered,2080,40,house
41,100,Ordered,2277,50,house
41,100,Ordered,2009,40,house
41,100,Ordered,1269,20,house
41,10,Ordered,1588,50,house
41,10,Ordered,1257,60,house
41,100,Ordered,2297,30,house
41,100,Ordered,1544,10,house
41,100,Ordered,2530,80,house
41,10,Ordered,1902,70,house
41,10,Ordered,1636,90,house
41,10,Random,7739,40,square
41,10,Random,2003,70,square
41,10,Random,1957,10,square
41,100,Random,3280,30,square
41,100,Random,1721,80,square
41,100,Random,2034,60,square
41,10,Random,2229,60,square
41,10,Random,2323,50,square
41,100,Random,1863,50,square
41,10,Random,1541,20,square
41,100,Random,1434,10,square
41,10,Random,1535,90,square
41,100,Random,1732,0,square
41,100,Random,1416,70,square
41,10,Random,3817,80,square
41,10,Random,1983,30,square
41,100,Random,1544,40,square
41,100,Random,1808,90,square
41,100,Random,1737,20,square
41,100,Random,3153,90,house
41,100,Random,2398,80,house
41,100,Random,1986,10,house
41,100,Random,2408,50,house
41,100,Random,2594,30,house
41,100,Random,4664,70,house
41,10,Random,2111,50,house
41,10,Random,1429,10,house
41,10,Random,2384,20,house
41,10,Random,1717,80,house
41,10,Random,2573,60,house
41,10,Random,2550,90,house
41,100,Random,4531,60,house
41,10,Random,116540,70,house
41,10,Random,3032,30,house
41,10,Random,2434,40,house
41,100,Random,1643,20,house
41,100,Random,1729,100,house
41,100,Random,1459,40,house
42,100,NA,7044,70,naturalFrequency
42,10,NA,3762,80,naturalFrequency
42,10,NA,3846,30,naturalFrequency
42,100,NA,3777,90,naturalFrequency
42,10,NA,3178,20,naturalFrequency
42,10,NA,6163,40,naturalFrequency
42,10,NA,2233,90,naturalFrequency
42,10,NA,1884,100,naturalFrequency
42,100,NA,9416,30,naturalFrequency
42,100,NA,2973,80,naturalFrequency
42,100,NA,7768,40,naturalFrequency
42,10,NA,12846,50,naturalFrequency
42,100,NA,2657,10,naturalFrequency
42,100,NA,1706,20,naturalFrequency
42,10,NA,2509,60,naturalFrequency
42,100,NA,2606,50,naturalFrequency
42,10,NA,2565,10,naturalFrequency
42,10,NA,1893,70,naturalFrequency
42,100,NA,1947,60,naturalFrequency
42,100,Ordered,9706,30,square
42,100,Ordered,2484,100,square
42,100,Ordered,2005,80,square
42,100,Ordered,2256,20,square
42,100,Ordered,1811,70,square
42,10,Ordered,3679,50,square
42,10,Ordered,1932,70,square
42,100,Ordered,10604,50,square
42,100,Ordered,3870,10,square
42,10,Ordered,3352,60,square
42,10,Ordered,1549,80,square
42,10,Ordered,1718,90,square
42,10,Ordered,2747,30,square
42,10,Ordered,2883,40,square
42,10,Ordered,2062,10,square
42,100,Ordered,3127,60,square
42,100,Ordered,1901,90,square
42,10,Ordered,3282,20,square
42,100,Ordered,3153,40,square
42,100,Ordered,11067,30,house
42,100,Ordered,2487,100,house
42,10,Ordered,2716,90,house
42,10,Ordered,2983,70,house
42,10,Ordered,2726,50,house
42,100,Ordered,2648,10,house
42,10,Ordered,2679,60,house
42,100,Ordered,2690,70,house
42,100,Ordered,14411,40,house
42,10,Ordered,2387,20,house
42,10,Ordered,6841,40,house
42,100,Ordered,2291,20,house
42,10,Ordered,2620,10,house
42,100,Ordered,5745,60,house
42,100,Ordered,2731,80,house
42,10,Ordered,2547,80,house
42,100,Ordered,2399,50,house
42,10,Ordered,3702,30,house
42,100,Ordered,2613,90,house
42,10,Random,3100,90,square
42,10,Random,2529,70,square
42,100,Random,2885,10,square
42,100,Random,5069,70,square
42,100,Random,2843,50,square
42,100,Random,3858,40,square
42,100,Random,1943,60,square
42,10,Random,2000,100,square
42,10,Random,2676,30,square
42,100,Random,3138,30,square
42,10,Random,8622,40,square
42,10,Random,9131,50,square
42,10,Random,3809,10,square
42,100,Random,2530,80,square
42,10,Random,3513,20,square
42,100,Random,5231,90,square
42,10,Random,2410,80,square
42,100,Random,2335,20,square
42,10,Random,3684,60,square
42,10,Random,4802,60,house
42,10,Random,2019,20,house
42,10,Random,2393,90,house
42,10,Random,2479,80,house
42,100,Random,2787,60,house
42,10,Random,2970,10,house
42,100,Random,3457,10,house
42,100,Random,8181,40,house
42,100,Random,20465,20,house
42,100,Random,1717,80,house
42,10,Random,6398,40,house
42,100,Random,2561,100,house
42,10,Random,3846,50,house
42,100,Random,2437,70,house
42,100,Random,1764,30,house
42,100,Random,1529,90,house
42,100,Random,2102,50,house
42,10,Random,2079,30,house
42,10,Random,2703,70,house
43,100,NA,3345,80,naturalFrequency
43,100,NA,1817,10,naturalFrequency
43,10,NA,1686,80,naturalFrequency
43,10,NA,1305,0,naturalFrequency
43,100,NA,1741,40,naturalFrequency
43,10,NA,1337,50,naturalFrequency
43,10,NA,1251,90,naturalFrequency
43,10,NA,1066,60,naturalFrequency
43,10,NA,1017,10,naturalFrequency
43,100,NA,2405,70,naturalFrequency
43,100,NA,958,60,naturalFrequency
43,10,NA,1055,30,naturalFrequency
43,10,NA,1000,20,naturalFrequency
43,100,NA,1197,30,naturalFrequency
43,100,NA,974,90,naturalFrequency
43,100,NA,944,20,naturalFrequency
43,10,NA,1323,70,naturalFrequency
43,100,NA,1286,50,naturalFrequency
43,10,NA,950,40,naturalFrequency
43,100,Ordered,3998,20,square
43,10,Ordered,1311,70,square
43,100,Ordered,1420,50,square
43,100,Ordered,782,90,square
43,10,Ordered,1228,90,square
43,10,Ordered,791,100,square
43,10,Ordered,895,20,square
43,10,Ordered,6727,80,square
43,10,Ordered,1177,30,square
43,10,Ordered,1134,10,square
43,100,Ordered,1182,10,square
43,10,Ordered,1234,50,square
43,100,Ordered,1273,80,square
43,100,Ordered,1579,40,square
43,100,Ordered,1033,70,square
43,10,Ordered,1574,60,square
43,100,Ordered,1299,30,square
43,10,Ordered,1623,40,square
43,100,Ordered,1207,60,square
43,100,Ordered,1577,60,house
43,10,Ordered,1135,50,house
43,100,Ordered,904,70,house
43,100,Ordered,704,0,house
43,100,Ordered,1169,10,house
43,10,Ordered,1285,60,house
43,100,Ordered,1600,30,house
43,10,Ordered,1229,80,house
43,10,Ordered,888,30,house
43,10,Ordered,850,40,house
43,100,Ordered,1099,20,house
43,10,Ordered,989,10,house
43,10,Ordered,1046,20,house
43,10,Ordered,869,90,house
43,100,Ordered,1187,50,house
43,100,Ordered,987,40,house
43,100,Ordered,896,90,house
43,100,Ordered,821,80,house
43,10,Ordered,1209,70,house
43,100,Random,1648,60,square
43,100,Random,760,100,square
43,100,Random,1388,90,square
43,100,Random,764,80,square
43,10,Random,1360,50,square
43,100,Random,1185,50,square
43,100,Random,809,20,square
43,10,Random,956,80,square
43,100,Random,1704,10,square
43,10,Random,1112,90,square
43,10,Random,1318,60,square
43,10,Random,814,70,square
43,100,Random,1150,70,square
43,10,Random,1451,20,square
43,10,Random,831,10,square
43,10,Random,1562,40,square
43,100,Random,1161,40,square
43,100,Random,818,30,square
43,10,Random,1190,30,square
43,100,Random,1345,40,house
43,10,Random,1725,50,house
43,10,Random,1706,30,house
43,10,Random,832,40,house
43,100,Random,1124,70,house
43,100,Random,1564,50,house
43,10,Random,1498,60,house
43,100,Random,1054,30,house
43,10,Random,959,70,house
43,100,Random,1147,10,house
43,100,Random,896,90,house
43,10,Random,1392,90,house
43,10,Random,1040,20,house
43,100,Random,3223,60,house
43,100,Random,1045,0,house
43,100,Random,767,80,house
43,10,Random,1205,10,house
43,100,Random,1144,20,house
43,10,Random,1056,80,house
44,100,NA,7655,80,naturalFrequency
44,100,NA,2884,60,naturalFrequency
44,100,NA,1755,20,naturalFrequency
44,100,NA,1837,70,naturalFrequency
44,100,NA,2339,40,naturalFrequency
44,10,NA,3656,100,naturalFrequency
44,10,NA,1499,40,naturalFrequency
44,10,NA,1340,60,naturalFrequency
44,10,NA,1244,80,naturalFrequency
44,10,NA,1169,30,naturalFrequency
44,100,NA,1896,30,naturalFrequency
44,10,NA,1372,90,naturalFrequency
44,100,NA,1755,50,naturalFrequency
44,10,NA,2157,50,naturalFrequency
44,100,NA,1596,90,naturalFrequency
44,10,NA,1552,10,naturalFrequency
44,100,NA,1370,10,naturalFrequency
44,10,NA,1470,70,naturalFrequency
44,10,NA,1430,20,naturalFrequency
44,10,Ordered,8720,70,square
44,10,Ordered,1944,80,square
44,10,Ordered,1787,40,square
44,100,Ordered,1973,30,square
44,10,Ordered,2334,60,square
44,100,Ordered,2347,40,square
44,10,Ordered,1813,90,square
44,100,Ordered,2015,60,square
44,100,Ordered,1828,70,square
44,100,Ordered,1676,10,square
44,100,Ordered,1801,80,square
44,10,Ordered,1694,100,square
44,100,Ordered,2029,20,square
44,100,Ordered,1538,50,square
44,100,Ordered,1477,90,square
44,10,Ordered,2418,20,square
44,10,Ordered,1514,30,square
44,10,Ordered,1640,50,square
44,10,Ordered,1227,10,square
44,100,Ordered,6520,50,house
44,100,Ordered,1881,30,house
44,10,Ordered,1552,10,house
44,100,Ordered,2484,20,house
44,100,Ordered,1487,90,house
44,10,Ordered,2730,30,house
44,10,Ordered,1334,100,house
44,10,Ordered,1652,50,house
44,10,Ordered,1399,60,house
44,10,Ordered,1362,40,house
44,100,Ordered,2241,70,house
44,100,Ordered,1176,80,house
44,100,Ordered,3060,60,house
44,10,Ordered,1833,90,house
44,100,Ordered,1654,10,house
44,100,Ordered,1645,40,house
44,10,Ordered,1679,70,house
44,10,Ordered,1557,80,house
44,10,Ordered,1724,20,house
44,10,Random,3426,60,square
44,10,Random,1442,70,square
44,100,Random,3472,50,square
44,100,Random,1859,70,square
44,100,Random,1363,20,square
44,10,Random,1662,80,square
44,100,Random,1553,40,square
44,100,Random,1461,80,square
44,10,Random,2332,10,square
44,10,Random,3418,40,square
44,10,Random,1976,20,square
44,100,Random,1661,90,square
44,100,Random,2221,10,square
44,10,Random,2042,90,square
44,100,Random,1820,100,square
44,10,Random,3057,30,square
44,10,Random,1319,50,square
44,100,Random,1985,30,square
44,100,Random,1846,60,square
44,10,Random,2438,10,house
44,100,Random,3100,60,house
44,100,Random,1308,30,house
44,10,Random,1649,90,house
44,10,Random,1771,60,house
44,100,Random,1505,70,house
44,10,Random,1868,40,house
44,10,Random,1586,80,house
44,100,Random,2484,40,house
44,100,Random,1648,80,house
44,100,Random,2267,10,house
44,10,Random,2227,20,house
44,10,Random,1455,50,house
44,10,Random,5592,30,house
44,100,Random,2534,20,house
44,100,Random,2867,50,house
44,10,Random,3044,70,house
44,100,Random,2211,90,house
44,10,Random,5363,100,house
45,100,NA,8982,100,naturalFrequency
45,100,NA,4081,80,naturalFrequency
45,10,NA,4250,80,naturalFrequency
45,10,NA,2837,10,naturalFrequency
45,10,NA,3281,90,naturalFrequency
45,100,NA,10363,60,naturalFrequency
45,10,NA,4615,50,naturalFrequency
45,100,NA,2829,70,naturalFrequency
45,10,NA,4332,70,naturalFrequency
45,10,NA,3049,20,naturalFrequency
45,10,NA,2248,60,naturalFrequency
45,100,NA,2699,40,naturalFrequency
45,100,NA,1982,30,naturalFrequency
45,100,NA,2051,90,naturalFrequency
45,10,NA,3132,40,naturalFrequency
45,100,NA,4832,10,naturalFrequency
45,10,NA,2300,30,naturalFrequency
45,100,NA,8897,50,naturalFrequency
45,100,NA,2319,20,naturalFrequency
45,100,Ordered,12312,40,square
45,100,Ordered,2482,20,square
45,100,Ordered,6016,0,square
45,10,Ordered,4681,80,square
45,10,Ordered,6483,60,square
45,10,Ordered,2213,30,square
45,10,Ordered,4564,50,square
45,100,Ordered,3113,90,square
45,10,Ordered,1881,10,square
45,100,Ordered,2279,70,square
45,100,Ordered,1812,80,square
45,10,Ordered,1980,90,square
45,100,Ordered,2147,60,square
45,100,Ordered,1827,10,square
45,100,Ordered,3000,50,square
45,10,Ordered,1782,20,square
45,100,Ordered,1583,30,square
45,10,Ordered,1749,70,square
45,10,Ordered,1932,40,square
45,100,Ordered,5558,20,house
45,100,Ordered,3054,90,house
45,10,Ordered,2597,20,house
45,100,Ordered,2378,40,house
45,10,Ordered,2165,80,house
45,10,Ordered,2817,50,house
45,100,Ordered,2161,70,house
45,100,Ordered,1751,80,house
45,10,Ordered,1898,90,house
45,100,Ordered,2531,50,house
45,100,Ordered,2251,30,house
45,100,Ordered,2687,60,house
45,100,Ordered,1675,10,house
45,10,Ordered,2083,30,house
45,10,Ordered,1502,10,house
45,10,Ordered,2647,70,house
45,100,Ordered,3263,0,house
45,10,Ordered,1666,40,house
45,10,Ordered,2016,60,house
45,100,Random,8577,10,square
45,100,Random,7960,50,square
45,100,Random,1749,20,square
45,100,Random,2267,40,square
45,100,Random,2047,60,square
45,100,Random,1748,90,square
45,10,Random,2093,20,square
45,10,Random,2749,60,square
45,100,Random,1746,100,square
45,10,Random,2433,90,square
45,10,Random,1531,80,square
45,100,Random,1982,30,square
45,10,Random,1849,10,square
45,100,Random,1668,80,square
45,10,Random,2048,40,square
45,10,Random,1683,30,square
45,10,Random,6246,50,square
45,100,Random,2082,70,square
45,10,Random,2285,70,square
45,100,Random,6708,30,house
45,100,Random,5029,50,house
45,10,Random,2234,80,house
45,10,Random,7732,50,house
45,100,Random,2664,60,house
45,100,Random,1497,90,house
45,10,Random,1784,60,house
45,10,Random,1733,100,house
45,100,Random,1896,80,house
45,10,Random,2347,70,house
45,100,Random,1927,40,house
45,10,Random,2195,30,house
45,10,Random,1683,40,house
45,10,Random,1664,10,house
45,10,Random,1652,90,house
45,100,Random,2092,20,house
45,100,Random,1579,70,house
45,10,Random,1967,20,house
45,100,Random,1778,10,house
46,10,NA,7548,50,naturalFrequency
46,100,NA,1714,90,naturalFrequency
46,100,NA,1443,80,naturalFrequency
46,10,NA,2406,30,naturalFrequency
46,100,NA,1516,40,naturalFrequency
46,100,NA,1676,10,naturalFrequency
46,100,NA,2081,20,naturalFrequency
46,10,NA,1452,20,naturalFrequency
46,10,NA,1074,60,naturalFrequency
46,100,NA,4626,70,naturalFrequency
46,10,NA,1693,40,naturalFrequency
46,100,NA,1176,60,naturalFrequency
46,10,NA,1336,80,naturalFrequency
46,10,NA,1092,90,naturalFrequency
46,100,NA,1456,30,naturalFrequency
46,100,NA,1440,50,naturalFrequency
46,10,NA,1040,70,naturalFrequency
46,10,NA,1371,10,naturalFrequency
46,10,NA,1239,0,naturalFrequency
46,10,Ordered,3630,40,square
46,100,Ordered,1212,90,square
46,10,Ordered,1753,60,square
46,100,Ordered,1196,20,square
46,100,Ordered,1264,60,square
46,10,Ordered,1653,10,square
46,100,Ordered,1306,0,square
46,10,Ordered,1305,30,square
46,100,Ordered,1284,40,square
46,100,Ordered,1791,50,square
46,100,Ordered,988,70,square
46,100,Ordered,691,80,square
46,10,Ordered,996,90,square
46,100,Ordered,1053,10,square
46,10,Ordered,1324,50,square
46,10,Ordered,862,20,square
46,10,Ordered,1075,80,square
46,10,Ordered,4105,70,square
46,100,Ordered,1375,30,square
46,100,Ordered,7673,40,house
46,10,Ordered,1489,70,house
46,100,Ordered,1273,30,house
46,10,Ordered,1420,40,house
46,100,Ordered,1120,90,house
46,10,Ordered,1167,50,house
46,100,Ordered,1605,10,house
46,10,Ordered,1002,30,house
46,100,Ordered,1099,80,house
46,10,Ordered,1124,80,house
46,100,Ordered,3402,70,house
46,10,Ordered,1430,100,house
46,100,Ordered,1160,60,house
46,10,Ordered,1071,10,house
46,10,Ordered,1080,60,house
46,100,Ordered,3006,20,house
46,10,Ordered,933,90,house
46,10,Ordered,1316,20,house
46,100,Ordered,1194,50,house
46,10,Random,3272,40,square
46,10,Random,1798,70,square
46,100,Random,1335,10,square
46,10,Random,1893,20,square
46,100,Random,1657,60,square
46,100,Random,1002,0,square
46,100,Random,1833,90,square
46,100,Random,3370,40,square
46,100,Random,1050,50,square
46,10,Random,1124,50,square
46,100,Random,2278,20,square
46,100,Random,905,80,square
46,100,Random,1144,70,square
46,10,Random,2685,80,square
46,100,Random,1393,30,square
46,10,Random,1355,30,square
46,10,Random,812,10,square
46,10,Random,970,90,square
46,10,Random,1239,60,square
46,10,Random,4913,0,house
46,100,Random,3717,50,house
46,100,Random,1072,90,house
46,10,Random,1124,90,house
46,100,Random,1194,70,house
46,10,Random,1580,30,house
46,10,Random,793,40,house
46,100,Random,1085,10,house
46,100,Random,980,40,house
46,100,Random,1223,80,house
46,10,Random,1607,80,house
46,10,Random,1563,70,house
46,10,Random,1143,60,house
46,10,Random,856,10,house
46,10,Random,1255,50,house
46,100,Random,1077,30,house
46,100,Random,920,60,house
46,10,Random,1474,20,house
46,100,Random,1926,20,house
47,10,NA,8084,30,naturalFrequency
47,10,NA,8166,100,naturalFrequency
47,100,NA,4166,40,naturalFrequency
47,10,NA,2612,10,naturalFrequency
47,10,NA,3284,70,naturalFrequency
47,100,NA,2382,60,naturalFrequency
47,100,NA,2127,10,naturalFrequency
47,100,NA,1812,30,naturalFrequency
47,10,NA,2546,60,naturalFrequency
47,100,NA,2167,70,naturalFrequency
47,10,NA,2051,40,naturalFrequency
47,10,NA,2243,20,naturalFrequency
47,100,NA,2316,80,naturalFrequency
47,10,NA,2834,50,naturalFrequency
47,100,NA,2199,90,naturalFrequency
47,10,NA,2149,90,naturalFrequency
47,100,NA,1992,20,naturalFrequency
47,100,NA,2066,50,naturalFrequency
47,10,NA,1665,80,naturalFrequency
47,100,Ordered,6821,30,square
47,100,Ordered,3207,40,square
47,10,Ordered,3065,40,square
47,100,Ordered,1849,70,square
47,10,Ordered,2222,70,square
47,10,Ordered,1440,20,square
47,10,Ordered,1945,60,square
47,100,Ordered,2050,60,square
47,100,Ordered,1730,80,square
47,10,Ordered,1832,90,square
47,100,Ordered,1674,20,square
47,10,Ordered,2801,30,square
47,100,Ordered,2229,0,square
47,10,Ordered,1826,50,square
47,10,Ordered,1632,10,square
47,100,Ordered,1929,10,square
47,100,Ordered,2283,50,square
47,100,Ordered,1522,90,square
47,10,Ordered,1809,80,square
47,10,Ordered,6088,10,house
47,10,Ordered,1857,90,house
47,10,Ordered,4146,60,house
47,100,Ordered,1980,30,house
47,100,Ordered,1754,70,house
47,100,Ordered,1528,50,house
47,100,Ordered,1702,80,house
47,10,Ordered,2687,50,house
47,10,Ordered,1550,20,house
47,100,Ordered,1913,60,house
47,10,Ordered,2050,70,house
47,100,Ordered,1929,20,house
47,10,Ordered,1982,80,house
47,10,Ordered,2106,40,house
47,100,Ordered,2023,40,house
47,10,Ordered,1783,30,house
47,100,Ordered,1895,100,house
47,100,Ordered,1747,90,house
47,100,Ordered,1578,10,house
47,10,Random,2615,0,square
47,100,Random,2515,50,square
47,10,Random,1960,30,square
47,100,Random,1740,10,square
47,10,Random,1824,20,square
47,10,Random,1577,80,square
47,100,Random,1898,70,square
47,10,Random,1689,10,square
47,10,Random,2549,40,square
47,100,Random,1787,60,square
47,100,Random,2432,40,square
47,10,Random,1684,70,square
47,10,Random,1567,90,square
47,100,Random,1774,90,square
47,10,Random,1785,60,square
47,100,Random,1584,20,square
47,100,Random,1500,80,square
47,100,Random,1417,30,square
47,10,Random,5567,50,square
47,100,Random,2702,80,house
47,10,Random,2006,10,house
47,100,Random,3187,90,house
47,10,Random,1730,40,house
47,10,Random,2149,0,house
47,10,Random,1565,90,house
47,10,Random,1824,30,house
47,100,Random,2289,30,house
47,10,Random,2260,60,house
47,100,Random,1541,10,house
47,10,Random,1581,20,house
47,100,Random,1683,60,house
47,100,Random,1488,20,house
47,100,Random,1645,40,house
47,10,Random,1684,80,house
47,100,Random,1696,50,house
47,100,Random,1459,70,house
47,10,Random,1842,70,house
47,10,Random,1565,50,house
48,10,NA,5333,50,naturalFrequency
48,100,NA,3351,10,naturalFrequency
48,10,NA,3652,10,naturalFrequency
48,10,NA,1776,90,naturalFrequency
48,10,NA,1700,20,naturalFrequency
48,10,NA,2004,30,naturalFrequency
48,100,NA,4029,30,naturalFrequency
48,100,NA,1251,90,naturalFrequency
48,100,NA,1305,100,naturalFrequency
48,100,NA,2108,20,naturalFrequency
48,100,NA,1328,80,naturalFrequency
48,100,NA,1368,40,naturalFrequency
48,10,NA,1243,80,naturalFrequency
48,10,NA,1133,70,naturalFrequency
48,100,NA,2074,70,naturalFrequency
48,100,NA,1263,50,naturalFrequency
48,10,NA,2044,40,naturalFrequency
48,10,NA,1184,60,naturalFrequency
48,100,NA,3720,60,naturalFrequency
48,100,Ordered,5397,50,square
48,10,Ordered,3086,70,square
48,10,Ordered,3797,30,square
48,100,Ordered,1825,60,square
48,10,Ordered,1587,60,square
48,100,Ordered,1200,90,square
48,100,Ordered,1405,80,square
48,100,Ordered,1242,10,square
48,10,Ordered,1608,20,square
48,10,Ordered,963,40,square
48,100,Ordered,1257,70,square
48,10,Ordered,1692,10,square
48,100,Ordered,1420,20,square
48,100,Ordered,950,40,square
48,100,Ordered,861,0,square
48,10,Ordered,1462,50,square
48,100,Ordered,1247,30,square
48,10,Ordered,1327,90,square
48,10,Ordered,964,80,square
48,100,Ordered,2921,70,house
48,10,Ordered,1726,30,house
48,10,Ordered,1036,10,house
48,100,Ordered,1193,50,house
48,100,Ordered,1081,80,house
48,10,Ordered,1393,90,house
48,100,Ordered,1304,40,house
48,10,Ordered,1164,20,house
48,100,Ordered,1348,20,house
48,10,Ordered,1186,70,house
48,100,Ordered,1022,30,house
48,10,Ordered,2542,60,house
48,10,Ordered,984,80,house
48,10,Ordered,1137,50,house
48,100,Ordered,1350,90,house
48,10,Ordered,1325,40,house
48,10,Ordered,1050,100,house
48,100,Ordered,1502,60,house
48,100,Ordered,1741,10,house
48,100,Random,1513,70,square
48,10,Random,1427,50,square
48,10,Random,906,80,square
48,100,Random,1335,10,square
48,100,Random,1065,50,square
48,10,Random,1273,70,square
48,100,Random,955,90,square
48,10,Random,1294,20,square
48,10,Random,2406,60,square
48,10,Random,1126,30,square
48,10,Random,950,0,square
48,100,Random,1139,20,square
48,100,Random,983,30,square
48,100,Random,925,80,square
48,100,Random,1288,40,square
48,10,Random,1291,10,square
48,10,Random,732,90,square
48,10,Random,1084,40,square
48,100,Random,1217,60,square
48,10,Random,1383,90,house
48,100,Random,2290,70,house
48,10,Random,1456,50,house
48,100,Random,2520,50,house
48,10,Random,1578,60,house
48,100,Random,1139,60,house
48,10,Random,1141,80,house
48,100,Random,1435,100,house
48,10,Random,1209,20,house
48,100,Random,1150,90,house
48,100,Random,965,40,house
48,100,Random,879,30,house
48,10,Random,1318,10,house
48,100,Random,1070,20,house
48,10,Random,1290,30,house
48,10,Random,962,40,house
48,100,Random,1133,80,house
48,10,Random,1114,70,house
48,100,Random,984,10,house
49,100,NA,15231,30,naturalFrequency
49,100,NA,8984,60,naturalFrequency
49,10,NA,7513,30,naturalFrequency
49,100,NA,4433,50,naturalFrequency
49,100,NA,4223,70,naturalFrequency
49,100,NA,5905,20,naturalFrequency
49,100,NA,3943,100,naturalFrequency
49,100,NA,2728,90,naturalFrequency
49,10,NA,6408,70,naturalFrequency
49,10,NA,5142,90,naturalFrequency
49,10,NA,5824,50,naturalFrequency
49,10,NA,3833,40,naturalFrequency
49,10,NA,2208,10,naturalFrequency
49,100,NA,4393,80,naturalFrequency
49,100,NA,5049,10,naturalFrequency
49,10,NA,4798,60,naturalFrequency
49,10,NA,4425,80,naturalFrequency
49,10,NA,2720,20,naturalFrequency
49,100,NA,3137,40,naturalFrequency
49,100,Ordered,8254,40,square
49,100,Ordered,1755,60,square
49,100,Ordered,1887,100,square
49,10,Ordered,2070,90,square
49,10,Ordered,2360,80,square
49,10,Ordered,2159,50,square
49,10,Ordered,1767,10,square
49,10,Ordered,2184,70,square
49,100,Ordered,2051,50,square
49,100,Ordered,2039,30,square
49,10,Ordered,1814,40,square
49,10,Ordered,1202,30,square
49,100,Ordered,2175,10,square
49,10,Ordered,2336,60,square
49,100,Ordered,1654,70,square
49,100,Ordered,2581,90,square
49,100,Ordered,1940,20,square
49,100,Ordered,2014,80,square
49,10,Ordered,2296,20,square
49,100,Ordered,2903,70,house
49,100,Ordered,3526,40,house
49,10,Ordered,2492,50,house
49,10,Ordered,2221,10,house
49,10,Ordered,1639,40,house
49,100,Ordered,2352,20,house
49,100,Ordered,1531,90,house
49,10,Ordered,1772,90,house
49,10,Ordered,1637,100,house
49,100,Ordered,2184,60,house
49,100,Ordered,4421,50,house
49,10,Ordered,1646,70,house
49,10,Ordered,2365,80,house
49,10,Ordered,1564,60,house
49,100,Ordered,2226,30,house
49,100,Ordered,1526,10,house
49,10,Ordered,2525,30,house
49,10,Ordered,1553,20,house
49,100,Ordered,1705,80,house
49,100,Random,2470,90,square
49,100,Random,1967,20,square
49,10,Random,2118,80,square
49,10,Random,1645,10,square
49,10,Random,4711,50,square
49,10,Random,1543,60,square
49,100,Random,9791,50,square
49,10,Random,2975,30,square
49,100,Random,2071,10,square
49,100,Random,1600,80,square
49,100,Random,1606,0,square
49,10,Random,4208,40,square
49,10,Random,1608,90,square
49,100,Random,3319,60,square
49,100,Random,1897,70,square
49,10,Random,2016,70,square
49,100,Random,1998,30,square
49,10,Random,1729,20,square
49,100,Random,2046,40,square
49,10,Random,4174,90,house
49,100,Random,2427,30,house
49,100,Random,1773,20,house
49,100,Random,1326,10,house
49,10,Random,2226,20,house
49,10,Random,2958,60,house
49,10,Random,3444,50,house
49,10,Random,2174,80,house
49,10,Random,1836,30,house
49,10,Random,2304,70,house
49,100,Random,2167,60,house
49,10,Random,2157,40,house
49,100,Random,1924,70,house
49,10,Random,1882,10,house
49,10,Random,3140,100,house
49,100,Random,2487,90,house
49,100,Random,1740,40,house
49,100,Random,2288,80,house
49,100,Random,3263,50,house
50,100,NA,5053,20,naturalFrequency
50,100,NA,1331,40,naturalFrequency
50,10,NA,1414,20,naturalFrequency
50,10,NA,881,30,naturalFrequency
50,10,NA,1533,50,naturalFrequency
50,10,NA,957,40,naturalFrequency
50,100,NA,1489,70,naturalFrequency
50,10,NA,1036,90,naturalFrequency
50,100,NA,1059,30,naturalFrequency
50,10,NA,3664,70,naturalFrequency
50,10,NA,1260,60,naturalFrequency
50,10,NA,1341,0,naturalFrequency
50,100,NA,1939,10,naturalFrequency
50,10,NA,1212,80,naturalFrequency
50,100,NA,1380,60,naturalFrequency
50,100,NA,1045,50,naturalFrequency
50,100,NA,1304,90,naturalFrequency
50,10,NA,1436,10,naturalFrequency
50,100,NA,1041,80,naturalFrequency
50,10,Ordered,2944,30,square
50,100,Ordered,1423,90,square
50,10,Ordered,1164,100,square
50,10,Ordered,3654,60,square
50,100,Ordered,1233,20,square
50,10,Ordered,1498,10,square
50,10,Ordered,1273,90,square
50,100,Ordered,1229,70,square
50,100,Ordered,945,30,square
50,10,Ordered,1286,40,square
50,100,Ordered,1526,80,square
50,100,Ordered,1064,40,square
50,10,Ordered,1133,80,square
50,100,Ordered,1309,10,square
50,100,Ordered,1537,50,square
50,100,Ordered,969,60,square
50,10,Ordered,1117,70,square
50,10,Ordered,972,20,square
50,10,Ordered,1115,50,square
50,100,Ordered,4546,0,house
50,100,Ordered,2967,50,house
50,10,Ordered,1319,60,house
50,10,Ordered,1225,90,house
50,100,Ordered,1190,30,house
50,10,Ordered,1154,10,house
50,100,Ordered,1220,70,house
50,10,Ordered,1212,20,house
50,100,Ordered,1137,60,house
50,100,Ordered,1292,10,house
50,10,Ordered,1322,70,house
50,100,Ordered,1207,90,house
50,10,Ordered,1450,40,house
50,100,Ordered,48455,20,house
50,10,Ordered,6813,80,house
50,100,Ordered,1497,40,house
50,10,Ordered,1126,30,house
50,100,Ordered,1325,80,house
50,10,Ordered,1220,50,house
50,10,Random,1601,90,square
50,100,Random,1282,80,square
50,100,Random,923,20,square
50,10,Random,1466,60,square
50,100,Random,1503,60,square
50,100,Random,1093,50,square
50,10,Random,2179,40,square
50,10,Random,877,80,square
50,100,Random,922,90,square
50,100,Random,984,0,square
50,100,Random,956,30,square
50,10,Random,1203,20,square
50,10,Random,1086,50,square
50,100,Random,1295,70,square
50,10,Random,945,70,square
50,10,Random,1112,30,square
50,100,Random,1090,10,square
50,10,Random,1020,10,square
50,100,Random,1609,40,square
50,100,Random,1867,90,house
50,100,Random,856,10,house
50,10,Random,1081,70,house
50,100,Random,916,80,house
50,10,Random,934,80,house
50,10,Random,2320,50,house
50,100,Random,1029,70,house
50,100,Random,1154,30,house
50,100,Random,1010,20,house
50,100,Random,821,60,house
50,10,Random,1058,10,house
50,10,Random,1656,20,house
50,10,Random,807,30,house
50,10,Random,914,40,house
50,100,Random,1292,40,house
50,100,Random,1218,50,house
50,10,Random,1313,60,house
50,10,Random,773,90,house
50,10,Random,895,0,house
51,100,NA,3047,20,naturalFrequency
51,100,NA,1080,50,naturalFrequency
51,10,NA,3576,30,naturalFrequency
51,10,NA,1936,0,naturalFrequency
51,10,NA,865,90,naturalFrequency
51,10,NA,896,80,naturalFrequency
51,100,NA,1720,90,naturalFrequency
51,10,NA,2928,40,naturalFrequency
51,100,NA,968,60,naturalFrequency
51,10,NA,1096,10,naturalFrequency
51,100,NA,2576,40,naturalFrequency
51,10,NA,1336,60,naturalFrequency
51,10,NA,1136,50,naturalFrequency
51,100,NA,1361,70,naturalFrequency
51,100,NA,776,30,naturalFrequency
51,10,NA,824,70,naturalFrequency
51,10,NA,1192,20,naturalFrequency
51,100,NA,1528,80,naturalFrequency
51,100,NA,816,10,naturalFrequency
51,100,Ordered,5606,100,square
51,10,Ordered,5576,70,square
51,10,Ordered,3552,40,square
51,100,Ordered,2687,30,square
51,100,Ordered,1664,40,square
51,10,Ordered,1472,50,square
51,10,Ordered,1760,60,square
51,100,Ordered,1096,80,square
51,100,Ordered,1103,70,square
51,100,Ordered,975,90,square
51,100,Ordered,1784,20,square
51,10,Ordered,3392,90,square
51,10,Ordered,1816,20,square
51,10,Ordered,1984,80,square
51,100,Ordered,1311,10,square
51,100,Ordered,1376,60,square
51,100,Ordered,1513,50,square
51,10,Ordered,1496,30,square
51,10,Ordered,1552,10,square
51,10,Ordered,3230,30,house
51,100,Ordered,1366,20,house
51,100,Ordered,1053,10,house
51,10,Ordered,1431,60,house
51,10,Ordered,719,100,house
51,100,Ordered,1758,50,house
51,10,Ordered,1264,40,house
51,100,Ordered,1903,30,house
51,10,Ordered,1192,50,house
51,10,Ordered,1095,20,house
51,100,Ordered,1126,90,house
51,10,Ordered,1047,10,house
51,10,Ordered,952,90,house
51,100,Ordered,1360,40,house
51,100,Ordered,926,70,house
51,10,Ordered,1081,70,house
51,10,Ordered,927,80,house
51,100,Ordered,893,80,house
51,100,Ordered,1005,60,house
51,10,Random,4103,80,square
51,100,Random,1183,50,square
51,100,Random,1849,60,square
51,100,Random,1399,70,square
51,10,Random,3824,60,square
51,100,Random,1856,10,square
51,10,Random,4432,10,square
51,10,Random,1143,30,square
51,10,Random,960,0,square
51,10,Random,1184,50,square
51,100,Random,1288,40,square
51,10,Random,2952,20,square
51,10,Random,3280,40,square
51,100,Random,1489,30,square
51,10,Random,1264,70,square
51,10,Random,4960,90,square
51,100,Random,1575,20,square
51,100,Random,1015,90,square
51,100,Random,864,80,square
51,10,Random,4728,10,house
51,100,Random,2293,0,house
51,10,Random,3607,90,house
51,10,Random,1143,80,house
51,100,Random,1175,90,house
51,100,Random,1685,10,house
51,100,Random,981,20,house
51,10,Random,1720,70,house
51,10,Random,1239,50,house
51,100,Random,1109,70,house
51,10,Random,1239,20,house
51,10,Random,831,40,house
51,100,Random,1045,40,house
51,100,Random,2990,50,house
51,100,Random,1303,60,house
51,100,Random,1213,30,house
51,10,Random,2103,30,house
51,10,Random,911,60,house
51,100,Random,1174,80,house
52,100,NA,4346,50,naturalFrequency
52,10,NA,3914,90,naturalFrequency
52,10,NA,4130,40,naturalFrequency
52,10,NA,1929,20,naturalFrequency
52,100,NA,1958,40,naturalFrequency
52,10,NA,3220,60,naturalFrequency
52,10,NA,1746,80,naturalFrequency
52,100,NA,1829,60,naturalFrequency
52,10,NA,1694,30,naturalFrequency
52,10,NA,1586,50,naturalFrequency
52,100,NA,4600,10,naturalFrequency
52,100,NA,2332,90,naturalFrequency
52,100,NA,2345,20,naturalFrequency
52,100,NA,2242,0,naturalFrequency
52,10,NA,2547,10,naturalFrequency
52,100,NA,1672,70,naturalFrequency
52,10,NA,1416,70,naturalFrequency
52,100,NA,3072,30,naturalFrequency
52,100,NA,1866,80,naturalFrequency
52,10,Ordered,8866,40,square
52,10,Ordered,1452,80,square
52,100,Ordered,2095,40,square
52,100,Ordered,2765,90,square
52,10,Ordered,3426,0,square
52,100,Ordered,2204,70,square
52,10,Ordered,13743,70,square
52,10,Ordered,1752,90,square
52,10,Ordered,2172,20,square
52,10,Ordered,1966,60,square
52,10,Ordered,4682,30,square
52,10,Ordered,1503,10,square
52,100,Ordered,2309,10,square
52,100,Ordered,2228,50,square
52,10,Ordered,2664,50,square
52,100,Ordered,1770,80,square
52,100,Ordered,1470,30,square
52,100,Ordered,1973,20,square
52,100,Ordered,2137,60,square
52,10,Ordered,3702,20,house
52,100,Ordered,1544,70,house
52,10,Ordered,1465,100,house
52,10,Ordered,1680,90,house
52,100,Ordered,2410,10,house
52,100,Ordered,1596,60,house
52,100,Ordered,2654,50,house
52,100,Ordered,2176,20,house
52,10,Ordered,1731,30,house
52,100,Ordered,1648,30,house
52,10,Ordered,1623,60,house
52,10,Ordered,1225,10,house
52,100,Ordered,1300,80,house
52,100,Ordered,1436,40,house
52,10,Ordered,1622,70,house
52,100,Ordered,1231,90,house
52,10,Ordered,2534,40,house
52,10,Ordered,1551,80,house
52,10,Ordered,1540,50,house
52,10,Random,5195,20,square
52,10,Random,1854,30,square
52,100,Random,2720,10,square
52,100,Random,1457,60,square
52,10,Random,1930,90,square
52,100,Random,1722,90,square
52,100,Random,1696,20,square
52,100,Random,1050,70,square
52,100,Random,2170,0,square
52,10,Random,1672,70,square
52,10,Random,1772,10,square
52,10,Random,1282,50,square
52,100,Random,1396,30,square
52,10,Random,1454,60,square
52,100,Random,1586,80,square
52,100,Random,2348,50,square
52,10,Random,1461,80,square
52,10,Random,2076,40,square
52,100,Random,1870,40,square
52,10,Random,1483,90,house
52,10,Random,1969,80,house
52,100,Random,1872,70,house
52,100,Random,1222,80,house
52,10,Random,1365,60,house
52,100,Random,1873,20,house
52,100,Random,1030,90,house
52,100,Random,3720,50,house
52,10,Random,2299,70,house
52,100,Random,1714,30,house
52,10,Random,2176,30,house
52,10,Random,1241,0,house
52,100,Random,1996,10,house
52,10,Random,1312,20,house
52,100,Random,2289,40,house
52,10,Random,2001,50,house
52,10,Random,3546,40,house
52,100,Random,2283,60,house
52,10,Random,1256,10,house
53,100,NA,24754,90,naturalFrequency
53,10,NA,5686,10,naturalFrequency
53,10,NA,2392,90,naturalFrequency
53,100,NA,6310,40,naturalFrequency
53,10,NA,2792,50,naturalFrequency
53,10,NA,1797,70,naturalFrequency
53,10,NA,1779,80,naturalFrequency
53,100,NA,1434,0,naturalFrequency
53,10,NA,2066,60,naturalFrequency
53,100,NA,2175,10,naturalFrequency
53,100,NA,1708,80,naturalFrequency
53,100,NA,3286,20,naturalFrequency
53,10,NA,1794,30,naturalFrequency
53,100,NA,1210,70,naturalFrequency
53,100,NA,1227,50,naturalFrequency
53,10,NA,2479,40,naturalFrequency
53,100,NA,1192,60,naturalFrequency
53,100,NA,1428,30,naturalFrequency
53,10,NA,1440,20,naturalFrequency
53,100,Ordered,6001,10,square
53,100,Ordered,2807,40,square
53,10,Ordered,2008,90,square
53,10,Ordered,1463,20,square
53,100,Ordered,1335,80,square
53,10,Ordered,2674,40,square
53,10,Ordered,2423,50,square
53,10,Ordered,1706,70,square
53,10,Ordered,1252,30,square
53,100,Ordered,1323,100,square
53,100,Ordered,2307,70,square
53,10,Ordered,1587,10,square
53,100,Ordered,1782,50,square
53,100,Ordered,3111,20,square
53,100,Ordered,1166,30,square
53,100,Ordered,1094,60,square
53,10,Ordered,1479,80,square
53,100,Ordered,3506,90,square
53,10,Ordered,1915,60,square
53,10,Ordered,2620,90,house
53,10,Ordered,1023,80,house
53,10,Ordered,1084,10,house
53,10,Ordered,2667,50,house
53,100,Ordered,2228,40,house
53,100,Ordered,1035,60,house
53,10,Ordered,1476,20,house
53,100,Ordered,1185,80,house
53,10,Ordered,2591,30,house
53,10,Ordered,1080,40,house
53,100,Ordered,4023,20,house
53,100,Ordered,997,10,house
53,100,Ordered,1613,50,house
53,100,Ordered,1211,30,house
53,100,Ordered,1120,90,house
53,10,Ordered,1398,60,house
53,100,Ordered,3566,0,house
53,100,Ordered,1849,70,house
53,10,Ordered,1191,70,house
53,10,Random,1839,70,square
53,100,Random,1286,90,square
53,100,Random,1494,50,square
53,10,Random,1560,20,square
53,10,Random,1283,30,square
53,100,Random,1333,70,square
53,10,Random,3323,60,square
53,100,Random,2790,40,square
53,100,Random,1804,80,square
53,100,Random,878,30,square
53,10,Random,1357,0,square
53,100,Random,1211,20,square
53,10,Random,984,10,square
53,10,Random,876,40,square
53,10,Random,1876,50,square
53,100,Random,1730,10,square
53,10,Random,1281,90,square
53,100,Random,1832,60,square
53,10,Random,1576,80,square
53,10,Random,4268,80,house
53,10,Random,2761,20,house
53,100,Random,1704,10,house
53,100,Random,755,0,house
53,10,Random,1871,40,house
53,100,Random,1787,20,house
53,10,Random,1190,70,house
53,100,Random,3407,80,house
53,100,Random,5380,40,house
53,100,Random,2235,60,house
53,10,Random,3805,50,house
53,10,Random,1394,60,house
53,10,Random,1708,30,house
53,100,Random,1949,30,house
53,10,Random,1774,10,house
53,10,Random,1701,90,house
53,100,Random,1547,70,house
53,100,Random,1454,50,house
53,100,Random,1111,90,house
54,100,NA,8323,70,naturalFrequency
54,100,NA,2660,40,naturalFrequency
54,100,NA,2368,20,naturalFrequency
54,10,NA,2100,70,naturalFrequency
54,10,NA,2168,10,naturalFrequency
54,100,NA,2180,80,naturalFrequency
54,100,NA,2636,30,naturalFrequency
54,100,NA,7163,0,naturalFrequency
54,100,NA,3292,50,naturalFrequency
54,10,NA,1804,60,naturalFrequency
54,10,NA,1492,20,naturalFrequency
54,10,NA,4944,80,naturalFrequency
54,10,NA,1711,90,naturalFrequency
54,100,NA,3292,90,naturalFrequency
54,10,NA,1892,40,naturalFrequency
54,100,NA,2120,10,naturalFrequency
54,100,NA,3404,60,naturalFrequency
54,10,NA,1685,30,naturalFrequency
54,10,NA,4195,50,naturalFrequency
54,100,Ordered,6747,40,square
54,10,Ordered,6548,70,square
54,100,Ordered,2091,80,square
54,100,Ordered,2548,20,square
54,10,Ordered,2916,30,square
54,10,Ordered,7996,0,square
54,10,Ordered,1488,10,square
54,10,Ordered,1408,90,square
54,100,Ordered,5343,70,square
54,10,Ordered,1824,40,square
54,100,Ordered,3132,60,square
54,10,Ordered,2084,50,square
54,10,Ordered,3428,80,square
54,100,Ordered,1523,10,square
54,100,Ordered,1344,90,square
54,10,Ordered,3276,60,square
54,100,Ordered,1407,30,square
54,100,Ordered,3091,50,square
54,10,Ordered,8771,20,square
54,100,Ordered,5951,10,house
54,10,Ordered,1715,70,house
54,10,Ordered,1491,40,house
54,10,Ordered,1624,80,house
54,100,Ordered,2866,60,house
54,10,Ordered,1620,20,house
54,10,Ordered,1316,10,house
54,100,Ordered,7330,40,house
54,10,Ordered,1525,50,house
54,100,Ordered,1538,80,house
54,10,Ordered,3700,90,house
54,100,Ordered,2362,70,house
54,100,Ordered,1770,90,house
54,100,Ordered,3558,0,house
54,100,Ordered,1710,30,house
54,100,Ordered,2426,50,house
54,100,Ordered,1410,20,house
54,10,Ordered,4103,30,house
54,10,Ordered,1859,60,house
54,100,Random,3418,70,square
54,10,Random,1747,70,square
54,10,Random,2731,50,square
54,10,Random,1719,80,square
54,10,Random,7775,10,square
54,10,Random,1975,0,square
54,10,Random,1648,90,square
54,100,Random,1647,10,square
54,100,Random,1295,90,square
54,100,Random,1683,20,square
54,10,Random,6292,60,square
54,100,Random,8467,40,square
54,10,Random,1539,20,square
54,100,Random,2100,30,square
54,100,Random,1315,60,square
54,100,Random,1359,50,square
54,10,Random,2156,40,square
54,100,Random,1939,80,square
54,10,Random,1507,30,square
54,100,Random,2576,10,house
54,100,Random,1953,20,house
54,10,Random,2595,70,house
54,10,Random,1375,20,house
54,10,Random,5379,50,house
54,100,Random,6246,50,house
54,100,Random,1614,70,house
54,10,Random,3659,60,house
54,100,Random,1762,60,house
54,100,Random,3574,100,house
54,10,Random,3803,80,house
54,100,Random,1677,90,house
54,100,Random,8866,40,house
54,10,Random,2299,10,house
54,10,Random,1299,90,house
54,100,Random,1431,30,house
54,10,Random,2046,40,house
54,10,Random,1327,30,house
54,100,Random,1562,80,house
55,100,NA,5128,10,naturalFrequency
55,100,NA,1876,100,naturalFrequency
55,100,NA,2606,40,naturalFrequency
55,10,NA,2222,80,naturalFrequency
55,100,NA,1364,70,naturalFrequency
55,10,NA,1040,90,naturalFrequency
55,10,NA,7581,20,naturalFrequency
55,10,NA,1682,50,naturalFrequency
55,100,NA,1858,20,naturalFrequency
55,100,NA,1544,60,naturalFrequency
55,100,NA,1650,80,naturalFrequency
55,100,NA,1797,90,naturalFrequency
55,10,NA,1242,60,naturalFrequency
55,100,NA,1473,50,naturalFrequency
55,100,NA,2398,30,naturalFrequency
55,10,NA,1164,70,naturalFrequency
55,10,NA,1996,40,naturalFrequency
55,10,NA,1288,10,naturalFrequency
55,10,NA,908,30,naturalFrequency
55,10,Ordered,8376,60,square
55,100,Ordered,2560,10,square
55,10,Ordered,2021,50,square
55,10,Ordered,1458,0,square
55,100,Ordered,1280,60,square
55,100,Ordered,1280,50,square
55,10,Ordered,1526,10,square
55,10,Ordered,1104,70,square
55,100,Ordered,1410,80,square
55,10,Ordered,1472,30,square
55,100,Ordered,1420,70,square
55,100,Ordered,926,40,square
55,100,Ordered,1974,30,square
55,10,Ordered,1425,80,square
55,100,Ordered,1936,20,square
55,10,Ordered,1595,90,square
55,100,Ordered,1250,90,square
55,10,Ordered,1914,40,square
55,10,Ordered,1318,20,square
55,100,Ordered,3753,60,house
55,10,Ordered,1898,30,house
55,100,Ordered,2274,0,house
55,100,Ordered,2249,30,house
55,10,Ordered,21873,70,house
55,10,Ordered,1471,40,house
55,10,Ordered,909,10,house
55,100,Ordered,2641,50,house
55,100,Ordered,1339,20,house
55,10,Ordered,1674,50,house
55,10,Ordered,2127,80,house
55,100,Ordered,1154,90,house
55,10,Ordered,955,60,house
55,10,Ordered,2150,20,house
55,100,Ordered,1515,10,house
55,10,Ordered,1812,90,house
55,100,Ordered,1494,80,house
55,100,Ordered,1247,70,house
55,100,Ordered,1332,40,house
55,10,Random,2028,20,square
55,10,Random,1063,30,square
55,100,Random,2635,40,square
55,100,Random,1727,10,square
55,100,Random,1125,80,square
55,100,Random,1185,50,square
55,100,Random,1201,60,square
55,10,Random,2036,40,square
55,10,Random,1133,10,square
55,10,Random,2011,70,square
55,10,Random,1034,80,square
55,10,Random,1427,90,square
55,100,Random,1633,100,square
55,100,Random,1402,20,square
55,100,Random,1071,30,square
55,100,Random,1196,70,square
55,10,Random,1787,60,square
55,10,Random,1296,50,square
55,100,Random,1457,90,square
55,10,Random,3083,30,house
55,100,Random,1301,10,house
55,10,Random,3423,50,house
55,100,Random,1756,70,house
55,100,Random,1917,50,house
55,10,Random,2213,40,house
55,100,Random,1716,80,house
55,10,Random,1156,80,house
55,100,Random,1494,60,house
55,10,Random,1325,10,house
55,100,Random,2171,30,house
55,100,Random,967,20,house
55,100,Random,1593,90,house
55,100,Random,2211,40,house
55,10,Random,2243,70,house
55,10,Random,1905,60,house
55,10,Random,801,100,house
55,10,Random,716,90,house
55,10,Random,1239,20,house
56,10,NA,8200,10,naturalFrequency
56,10,NA,3078,30,naturalFrequency
56,10,NA,2854,70,naturalFrequency
56,100,NA,4589,50,naturalFrequency
56,100,NA,2395,10,naturalFrequency
56,100,NA,1881,20,naturalFrequency
56,100,NA,1790,90,naturalFrequency
56,10,NA,2247,90,naturalFrequency
56,100,NA,4186,70,naturalFrequency
56,10,NA,2577,50,naturalFrequency
56,10,NA,2264,40,naturalFrequency
56,100,NA,1938,30,naturalFrequency
56,10,NA,4070,80,naturalFrequency
56,100,NA,2730,80,naturalFrequency
56,10,NA,1816,60,naturalFrequency
56,100,NA,3384,60,naturalFrequency
56,10,NA,3642,20,naturalFrequency
56,100,NA,2160,40,naturalFrequency
56,100,NA,1694,0,naturalFrequency
56,10,Ordered,8919,0,square
56,10,Ordered,7232,70,square
56,10,Ordered,1573,50,square
56,10,Ordered,1855,80,square
56,100,Ordered,3368,10,square
56,100,Ordered,1456,30,square
56,10,Ordered,1799,60,square
56,10,Ordered,1205,10,square
56,10,Ordered,1223,90,square
56,100,Ordered,3802,40,square
56,100,Ordered,1576,80,square
56,10,Ordered,1799,20,square
56,10,Ordered,1074,30,square
56,100,Ordered,2098,60,square
56,100,Ordered,1342,90,square
56,100,Ordered,1941,20,square
56,100,Ordered,7839,70,square
56,100,Ordered,1346,50,square
56,10,Ordered,2180,40,square
56,10,Ordered,2423,10,house
56,10,Ordered,1335,90,house
56,10,Ordered,1183,20,house
56,100,Ordered,2161,60,house
56,10,Ordered,1805,50,house
56,100,Ordered,1418,100,house
56,100,Ordered,1981,70,house
56,100,Ordered,1366,50,house
56,100,Ordered,1642,80,house
56,10,Ordered,2709,70,house
56,100,Ordered,1957,90,house
56,100,Ordered,1476,30,house
56,10,Ordered,3987,60,house
56,10,Ordered,1603,30,house
56,100,Ordered,2229,10,house
56,100,Ordered,932,20,house
56,10,Ordered,1601,40,house
56,10,Ordered,1109,80,house
56,100,Ordered,1251,40,house
56,100,Random,7422,50,square
56,10,Random,8596,50,square
56,10,Random,1164,80,square
56,10,Random,1462,40,square
56,100,Random,1269,90,square
56,100,Random,1184,100,square
56,10,Random,1442,10,square
56,100,Random,1301,80,square
56,100,Random,1095,70,square
56,10,Random,4216,70,square
56,100,Random,2263,60,square
56,100,Random,1295,40,square
56,10,Random,1822,90,square
56,10,Random,1193,30,square
56,10,Random,3685,60,square
56,100,Random,1381,10,square
56,100,Random,1033,30,square
56,10,Random,3204,20,square
56,100,Random,4049,20,square
56,100,Random,6061,20,house
56,10,Random,2680,60,house
56,100,Random,1446,70,house
56,100,Random,2264,60,house
56,10,Random,1649,50,house
56,100,Random,1713,50,house
56,10,Random,1599,100,house
56,10,Random,1159,40,house
56,10,Random,1785,70,house
56,100,Random,1644,80,house
56,10,Random,1708,20,house
56,100,Random,2492,10,house
56,10,Random,4055,80,house
56,100,Random,3635,30,house
56,10,Random,1331,30,house
56,100,Random,1573,40,house
56,100,Random,1148,90,house
56,10,Random,1855,90,house
56,10,Random,1219,10,house
57,100,NA,4447,10,naturalFrequency
57,10,NA,3774,80,naturalFrequency
57,100,NA,2568,60,naturalFrequency
57,10,NA,2040,60,naturalFrequency
57,100,NA,2592,20,naturalFrequency
57,100,NA,2089,100,naturalFrequency
57,100,NA,1177,90,naturalFrequency
57,100,NA,896,30,naturalFrequency
57,10,NA,1102,90,naturalFrequency
57,10,NA,2600,50,naturalFrequency
57,100,NA,1884,80,naturalFrequency
57,100,NA,937,70,naturalFrequency
57,10,NA,1367,20,naturalFrequency
57,100,NA,1691,40,naturalFrequency
57,10,NA,968,70,naturalFrequency
57,100,NA,1358,50,naturalFrequency
57,10,NA,1167,10,naturalFrequency
57,10,NA,1272,40,naturalFrequency
57,10,NA,830,30,naturalFrequency
57,10,Ordered,5583,40,square
57,100,Ordered,2207,40,square
57,10,Ordered,1319,70,square
57,10,Ordered,889,90,square
57,10,Ordered,1072,20,square
57,100,Ordered,1407,50,square
57,10,Ordered,960,80,square
57,10,Ordered,986,30,square
57,10,Ordered,2144,0,square
57,100,Ordered,1288,30,square
57,10,Ordered,1392,60,square
57,100,Ordered,1159,70,square
57,100,Ordered,767,90,square
57,100,Ordered,1353,20,square
57,100,Ordered,904,80,square
57,100,Ordered,1008,60,square
57,100,Ordered,921,10,square
57,10,Ordered,1009,10,square
57,10,Ordered,2328,50,square
57,100,Ordered,3270,10,house
57,100,Ordered,2117,20,house
57,10,Ordered,2249,30,house
57,10,Ordered,992,80,house
57,100,Ordered,951,100,house
57,10,Ordered,1270,70,house
57,10,Ordered,798,90,house
57,100,Ordered,1023,50,house
57,100,Ordered,821,70,house
57,10,Ordered,1280,20,house
57,10,Ordered,887,10,house
57,100,Ordered,1333,60,house
57,100,Ordered,1045,30,house
57,10,Ordered,1327,50,house
57,100,Ordered,1318,40,house
57,10,Ordered,1159,40,house
57,100,Ordered,1476,80,house
57,10,Ordered,1104,60,house
57,100,Ordered,956,90,house
57,100,Random,2974,20,square
57,10,Random,2080,10,square
57,10,Random,2000,20,square
57,100,Random,944,70,square
57,100,Random,809,60,square
57,100,Random,1336,80,square
57,10,Random,3216,40,square
57,100,Random,1015,50,square
57,100,Random,2575,90,square
57,100,Random,1271,100,square
57,10,Random,5521,60,square
57,100,Random,1303,30,square
57,100,Random,1393,10,square
57,10,Random,920,90,square
57,10,Random,728,80,square
57,10,Random,2462,70,square
57,100,Random,5127,40,square
57,10,Random,1584,50,square
57,10,Random,1031,30,square
57,100,Random,1932,70,house
57,10,Random,1370,10,house
57,100,Random,1127,30,house
57,100,Random,771,60,house
57,100,Random,1067,10,house
57,10,Random,1912,20,house
57,10,Random,770,40,house
57,10,Random,1121,70,house
57,10,Random,1199,50,house
57,10,Random,1970,30,house
57,100,Random,1126,90,house
57,100,Random,1086,0,house
57,100,Random,2295,40,house
57,10,Random,1252,90,house
57,100,Random,998,80,house
57,100,Random,1286,20,house
57,100,Random,718,50,house
57,10,Random,912,60,house
57,10,Random,624,80,house
58,100,NA,11226,40,naturalFrequency
58,100,NA,1792,80,naturalFrequency
58,100,NA,1771,50,naturalFrequency
58,100,NA,2161,30,naturalFrequency
58,10,NA,125217,20,naturalFrequency
58,100,NA,2047,60,naturalFrequency
58,100,NA,1557,70,naturalFrequency
58,10,NA,1534,60,naturalFrequency
58,100,NA,2320,90,naturalFrequency
58,100,NA,2166,0,naturalFrequency
58,100,NA,1314,20,naturalFrequency
58,10,NA,2249,70,naturalFrequency
58,10,NA,3357,50,naturalFrequency
58,10,NA,1242,80,naturalFrequency
58,100,NA,2302,10,naturalFrequency
58,10,NA,1491,90,naturalFrequency
58,10,NA,1204,30,naturalFrequency
58,10,NA,1363,10,naturalFrequency
58,10,NA,1723,40,naturalFrequency
58,100,Ordered,2344,10,square
58,10,Ordered,2535,100,square
58,100,Ordered,1432,90,square
58,100,Ordered,1270,30,square
58,100,Ordered,876,20,square
58,10,Ordered,1755,40,square
58,10,Ordered,1128,30,square
58,10,Ordered,1210,10,square
58,100,Ordered,1313,40,square
58,10,Ordered,1473,60,square
58,100,Ordered,955,50,square
58,100,Ordered,547,80,square
58,10,Ordered,1345,80,square
58,10,Ordered,1484,20,square
58,100,Ordered,1153,60,square
58,10,Ordered,924,50,square
58,100,Ordered,959,70,square
58,10,Ordered,1208,70,square
58,10,Ordered,1753,90,square
58,10,Ordered,3639,80,house
58,10,Ordered,1726,50,house
58,10,Ordered,909,30,house
58,10,Ordered,1013,60,house
58,10,Ordered,530,70,house
58,100,Ordered,992,40,house
58,100,Ordered,1254,30,house
58,100,Ordered,548,90,house
58,10,Ordered,1560,0,house
58,100,Ordered,1134,70,house
58,10,Ordered,1505,20,house
58,100,Ordered,1052,10,house
58,100,Ordered,1304,50,house
58,10,Ordered,8094,10,house
58,100,Ordered,989,20,house
58,10,Ordered,809,40,house
58,100,Ordered,1420,60,house
58,100,Ordered,821,80,house
58,10,Ordered,900,90,house
58,10,Random,1444,10,square
58,100,Random,1362,50,square
58,10,Random,1050,30,square
58,10,Random,937,80,square
58,10,Random,1214,50,square
58,10,Random,462,40,square
58,100,Random,915,10,square
58,100,Random,803,70,square
58,10,Random,2150,20,square
58,100,Random,1173,30,square
58,10,Random,947,60,square
58,100,Random,996,80,square
58,10,Random,1775,0,square
58,10,Random,2595,70,square
58,10,Random,1599,90,square
58,100,Random,1093,90,square
58,100,Random,1182,60,square
58,100,Random,874,20,square
58,100,Random,884,40,square
58,10,Random,1391,10,house
58,10,Random,972,40,house
58,10,Random,792,80,house
58,10,Random,2719,70,house
58,100,Random,1965,90,house
58,100,Random,1245,50,house
58,100,Random,901,10,house
58,100,Random,733,80,house
58,10,Random,4102,90,house
58,100,Random,948,20,house
58,100,Random,824,100,house
58,100,Random,1411,60,house
58,100,Random,1469,40,house
58,10,Random,1992,60,house
58,10,Random,1017,50,house
58,100,Random,792,30,house
58,10,Random,1077,30,house
58,100,Random,1311,70,house
58,10,Random,1064,20,house
59,100,NA,5662,90,naturalFrequency
59,10,NA,1978,50,naturalFrequency
59,10,NA,1870,60,naturalFrequency
59,10,NA,1519,90,naturalFrequency
59,100,NA,1457,70,naturalFrequency
59,10,NA,815,80,naturalFrequency
59,10,NA,1066,30,naturalFrequency
59,100,NA,2866,100,naturalFrequency
59,10,NA,1534,10,naturalFrequency
59,100,NA,1224,40,naturalFrequency
59,100,NA,3725,80,naturalFrequency
59,100,NA,1084,20,naturalFrequency
59,100,NA,1230,60,naturalFrequency
59,100,NA,965,10,naturalFrequency
59,10,NA,1220,20,naturalFrequency
59,10,NA,1215,70,naturalFrequency
59,10,NA,1985,40,naturalFrequency
59,100,NA,1455,30,naturalFrequency
59,100,NA,918,50,naturalFrequency
59,10,Ordered,5472,30,square
59,100,Ordered,1525,40,square
59,10,Ordered,842,80,square
59,100,Ordered,979,20,square
59,100,Ordered,1519,0,square
59,100,Ordered,1823,30,square
59,10,Ordered,1160,90,square
59,10,Ordered,1152,50,square
59,100,Ordered,1368,80,square
59,10,Ordered,1230,10,square
59,100,Ordered,1378,90,square
59,100,Ordered,1377,50,square
59,100,Ordered,1385,60,square
59,10,Ordered,1567,60,square
59,100,Ordered,1238,10,square
59,100,Ordered,11649,70,square
59,10,Ordered,2490,70,square
59,10,Ordered,1027,20,square
59,10,Ordered,514,40,square
59,100,Ordered,2141,60,house
59,100,Ordered,907,80,house
59,10,Ordered,1160,70,house
59,100,Ordered,931,70,house
59,10,Ordered,1097,90,house
59,100,Ordered,915,90,house
59,100,Ordered,576,10,house
59,10,Ordered,1315,20,house
59,100,Ordered,2264,50,house
59,10,Ordered,1065,50,house
59,10,Ordered,1897,10,house
59,10,Ordered,1314,30,house
59,10,Ordered,1237,80,house
59,100,Ordered,2071,30,house
59,10,Ordered,1067,40,house
59,100,Ordered,513212,20,house
59,100,Ordered,1376,100,house
59,100,Ordered,1612,40,house
59,10,Ordered,1106,60,house
59,100,Random,3190,10,square
59,10,Random,1767,30,square
59,100,Random,990,50,square
59,100,Random,957,40,square
59,10,Random,1433,10,square
59,100,Random,849,60,square
59,100,Random,972,90,square
59,10,Random,1354,70,square
59,10,Random,2748,60,square
59,10,Random,1184,50,square
59,100,Random,2141,70,square
59,100,Random,779,0,square
59,10,Random,1098,80,square
59,100,Random,966,80,square
59,10,Random,982,40,square
59,100,Random,957,30,square
59,10,Random,2656,90,square
59,10,Random,1090,20,square
59,100,Random,1777,20,square
59,100,Random,2418,90,house
59,10,Random,1470,70,house
59,100,Random,1704,70,house
59,100,Random,1805,40,house
59,10,Random,1864,50,house
59,100,Random,1126,60,house
59,100,Random,682,50,house
59,10,Random,1628,80,house
59,100,Random,1422,30,house
59,100,Random,1112,10,house
59,10,Random,1044,60,house
59,10,Random,764,90,house
59,10,Random,591,100,house
59,10,Random,459,20,house
59,100,Random,1289,20,house
59,10,Random,966,10,house
59,100,Random,1347,80,house
59,10,Random,1044,30,house
59,10,Random,863,40,house
61,10,NA,12705,80,naturalFrequency
61,100,NA,2976,90,naturalFrequency
61,10,NA,3208,90,naturalFrequency
61,10,NA,3887,50,naturalFrequency
61,100,NA,2512,20,naturalFrequency
61,10,NA,2456,10,naturalFrequency
61,10,NA,1824,40,naturalFrequency
61,100,NA,1800,60,naturalFrequency
61,100,NA,2472,50,naturalFrequency
61,100,NA,1504,70,naturalFrequency
61,10,NA,1672,60,naturalFrequency
61,100,NA,2041,100,naturalFrequency
61,10,NA,4296,70,naturalFrequency
61,10,NA,3040,20,naturalFrequency
61,100,NA,1877,10,naturalFrequency
61,100,NA,1664,30,naturalFrequency
61,100,NA,1216,80,naturalFrequency
61,10,NA,1512,30,naturalFrequency
61,100,NA,1304,40,naturalFrequency
61,100,Ordered,6855,40,square
61,10,Ordered,2222,10,square
61,100,Ordered,2207,20,square
61,100,Ordered,1904,50,square
61,10,Ordered,1616,90,square
61,10,Ordered,1471,70,square
61,100,Ordered,1518,60,square
61,10,Ordered,1992,60,square
61,100,Ordered,1950,30,square
61,10,Ordered,1583,30,square
61,100,Ordered,1471,70,square
61,10,Ordered,1720,40,square
61,10,Ordered,1384,50,square
61,100,Ordered,1495,80,square
61,100,Ordered,1647,90,square
61,100,Ordered,1399,10,square
61,100,Ordered,3496,0,square
61,10,Ordered,1632,80,square
61,10,Ordered,1552,20,square
61,10,Ordered,3799,30,house
61,100,Ordered,1900,50,house
61,100,Ordered,1108,90,house
61,10,Ordered,1295,70,house
61,100,Ordered,1387,80,house
61,10,Ordered,1375,90,house
61,10,Ordered,1343,40,house
61,100,Ordered,1485,10,house
61,100,Ordered,1907,40,house
61,100,Ordered,1267,70,house
61,100,Ordered,1587,60,house
61,10,Ordered,2576,50,house
61,10,Ordered,1343,60,house
61,10,Ordered,2719,20,house
61,100,Ordered,1884,30,house
61,100,Ordered,1300,20,house
61,10,Ordered,1863,0,house
61,10,Ordered,1399,80,house
61,10,Ordered,1470,10,house
61,100,Random,2766,80,square
61,100,Random,1472,40,square
61,10,Random,2480,40,square
61,100,Random,2368,60,square
61,10,Random,1289,90,square
61,100,Random,1584,30,square
61,100,Random,1599,10,square
61,100,Random,1183,90,square
61,10,Random,1712,20,square
61,100,Random,1503,50,square
61,100,Random,1766,0,square
61,10,Random,1792,80,square
61,10,Random,1447,30,square
61,10,Random,1512,50,square
61,10,Random,1735,10,square
61,10,Random,1232,70,square
61,100,Random,1576,20,square
61,10,Random,1577,60,square
61,100,Random,1583,70,square
61,100,Random,2571,40,house
61,100,Random,1876,20,house
61,100,Random,1107,80,house
61,100,Random,1876,30,house
61,100,Random,1244,10,house
61,100,Random,1083,90,house
61,10,Random,1888,40,house
61,10,Random,1111,80,house
61,10,Random,1440,50,house
61,10,Random,1167,30,house
61,10,Random,1152,90,house
61,100,Random,1827,60,house
61,100,Random,1309,50,house
61,10,Random,1637,20,house
61,10,Random,976,10,house
61,100,Random,1891,100,house
61,100,Random,1434,70,house
61,10,Random,1663,60,house
61,10,Random,1271,70,house
62,100,NA,6804,10,naturalFrequency
62,10,NA,2990,80,naturalFrequency
62,10,NA,3518,40,naturalFrequency
62,100,NA,2002,90,naturalFrequency
62,10,NA,1556,60,naturalFrequency
62,100,NA,4684,20,naturalFrequency
62,10,NA,3570,100,naturalFrequency
62,10,NA,1693,10,naturalFrequency
62,10,NA,2932,30,naturalFrequency
62,10,NA,1327,50,naturalFrequency
62,100,NA,2022,40,naturalFrequency
62,10,NA,2062,20,naturalFrequency
62,100,NA,1158,70,naturalFrequency
62,10,NA,2743,70,naturalFrequency
62,100,NA,2037,50,naturalFrequency
62,10,NA,1850,90,naturalFrequency
62,100,NA,3312,60,naturalFrequency
62,100,NA,1349,30,naturalFrequency
62,100,NA,1264,80,naturalFrequency
62,10,Ordered,6853,10,square
62,10,Ordered,1106,20,square
62,100,Ordered,1663,20,square
62,10,Ordered,1372,70,square
62,10,Ordered,1081,90,square
62,100,Ordered,1403,90,square
62,10,Ordered,1869,60,square
62,10,Ordered,1046,50,square
62,100,Ordered,1515,40,square
62,100,Ordered,1216,80,square
62,10,Ordered,1837,30,square
62,100,Ordered,2536,10,square
62,10,Ordered,1125,80,square
62,100,Ordered,1660,50,square
62,100,Ordered,858,60,square
62,100,Ordered,898,30,square
62,100,Ordered,1066,70,square
62,100,Ordered,899,100,square
62,10,Ordered,1944,40,square
62,10,Ordered,2948,30,house
62,10,Ordered,938,20,house
62,100,Ordered,1537,20,house
62,10,Ordered,2871,10,house
62,10,Ordered,858,80,house
62,100,Ordered,1225,30,house
62,100,Ordered,1010,10,house
62,100,Ordered,838,60,house
62,100,Ordered,1054,90,house
62,100,Ordered,1778,40,house
62,10,Ordered,1395,50,house
62,100,Ordered,1513,50,house
62,10,Ordered,1207,40,house
62,100,Ordered,1425,100,house
62,10,Ordered,1510,70,house
62,100,Ordered,1256,80,house
62,10,Ordered,1959,60,house
62,100,Ordered,1471,70,house
62,10,Ordered,1236,90,house
62,100,Random,5729,20,square
62,10,Random,3215,40,square
62,10,Random,1499,10,square
62,10,Random,988,90,square
62,10,Random,1244,70,square
62,10,Random,1178,20,square
62,10,Random,938,60,square
62,100,Random,1427,80,square
62,100,Random,1252,60,square
62,10,Random,3712,50,square
62,10,Random,884,80,square
62,100,Random,1757,40,square
62,100,Random,793,50,square
62,10,Random,1259,100,square
62,100,Random,1381,30,square
62,100,Random,1043,90,square
62,100,Random,833,70,square
62,10,Random,1404,30,square
62,100,Random,1491,10,square
62,10,Random,1376,20,house
62,100,Random,1232,60,house
62,100,Random,1169,0,house
62,10,Random,1827,60,house
62,100,Random,1168,90,house
62,10,Random,1203,10,house
62,100,Random,1456,50,house
62,100,Random,1259,30,house
62,10,Random,1323,30,house
62,100,Random,1553,40,house
62,10,Random,1228,80,house
62,10,Random,2486,70,house
62,10,Random,954,90,house
62,100,Random,1281,80,house
62,10,Random,1452,40,house
62,10,Random,1065,50,house
62,100,Random,1337,10,house
62,100,Random,1146,70,house
62,100,Random,1110,20,house
63,10,NA,5033,90,naturalFrequency
63,10,NA,1391,50,naturalFrequency
63,100,NA,7012,10,naturalFrequency
63,100,NA,1440,60,naturalFrequency
63,10,NA,1299,40,naturalFrequency
63,10,NA,1271,80,naturalFrequency
63,100,NA,1013,50,naturalFrequency
63,10,NA,1773,60,naturalFrequency
63,100,NA,3874,70,naturalFrequency
63,100,NA,954,90,naturalFrequency
63,100,NA,1107,20,naturalFrequency
63,10,NA,1492,100,naturalFrequency
63,10,NA,930,20,naturalFrequency
63,10,NA,831,70,naturalFrequency
63,100,NA,1334,80,naturalFrequency
63,10,NA,1086,10,naturalFrequency
63,100,NA,1060,30,naturalFrequency
63,100,NA,1217,40,naturalFrequency
63,10,NA,1574,30,naturalFrequency
63,10,Ordered,4071,50,square
63,10,Ordered,1882,20,square
63,100,Ordered,4668,30,square
63,10,Ordered,1059,80,square
63,10,Ordered,882,30,square
63,100,Ordered,914,40,square
63,10,Ordered,834,90,square
63,100,Ordered,2003,50,square
63,100,Ordered,1724,10,square
63,10,Ordered,1533,10,square
63,10,Ordered,704,70,square
63,100,Ordered,1065,70,square
63,10,Ordered,1325,60,square
63,100,Ordered,1086,90,square
63,100,Ordered,806,60,square
63,10,Ordered,797,40,square
63,100,Ordered,1601,0,square
63,100,Ordered,944,80,square
63,100,Ordered,1157,20,square
63,10,Ordered,2332,0,house
63,10,Ordered,2599,70,house
63,10,Ordered,1028,90,house
63,100,Ordered,991,90,house
63,100,Ordered,841,50,house
63,10,Ordered,916,60,house
63,100,Ordered,1523,30,house
63,10,Ordered,854,50,house
63,10,Ordered,1306,20,house
63,100,Ordered,1151,20,house
63,100,Ordered,1407,10,house
63,100,Ordered,707,60,house
63,100,Ordered,546,80,house
63,10,Ordered,1012,30,house
63,100,Ordered,996,40,house
63,10,Ordered,1191,10,house
63,100,Ordered,1738,70,house
63,10,Ordered,978,40,house
63,10,Ordered,643,80,house
63,10,Random,3456,70,square
63,100,Random,1364,80,square
63,10,Random,1114,30,square
63,10,Random,587,40,square
63,100,Random,851,100,square
63,100,Random,1002,10,square
63,100,Random,883,70,square
63,10,Random,916,50,square
63,100,Random,1486,60,square
63,10,Random,901,20,square
63,100,Random,813,40,square
63,100,Random,748,90,square
63,100,Random,578,50,square
63,10,Random,1110,80,square
63,10,Random,680,60,square
63,100,Random,798,30,square
63,100,Random,684,20,square
63,10,Random,821,10,square
63,10,Random,1290,90,square
63,100,Random,3093,40,house
63,100,Random,577,70,house
63,10,Random,858,40,house
63,100,Random,827,20,house
63,10,Random,668,80,house
63,10,Random,559,70,house
63,100,Random,1094,100,house
63,100,Random,780,50,house
63,10,Random,996,20,house
63,100,Random,1578,10,house
63,10,Random,972,90,house
63,100,Random,1101,30,house
63,10,Random,778,30,house
63,10,Random,1495,10,house
63,100,Random,1425,80,house
63,100,Random,866,60,house
63,10,Random,2622,60,house
63,10,Random,744,50,house
63,100,Random,1029,90,house
64,100,NA,15636,60,naturalFrequency
64,100,NA,3159,30,naturalFrequency
64,100,NA,2016,40,naturalFrequency
64,100,NA,1733,50,naturalFrequency
64,10,NA,7978,20,naturalFrequency
64,10,NA,2987,70,naturalFrequency
64,100,NA,2557,80,naturalFrequency
64,10,NA,4747,60,naturalFrequency
64,10,NA,2410,10,naturalFrequency
64,10,NA,1669,80,naturalFrequency
64,10,NA,2371,50,naturalFrequency
64,100,NA,1733,90,naturalFrequency
64,100,NA,2399,0,naturalFrequency
64,100,NA,1621,10,naturalFrequency
64,10,NA,1424,30,naturalFrequency
64,100,NA,2950,70,naturalFrequency
64,10,NA,1819,90,naturalFrequency
64,100,NA,2939,20,naturalFrequency
64,10,NA,1548,40,naturalFrequency
64,10,Ordered,9820,10,square
64,100,Ordered,4992,40,square
64,100,Ordered,2099,80,square
64,100,Ordered,2731,50,square
64,10,Ordered,3417,80,square
64,10,Ordered,2212,70,square
64,100,Ordered,2507,10,square
64,100,Ordered,1622,90,square
64,10,Ordered,2176,30,square
64,10,Ordered,4746,60,square
64,100,Ordered,2890,0,square
64,100,Ordered,1536,20,square
64,100,Ordered,5604,60,square
64,100,Ordered,1547,30,square
64,100,Ordered,1633,70,square
64,10,Ordered,2335,40,square
64,10,Ordered,1462,90,square
64,10,Ordered,1437,20,square
64,10,Ordered,1598,50,square
64,10,Ordered,2419,30,house
64,100,Ordered,2489,20,house
64,10,Ordered,2015,10,house
64,10,Ordered,1978,100,house
64,10,Ordered,2494,40,house
64,100,Ordered,2341,80,house
64,100,Ordered,1641,90,house
64,10,Ordered,2175,50,house
64,10,Ordered,1805,70,house
64,100,Ordered,1987,10,house
64,100,Ordered,3707,60,house
64,10,Ordered,2088,60,house
64,10,Ordered,1807,80,house
64,100,Ordered,2192,50,house
64,10,Ordered,2064,20,house
64,10,Ordered,1671,90,house
64,100,Ordered,2118,40,house
64,100,Ordered,1861,70,house
64,100,Ordered,1800,30,house
64,100,Random,6243,40,square
64,10,Random,2410,0,square
64,10,Random,2078,90,square
64,100,Random,2458,20,square
64,10,Random,3516,50,square
64,10,Random,1609,20,square
64,100,Random,2091,60,square
64,100,Random,1622,10,square
64,10,Random,2582,40,square
64,100,Random,2188,80,square
64,10,Random,1857,10,square
64,100,Random,2630,90,square
64,100,Random,1547,70,square
64,10,Random,1967,60,square
64,100,Random,2212,50,square
64,10,Random,2778,30,square
64,100,Random,5543,30,square
64,10,Random,2852,70,square
64,10,Random,1636,80,square
64,100,Random,2239,20,house
64,10,Random,1720,20,house
64,10,Random,1351,50,house
64,100,Random,2501,40,house
64,10,Random,1794,10,house
64,10,Random,1707,80,house
64,100,Random,3827,60,house
64,100,Random,2083,30,house
64,10,Random,3441,90,house
64,10,Random,1475,30,house
64,100,Random,3190,10,house
64,10,Random,2102,40,house
64,100,Random,2441,50,house
64,100,Random,1592,100,house
64,100,Random,2195,70,house
64,10,Random,6515,70,house
64,100,Random,2735,90,house
64,10,Random,3958,60,house
64,100,Random,2305,80,house
65,100,NA,6581,20,naturalFrequency
65,10,NA,2917,70,naturalFrequency
65,100,NA,2571,30,naturalFrequency
65,100,NA,2316,60,naturalFrequency
65,100,NA,2889,70,naturalFrequency
65,10,NA,2823,20,naturalFrequency
65,100,NA,3042,100,naturalFrequency
65,10,NA,3778,80,naturalFrequency
65,10,NA,2789,30,naturalFrequency
65,100,NA,2953,50,naturalFrequency
65,10,NA,2022,60,naturalFrequency
65,10,NA,2302,50,naturalFrequency
65,100,NA,2661,90,naturalFrequency
65,10,NA,3751,40,naturalFrequency
65,10,NA,2182,10,naturalFrequency
65,100,NA,2952,40,naturalFrequency
65,100,NA,3294,10,naturalFrequency
65,100,NA,2265,80,naturalFrequency
65,10,NA,2655,90,naturalFrequency
65,100,Ordered,7296,60,square
65,100,Ordered,2427,90,square
65,100,Ordered,3479,100,square
65,100,Ordered,2666,20,square
65,100,Ordered,2204,30,square
65,100,Ordered,2372,10,square
65,100,Ordered,2688,40,square
65,100,Ordered,2219,50,square
65,10,Ordered,3182,50,square
65,10,Ordered,2370,60,square
65,10,Ordered,1730,80,square
65,10,Ordered,2218,70,square
65,10,Ordered,2043,20,square
65,100,Ordered,2758,80,square
65,10,Ordered,2486,30,square
65,10,Ordered,3957,40,square
65,100,Ordered,2761,70,square
65,10,Ordered,3431,90,square
65,10,Ordered,2254,10,square
65,100,Ordered,4318,90,house
65,10,Ordered,2226,0,house
65,10,Ordered,1870,50,house
65,10,Ordered,1688,70,house
65,10,Ordered,2009,30,house
65,10,Ordered,2830,40,house
65,100,Ordered,2161,70,house
65,100,Ordered,3611,40,house
65,100,Ordered,1519,10,house
65,10,Ordered,1769,90,house
65,10,Ordered,1814,10,house
65,100,Ordered,2190,20,house
65,100,Ordered,1888,80,house
65,100,Ordered,2389,50,house
65,100,Ordered,1703,60,house
65,10,Ordered,1765,80,house
65,10,Ordered,2781,60,house
65,10,Ordered,1582,20,house
65,100,Ordered,1972,30,house
65,10,Random,4225,40,square
65,100,Random,2620,90,square
65,100,Random,3256,60,square
65,10,Random,3208,80,square
65,100,Random,2073,70,square
65,10,Random,2172,30,square
65,100,Random,1722,10,square
65,10,Random,1916,20,square
65,100,Random,2327,80,square
65,10,Random,3770,60,square
65,100,Random,1726,20,square
65,10,Random,1786,90,square
65,10,Random,1864,70,square
65,100,Random,2118,30,square
65,10,Random,2417,50,square
65,100,Random,2000,100,square
65,100,Random,2198,50,square
65,100,Random,2386,40,square
65,10,Random,1700,10,square
65,10,Random,2756,10,house
65,10,Random,2352,20,house
65,100,Random,2334,10,house
65,100,Random,2153,70,house
65,100,Random,2181,80,house
65,100,Random,2300,40,house
65,100,Random,3042,50,house
65,10,Random,2045,0,house
65,100,Random,4995,60,house
65,100,Random,3035,90,house
65,10,Random,3618,60,house
65,100,Random,2556,30,house
65,10,Random,2979,30,house
65,100,Random,2804,20,house
65,10,Random,2873,70,house
65,10,Random,2431,80,house
65,10,Random,3714,40,house
65,10,Random,1916,90,house
65,10,Random,4428,50,house
66,100,NA,5715,50,naturalFrequency
66,100,NA,3566,90,naturalFrequency
66,100,NA,3015,80,naturalFrequency
66,10,NA,3816,50,naturalFrequency
66,10,NA,1249,80,naturalFrequency
66,10,NA,2466,20,naturalFrequency
66,10,NA,932,40,naturalFrequency
66,10,NA,917,60,naturalFrequency
66,100,NA,4166,40,naturalFrequency
66,10,NA,2816,10,naturalFrequency
66,10,NA,1349,90,naturalFrequency
66,100,NA,1233,100,naturalFrequency
66,100,NA,1800,10,naturalFrequency
66,100,NA,1049,60,naturalFrequency
66,100,NA,1083,30,naturalFrequency
66,100,NA,800,70,naturalFrequency
66,10,NA,1184,70,naturalFrequency
66,10,NA,833,30,naturalFrequency
66,100,NA,933,20,naturalFrequency
66,10,Ordered,7113,50,square
66,100,Ordered,8732,80,square
66,100,Ordered,1166,60,square
66,10,Ordered,1934,10,square
66,100,Ordered,4916,10,square
66,100,Ordered,700,70,square
66,100,Ordered,2000,0,square
66,10,Ordered,1033,40,square
66,10,Ordered,700,20,square
66,10,Ordered,667,80,square
66,10,Ordered,683,70,square
66,10,Ordered,783,60,square
66,100,Ordered,1132,50,square
66,100,Ordered,632,30,square
66,10,Ordered,1101,30,square
66,100,Ordered,932,90,square
66,100,Ordered,616,20,square
66,10,Ordered,1050,90,square
66,100,Ordered,866,40,square
66,10,Ordered,3282,10,house
66,10,Ordered,700,20,house
66,100,Ordered,897,50,house
66,100,Ordered,764,70,house
66,100,Ordered,747,30,house
66,100,Ordered,614,10,house
66,10,Ordered,1300,30,house
66,100,Ordered,897,40,house
66,100,Ordered,580,20,house
66,100,Ordered,630,80,house
66,100,Ordered,679,90,house
66,10,Ordered,967,60,house
66,10,Ordered,616,70,house
66,10,Ordered,650,40,house
66,10,Ordered,566,90,house
66,100,Ordered,980,60,house
66,10,Ordered,915,50,house
66,10,Ordered,517,80,house
66,100,Ordered,915,100,house
66,100,Random,4164,20,square
66,100,Random,933,70,square
66,10,Random,849,60,square
66,100,Random,766,60,square
66,10,Random,648,90,square
66,100,Random,816,40,square
66,10,Random,900,20,square
66,10,Random,583,50,square
66,10,Random,500,10,square
66,100,Random,933,90,square
66,10,Random,1016,100,square
66,100,Random,5299,10,square
66,100,Random,1182,50,square
66,100,Random,500,80,square
66,10,Random,933,30,square
66,10,Random,549,70,square
66,10,Random,500,80,square
66,10,Random,466,40,square
66,100,Random,983,30,square
66,10,Random,1782,50,house
66,10,Random,516,90,house
66,100,Random,1081,60,house
66,100,Random,648,100,house
66,100,Random,830,20,house
66,100,Random,863,90,house
66,10,Random,1699,60,house
66,10,Random,516,20,house
66,10,Random,516,10,house
66,10,Random,482,80,house
66,100,Random,2314,10,house
66,100,Random,765,70,house
66,100,Random,548,40,house
66,100,Random,547,50,house
66,10,Random,1649,30,house
66,10,Random,599,40,house
66,10,Random,549,70,house
66,100,Random,881,30,house
66,100,Random,847,80,house
67,10,NA,5088,10,naturalFrequency
67,10,NA,2487,20,naturalFrequency
67,100,NA,2175,50,naturalFrequency
67,100,NA,1432,70,naturalFrequency
67,100,NA,1641,60,naturalFrequency
67,100,NA,1192,90,naturalFrequency
67,10,NA,1271,30,naturalFrequency
67,10,NA,1599,0,naturalFrequency
67,100,NA,1336,20,naturalFrequency
67,10,NA,2328,90,naturalFrequency
67,10,NA,2320,50,naturalFrequency
67,10,NA,856,40,naturalFrequency
67,100,NA,1264,30,naturalFrequency
67,100,NA,999,80,naturalFrequency
67,100,NA,2041,40,naturalFrequency
67,10,NA,1056,60,naturalFrequency
67,10,NA,1129,80,naturalFrequency
67,100,NA,1512,10,naturalFrequency
67,10,NA,1471,70,naturalFrequency
67,10,Ordered,6816,90,square
67,100,Ordered,1207,30,square
67,100,Ordered,1119,40,square
67,100,Ordered,1032,60,square
67,100,Ordered,1224,90,square
67,100,Ordered,1343,70,square
67,10,Ordered,1608,30,square
67,10,Ordered,776,60,square
67,10,Ordered,743,70,square
67,10,Ordered,1624,50,square
67,100,Ordered,2080,50,square
67,10,Ordered,1415,40,square
67,10,Ordered,1048,20,square
67,10,Ordered,761,10,square
67,100,Ordered,927,20,square
67,10,Ordered,815,80,square
67,100,Ordered,976,100,square
67,100,Ordered,919,10,square
67,100,Ordered,1240,80,square
67,100,Ordered,2462,40,house
67,10,Ordered,1031,40,house
67,100,Ordered,844,80,house
67,100,Ordered,1213,10,house
67,100,Ordered,1692,20,house
67,10,Ordered,1023,90,house
67,10,Ordered,815,10,house
67,10,Ordered,1815,0,house
67,10,Ordered,928,30,house
67,10,Ordered,768,70,house
67,10,Ordered,1047,60,house
67,100,Ordered,1085,70,house
67,100,Ordered,3725,90,house
67,100,Ordered,870,30,house
67,10,Ordered,1479,50,house
67,10,Ordered,968,20,house
67,100,Ordered,1134,50,house
67,10,Ordered,1040,80,house
67,100,Ordered,975,60,house
67,10,Random,1479,60,square
67,100,Random,1007,80,square
67,10,Random,1361,50,square
67,10,Random,847,20,square
67,100,Random,847,90,square
67,100,Random,719,70,square
67,100,Random,1431,20,square
67,10,Random,944,80,square
67,10,Random,840,40,square
67,10,Random,904,100,square
67,10,Random,895,10,square
67,10,Random,783,70,square
67,100,Random,1127,60,square
67,10,Random,1240,90,square
67,100,Random,975,30,square
67,10,Random,1087,30,square
67,100,Random,1032,40,square
67,100,Random,823,10,square
67,100,Random,679,50,square
67,100,Random,25356,50,house
67,100,Random,917,70,house
67,10,Random,6927,80,house
67,100,Random,1533,40,house
67,10,Random,2279,20,house
67,10,Random,1552,40,house
67,100,Random,981,60,house
67,10,Random,1192,70,house
67,100,Random,1142,10,house
67,10,Random,1264,30,house
67,10,Random,904,10,house
67,100,Random,1125,0,house
67,10,Random,1279,60,house
67,100,Random,941,80,house
67,100,Random,974,90,house
67,100,Random,1101,20,house
67,100,Random,16669,30,house
67,10,Random,1328,50,house
67,10,Random,751,90,house
68,100,NA,5964,60,naturalFrequency
68,100,NA,1928,30,naturalFrequency
68,10,NA,3032,60,naturalFrequency
68,100,NA,3225,80,naturalFrequency
68,10,NA,1416,90,naturalFrequency
68,100,NA,2288,10,naturalFrequency
68,100,NA,1841,90,naturalFrequency
68,100,NA,2344,20,naturalFrequency
68,10,NA,2288,50,naturalFrequency
68,100,NA,1479,70,naturalFrequency
68,10,NA,2393,40,naturalFrequency
68,10,NA,1745,70,naturalFrequency
68,100,NA,1528,50,naturalFrequency
68,10,NA,1416,80,naturalFrequency
68,10,NA,2304,20,naturalFrequency
68,100,NA,1608,40,naturalFrequency
68,10,NA,1160,10,naturalFrequency
68,10,NA,1583,100,naturalFrequency
68,10,NA,1368,30,naturalFrequency
68,10,Ordered,5070,20,square
68,100,Ordered,3495,10,square
68,100,Ordered,2496,80,square
68,10,Ordered,1328,90,square
68,100,Ordered,1199,90,square
68,100,Ordered,1440,20,square
68,100,Ordered,1223,70,square
68,100,Ordered,1320,60,square
68,10,Ordered,1281,60,square
68,10,Ordered,1295,40,square
68,10,Ordered,1121,70,square
68,10,Ordered,1664,80,square
68,10,Ordered,1424,50,square
68,100,Ordered,2040,0,square
68,10,Ordered,2880,10,square
68,100,Ordered,1671,40,square
68,10,Ordered,1233,30,square
68,100,Ordered,1064,30,square
68,100,Ordered,1145,50,square
68,10,Ordered,3783,40,house
68,10,Ordered,880,30,house
68,10,Ordered,1072,60,house
68,10,Ordered,1344,50,house
68,10,Ordered,1505,70,house
68,100,Ordered,1455,10,house
68,100,Ordered,2870,50,house
68,100,Ordered,1310,20,house
68,10,Ordered,2064,100,house
68,10,Ordered,1231,10,house
68,100,Ordered,1685,80,house
68,100,Ordered,1174,70,house
68,100,Ordered,4279,60,house
68,100,Ordered,2431,40,house
68,100,Ordered,1398,30,house
68,10,Ordered,1312,90,house
68,10,Ordered,2735,20,house
68,10,Ordered,1304,80,house
68,100,Ordered,1295,90,house
68,100,Random,4524,60,square
68,100,Random,1488,70,square
68,10,Random,2735,90,square
68,10,Random,2031,40,square
68,100,Random,1208,90,square
68,10,Random,1104,80,square
68,10,Random,904,70,square
68,100,Random,1552,40,square
68,100,Random,983,0,square
68,10,Random,1672,50,square
68,10,Random,1320,60,square
68,100,Random,1888,30,square
68,10,Random,1560,20,square
68,100,Random,2367,20,square
68,100,Random,1015,80,square
68,10,Random,2728,30,square
68,100,Random,1231,10,square
68,100,Random,1568,50,square
68,10,Random,3647,10,square
68,100,Random,3367,50,house
68,10,Random,1271,40,house
68,100,Random,1150,70,house
68,10,Random,1023,0,house
68,10,Random,3103,20,house
68,100,Random,1262,20,house
68,10,Random,1240,10,house
68,10,Random,1095,80,house
68,100,Random,1183,80,house
68,100,Random,1262,10,house
68,10,Random,1432,50,house
68,100,Random,1326,90,house
68,100,Random,1174,60,house
68,10,Random,1367,70,house
68,10,Random,1368,60,house
68,100,Random,1348,30,house
68,100,Random,1062,40,house
68,10,Random,1431,30,house
68,10,Random,977,90,house
69,10,NA,3534,10,naturalFrequency
69,10,NA,2070,20,naturalFrequency
69,100,NA,1831,90,naturalFrequency
69,100,NA,1583,60,naturalFrequency
69,10,NA,1670,70,naturalFrequency
69,100,NA,3558,40,naturalFrequency
69,10,NA,1568,100,naturalFrequency
69,100,NA,1223,70,naturalFrequency
69,10,NA,1127,80,naturalFrequency
69,10,NA,1143,60,naturalFrequency
69,100,NA,3079,20,naturalFrequency
69,10,NA,3191,30,naturalFrequency
69,10,NA,1182,40,naturalFrequency
69,10,NA,1127,90,naturalFrequency
69,100,NA,1311,80,naturalFrequency
69,10,NA,2550,50,naturalFrequency
69,100,NA,3910,10,naturalFrequency
69,100,NA,1120,50,naturalFrequency
69,100,NA,1104,30,naturalFrequency
69,10,Ordered,3116,60,square
69,10,Ordered,1415,70,square
69,100,Ordered,4494,20,square
69,100,Ordered,1182,50,square
69,10,Ordered,1670,10,square
69,10,Ordered,1695,30,square
69,100,Ordered,5900,30,square
69,100,Ordered,1086,40,square
69,100,Ordered,1079,70,square
69,100,Ordered,1102,90,square
69,10,Ordered,1990,80,square
69,100,Ordered,1575,60,square
69,10,Ordered,1591,20,square
69,10,Ordered,943,50,square
69,100,Ordered,2326,80,square
69,100,Ordered,1349,10,square
69,10,Ordered,1600,40,square
69,10,Ordered,1103,90,square
69,100,Ordered,2072,0,square
69,10,Ordered,3220,100,house
69,100,Ordered,4589,30,house
69,10,Ordered,1631,60,house
69,10,Ordered,1254,90,house
69,10,Ordered,1031,80,house
69,100,Ordered,2309,20,house
69,100,Ordered,1419,90,house
69,10,Ordered,2510,30,house
69,100,Ordered,1477,60,house
69,100,Ordered,989,80,house
69,10,Ordered,2358,40,house
69,10,Ordered,1158,50,house
69,100,Ordered,2258,50,house
69,100,Ordered,1243,40,house
69,10,Ordered,1432,20,house
69,100,Ordered,2389,10,house
69,10,Ordered,1131,70,house
69,100,Ordered,2396,70,house
69,10,Ordered,1447,10,house
69,10,Random,3596,90,square
69,10,Random,1303,60,square
69,10,Random,2575,70,square
69,10,Random,1375,80,square
69,10,Random,1303,50,square
69,100,Random,7253,30,square
69,100,Random,1295,60,square
69,100,Random,1270,80,square
69,100,Random,4102,20,square
69,10,Random,1448,10,square
69,100,Random,1318,50,square
69,10,Random,1774,20,square
69,100,Random,1246,90,square
69,100,Random,1749,70,square
69,10,Random,1295,100,square
69,100,Random,1502,40,square
69,100,Random,1760,10,square
69,10,Random,1671,40,square
69,10,Random,3494,30,square
69,100,Random,4463,80,house
69,10,Random,2077,40,house
69,100,Random,1460,50,house
69,100,Random,3069,30,house
69,100,Random,1421,60,house
69,10,Random,1840,90,house
69,100,Random,4171,20,house
69,100,Random,1085,40,house
69,100,Random,1435,0,house
69,100,Random,1203,70,house
69,100,Random,1844,10,house
69,10,Random,1582,60,house
69,10,Random,1575,20,house
69,10,Random,1838,30,house
69,10,Random,1423,10,house
69,10,Random,1014,70,house
69,10,Random,1160,50,house
69,100,Random,1652,90,house
69,10,Random,1423,80,house
70,100,NA,4728,10,naturalFrequency
70,10,NA,1264,80,naturalFrequency
70,100,NA,1138,70,naturalFrequency
70,100,NA,695,90,naturalFrequency
70,10,NA,861,40,naturalFrequency
70,100,NA,1044,60,naturalFrequency
70,10,NA,996,60,naturalFrequency
70,100,NA,1028,20,naturalFrequency
70,100,NA,1099,50,naturalFrequency
70,10,NA,1029,10,naturalFrequency
70,100,NA,885,80,naturalFrequency
70,10,NA,1193,50,naturalFrequency
70,10,NA,916,90,naturalFrequency
70,10,NA,1516,70,naturalFrequency
70,100,NA,1280,40,naturalFrequency
70,100,NA,2150,30,naturalFrequency
70,10,NA,3335,20,naturalFrequency
70,10,NA,1361,0,naturalFrequency
70,10,NA,1691,30,naturalFrequency
70,100,Ordered,4765,100,square
70,100,Ordered,3351,20,square
70,10,Ordered,1184,20,square
70,10,Ordered,791,40,square
70,100,Ordered,1279,30,square
70,10,Ordered,971,70,square
70,10,Ordered,1029,30,square
70,10,Ordered,831,80,square
70,100,Ordered,1187,60,square
70,100,Ordered,726,70,square
70,100,Ordered,860,50,square
70,10,Ordered,1573,10,square
70,100,Ordered,941,80,square
70,100,Ordered,775,90,square
70,10,Ordered,987,50,square
70,100,Ordered,3549,10,square
70,10,Ordered,1107,90,square
70,100,Ordered,1303,40,square
70,10,Ordered,1114,60,square
70,100,Ordered,7587,60,house
70,10,Ordered,1295,100,house
70,10,Ordered,1327,20,house
70,100,Ordered,2006,10,house
70,100,Ordered,796,40,house
70,10,Ordered,1075,70,house
70,100,Ordered,987,90,house
70,10,Ordered,981,30,house
70,100,Ordered,1618,20,house
70,10,Ordered,972,80,house
70,100,Ordered,1000,70,house
70,10,Ordered,1224,10,house
70,100,Ordered,885,50,house
70,10,Ordered,862,60,house
70,10,Ordered,893,50,house
70,10,Ordered,718,90,house
70,100,Ordered,1460,30,house
70,10,Ordered,963,40,house
70,100,Ordered,1365,80,house
70,10,Random,1256,80,square
70,10,Random,1215,10,square
70,100,Random,1590,80,square
70,100,Random,1841,20,square
70,100,Random,8488,30,square
70,10,Random,1179,30,square
70,10,Random,962,100,square
70,100,Random,1028,90,square
70,10,Random,869,60,square
70,100,Random,989,60,square
70,100,Random,1034,40,square
70,10,Random,1114,20,square
70,100,Random,2095,10,square
70,100,Random,514,50,square
70,10,Random,2119,90,square
70,10,Random,694,40,square
70,10,Random,679,70,square
70,10,Random,766,50,square
70,100,Random,1044,70,square
70,10,Random,2908,80,house
70,100,Random,977,90,house
70,100,Random,1453,10,house
70,100,Random,907,0,house
70,10,Random,1327,90,house
70,10,Random,1193,20,house
70,10,Random,884,50,house
70,100,Random,1336,30,house
70,100,Random,779,70,house
70,100,Random,961,20,house
70,10,Random,1090,40,house
70,10,Random,805,60,house
70,100,Random,1144,80,house
70,10,Random,837,70,house
70,10,Random,957,10,house
70,100,Random,971,60,house
70,100,Random,608,50,house
70,10,Random,1052,30,house
70,100,Random,860,40,house
71,10,NA,14198,80,naturalFrequency
71,100,NA,6313,90,naturalFrequency
71,100,NA,2741,30,naturalFrequency
71,10,NA,2686,70,naturalFrequency
71,100,NA,3284,60,naturalFrequency
71,10,NA,2460,60,naturalFrequency
71,100,NA,3346,40,naturalFrequency
71,100,NA,3602,70,naturalFrequency
71,100,NA,2174,10,naturalFrequency
71,10,NA,1614,20,naturalFrequency
71,10,NA,1452,40,naturalFrequency
71,10,NA,1406,50,naturalFrequency
71,100,NA,1623,80,naturalFrequency
71,100,NA,2034,20,naturalFrequency
71,10,NA,1382,30,naturalFrequency
71,10,NA,1366,10,naturalFrequency
71,100,NA,1562,0,naturalFrequency
71,10,NA,2764,90,naturalFrequency
71,100,NA,1792,50,naturalFrequency
71,10,Ordered,15891,90,square
71,10,Ordered,5540,10,square
71,10,Ordered,7132,40,square
71,100,Ordered,2373,50,square
71,10,Ordered,6922,70,square
71,10,Ordered,1614,50,square
71,100,Ordered,2577,70,square
71,100,Ordered,1511,40,square
71,10,Ordered,4228,60,square
71,100,Ordered,1428,80,square
71,100,Ordered,4103,10,square
71,100,Ordered,1800,20,square
71,100,Ordered,4378,30,square
71,100,Ordered,2852,60,square
71,100,Ordered,1838,0,square
71,100,Ordered,1522,90,square
71,10,Ordered,4375,80,square
71,10,Ordered,1605,20,square
71,10,Ordered,3956,30,square
71,100,Ordered,9774,40,house
71,100,Ordered,1843,90,house
71,100,Ordered,1160,60,house
71,10,Ordered,2365,10,house
71,10,Ordered,1791,80,house
71,100,Ordered,2052,10,house
71,10,Ordered,1387,70,house
71,100,Ordered,2518,20,house
71,10,Ordered,2133,20,house
71,10,Ordered,1459,40,house
71,10,Ordered,1325,90,house
71,10,Ordered,2258,60,house
71,100,Ordered,1510,50,house
71,100,Ordered,1377,0,house
71,100,Ordered,2254,70,house
71,100,Ordered,897,80,house
71,100,Ordered,2688,30,house
71,10,Ordered,1735,50,house
71,10,Ordered,4857,30,house
71,100,Random,8004,10,square
71,10,Random,5804,40,square
71,100,Random,3443,60,square
71,10,Random,1505,60,square
71,10,Random,1296,30,square
71,100,Random,2342,20,square
71,10,Random,1391,20,square
71,10,Random,1102,0,square
71,10,Random,1046,90,square
71,10,Random,3670,10,square
71,100,Random,1473,80,square
71,100,Random,1807,30,square
71,100,Random,992,70,square
71,10,Random,1240,80,square
71,10,Random,1878,50,square
71,10,Random,1606,70,square
71,100,Random,3762,40,square
71,100,Random,1504,50,square
71,100,Random,1954,90,square
71,10,Random,4063,60,house
71,100,Random,1726,0,house
71,10,Random,1527,10,house
71,10,Random,1606,40,house
71,10,Random,1047,80,house
71,10,Random,1676,30,house
71,100,Random,1409,60,house
71,100,Random,2532,40,house
71,10,Random,1899,90,house
71,100,Random,1945,70,house
71,100,Random,1764,80,house
71,100,Random,1293,10,house
71,100,Random,1617,50,house
71,10,Random,1705,20,house
71,100,Random,5279,20,house
71,100,Random,1479,90,house
71,100,Random,2115,30,house
71,10,Random,1561,70,house
71,10,Random,3615,50,house
72,10,NA,7377,30,naturalFrequency
72,10,NA,3586,60,naturalFrequency
72,100,NA,1295,70,naturalFrequency
72,100,NA,1782,40,naturalFrequency
72,100,NA,1220,10,naturalFrequency
72,10,NA,878,0,naturalFrequency
72,100,NA,1274,90,naturalFrequency
72,10,NA,1314,70,naturalFrequency
72,10,NA,950,20,naturalFrequency
72,10,NA,832,90,naturalFrequency
72,100,NA,7648,50,naturalFrequency
72,10,NA,982,10,naturalFrequency
72,100,NA,914,30,naturalFrequency
72,10,NA,616,40,naturalFrequency
72,100,NA,846,60,naturalFrequency
72,100,NA,728,80,naturalFrequency
72,100,NA,688,20,naturalFrequency
72,10,NA,1624,50,naturalFrequency
72,10,NA,756,80,naturalFrequency
72,10,Ordered,6630,90,square
72,100,Ordered,1202,90,square
72,10,Ordered,1303,60,square
72,100,Ordered,1036,0,square
72,10,Ordered,1100,10,square
72,100,Ordered,794,40,square
72,10,Ordered,900,40,square
72,100,Ordered,872,10,square
72,100,Ordered,1010,70,square
72,100,Ordered,730,80,square
72,100,Ordered,820,60,square
72,10,Ordered,982,80,square
72,100,Ordered,922,50,square
72,10,Ordered,934,70,square
72,10,Ordered,706,50,square
72,100,Ordered,1099,20,square
72,100,Ordered,774,30,square
72,10,Ordered,812,30,square
72,10,Ordered,756,20,square
72,10,Ordered,2602,90,house
72,10,Ordered,1118,10,house
72,100,Ordered,958,80,house
72,100,Ordered,901,70,house
72,100,Ordered,878,50,house
72,10,Ordered,996,20,house
72,100,Ordered,851,40,house
72,100,Ordered,1007,90,house
72,10,Ordered,950,70,house
72,10,Ordered,1377,40,house
72,100,Ordered,707,30,house
72,10,Ordered,912,60,house
72,100,Ordered,822,20,house
72,100,Ordered,673,60,house
72,10,Ordered,1002,50,house
72,10,Ordered,652,100,house
72,10,Ordered,678,80,house
72,100,Ordered,951,10,house
72,10,Ordered,837,30,house
72,10,Random,2353,0,square
72,100,Random,4139,50,square
72,100,Random,677,70,square
72,10,Random,1116,60,square
72,10,Random,672,20,square
72,10,Random,841,10,square
72,100,Random,1218,40,square
72,10,Random,782,70,square
72,100,Random,765,10,square
72,100,Random,618,90,square
72,10,Random,1714,40,square
72,100,Random,837,20,square
72,100,Random,728,30,square
72,10,Random,1036,30,square
72,10,Random,596,90,square
72,100,Random,857,80,square
72,10,Random,3841,50,square
72,100,Random,939,60,square
72,10,Random,1476,80,square
72,100,Random,2595,80,house
72,100,Random,1454,70,house
72,10,Random,1110,0,house
72,100,Random,919,20,house
72,10,Random,950,80,house
72,10,Random,980,30,house
72,100,Random,902,40,house
72,10,Random,866,10,house
72,10,Random,1136,60,house
72,100,Random,869,10,house
72,10,Random,1108,90,house
72,100,Random,902,50,house
72,100,Random,695,30,house
72,100,Random,1271,60,house
72,10,Random,986,20,house
72,10,Random,880,50,house
72,100,Random,940,90,house
72,10,Random,1206,70,house
72,10,Random,1062,40,house
73,100,NA,10996,50,naturalFrequency
73,100,NA,8294,20,naturalFrequency
73,100,NA,5296,40,naturalFrequency
73,10,NA,5998,30,naturalFrequency
73,10,NA,3390,80,naturalFrequency
73,100,NA,4607,90,naturalFrequency
73,100,NA,2702,70,naturalFrequency
73,10,NA,2004,50,naturalFrequency
73,10,NA,3563,60,naturalFrequency
73,10,NA,1718,90,naturalFrequency
73,100,NA,2359,30,naturalFrequency
73,10,NA,2405,100,naturalFrequency
73,100,NA,2330,10,naturalFrequency
73,100,NA,2452,80,naturalFrequency
73,10,NA,2051,70,naturalFrequency
73,100,NA,3202,60,naturalFrequency
73,10,NA,3748,10,naturalFrequency
73,10,NA,1577,20,naturalFrequency
73,10,NA,1499,40,naturalFrequency
73,100,Ordered,9007,50,square
73,100,Ordered,5236,30,square
73,10,Ordered,2693,70,square
73,10,Ordered,1543,60,square
73,10,Ordered,2514,90,square
73,100,Ordered,4641,60,square
73,100,Ordered,1982,80,square
73,100,Ordered,1527,40,square
73,10,Ordered,2419,20,square
73,10,Ordered,1390,80,square
73,100,Ordered,2085,0,square
73,10,Ordered,2170,40,square
73,10,Ordered,1288,10,square
73,100,Ordered,1894,70,square
73,10,Ordered,1612,30,square
73,100,Ordered,1735,90,square
73,10,Ordered,2542,50,square
73,100,Ordered,2727,10,square
73,100,Ordered,1542,20,square
73,10,Ordered,3730,70,house
73,100,Ordered,3426,90,house
73,100,Ordered,1532,30,house
73,100,Ordered,2089,50,house
73,100,Ordered,1352,20,house
73,10,Ordered,7808,10,house
73,10,Ordered,1243,30,house
73,100,Ordered,1787,40,house
73,10,Ordered,2890,0,house
73,100,Ordered,1759,80,house
73,100,Ordered,2356,60,house
73,10,Ordered,2188,50,house
73,10,Ordered,1720,60,house
73,10,Ordered,1458,80,house
73,10,Ordered,1354,20,house
73,10,Ordered,1478,40,house
73,100,Ordered,3709,70,house
73,100,Ordered,1414,10,house
73,10,Ordered,12397,90,house
73,10,Random,2773,90,square
73,100,Random,1691,90,square
73,10,Random,1543,20,square
73,10,Random,1371,60,square
73,100,Random,1659,100,square
73,100,Random,1616,70,square
73,10,Random,1812,40,square
73,10,Random,2019,70,square
73,100,Random,2100,60,square
73,100,Random,1796,40,square
73,100,Random,1630,10,square
73,10,Random,1743,30,square
73,100,Random,1831,20,square
73,100,Random,1431,50,square
73,100,Random,1348,30,square
73,10,Random,1687,50,square
73,100,Random,2430,80,square
73,10,Random,1798,80,square
73,10,Random,1351,10,square
73,100,Random,2207,10,house
73,10,Random,2098,80,house
73,100,Random,2034,50,house
73,10,Random,1960,60,house
73,10,Random,2126,20,house
73,10,Random,1382,90,house
73,100,Random,2330,30,house
73,100,Random,5156,40,house
73,10,Random,1933,10,house
73,10,Random,1967,70,house
73,100,Random,2083,80,house
73,100,Random,1558,20,house
73,100,Random,1628,100,house
73,10,Random,4607,50,house
73,100,Random,3116,60,house
73,10,Random,2643,40,house
73,100,Random,2089,70,house
73,10,Random,4648,30,house
73,100,Random,1890,90,house
74,10,NA,9347,10,naturalFrequency
74,10,NA,3640,50,naturalFrequency
74,10,NA,3444,60,naturalFrequency
74,100,NA,2500,80,naturalFrequency
74,100,NA,1886,60,naturalFrequency
74,100,NA,1714,70,naturalFrequency
74,100,NA,5414,40,naturalFrequency
74,100,NA,6708,30,naturalFrequency
74,10,NA,3717,30,naturalFrequency
74,100,NA,4332,0,naturalFrequency
74,10,NA,1580,20,naturalFrequency
74,10,NA,1620,40,naturalFrequency
74,100,NA,1698,50,naturalFrequency
74,10,NA,1970,80,naturalFrequency
74,10,NA,1386,90,naturalFrequency
74,100,NA,1696,90,naturalFrequency
74,100,NA,2620,10,naturalFrequency
74,100,NA,2050,20,naturalFrequency
74,10,NA,1802,70,naturalFrequency
74,10,Ordered,7966,70,square
74,10,Ordered,4221,40,square
74,100,Ordered,2392,20,square
74,10,Ordered,1870,50,square
74,100,Ordered,1964,50,square
74,100,Ordered,2600,30,square
74,100,Ordered,2052,90,square
74,100,Ordered,3728,80,square
74,10,Ordered,1772,60,square
74,10,Ordered,1428,10,square
74,100,Ordered,3994,40,square
74,100,Ordered,1634,10,square
74,10,Ordered,1800,90,square
74,10,Ordered,2166,80,square
74,10,Ordered,1826,20,square
74,10,Ordered,2790,30,square
74,100,Ordered,1588,100,square
74,100,Ordered,1468,60,square
74,100,Ordered,1616,70,square
74,100,Ordered,8704,50,house
74,100,Ordered,2326,30,house
74,100,Ordered,1422,60,house
74,100,Ordered,1218,20,house
74,10,Ordered,3047,20,house
74,100,Ordered,1435,10,house
74,10,Ordered,1666,30,house
74,100,Ordered,1614,70,house
74,10,Ordered,1575,90,house
74,100,Ordered,2344,90,house
74,10,Ordered,2832,80,house
74,10,Ordered,1471,50,house
74,10,Ordered,4013,40,house
74,10,Ordered,1506,70,house
74,100,Ordered,1902,40,house
74,10,Ordered,1584,60,house
74,10,Ordered,1378,10,house
74,100,Ordered,1518,80,house
74,100,Ordered,1230,100,house
74,10,Random,3812,30,square
74,100,Random,4389,70,square
74,100,Random,1472,80,square
74,100,Random,1682,20,square
74,100,Random,1280,90,square
74,100,Random,1883,60,square
74,10,Random,1624,0,square
74,10,Random,1374,20,square
74,10,Random,1240,60,square
74,100,Random,3314,40,square
74,10,Random,1971,70,square
74,10,Random,1234,10,square
74,100,Random,2918,50,square
74,10,Random,2138,40,square
74,10,Random,1959,80,square
74,10,Random,1470,50,square
74,100,Random,1338,10,square
74,10,Random,1269,90,square
74,100,Random,4886,30,square
74,10,Random,3422,10,house
74,10,Random,1393,20,house
74,100,Random,1990,70,house
74,100,Random,5006,40,house
74,100,Random,1234,90,house
74,10,Random,1648,30,house
74,100,Random,4413,50,house
74,100,Random,1562,80,house
74,10,Random,1441,70,house
74,100,Random,1434,20,house
74,100,Random,3012,60,house
74,10,Random,1359,90,house
74,10,Random,1738,50,house
74,10,Random,5952,40,house
74,100,Random,2078,0,house
74,100,Random,2158,30,house
74,10,Random,2151,80,house
74,10,Random,1937,60,house
74,100,Random,1392,10,house
75,100,NA,8055,100,naturalFrequency
75,100,NA,5840,40,naturalFrequency
75,10,NA,4196,30,naturalFrequency
75,10,NA,2115,70,naturalFrequency
75,100,NA,2059,30,naturalFrequency
75,100,NA,3251,90,naturalFrequency
75,100,NA,1088,80,naturalFrequency
75,10,NA,2500,60,naturalFrequency
75,10,NA,1071,90,naturalFrequency
75,100,NA,2196,70,naturalFrequency
75,100,NA,1634,50,naturalFrequency
75,100,NA,1316,60,naturalFrequency
75,10,NA,2204,20,naturalFrequency
75,10,NA,1688,10,naturalFrequency
75,100,NA,1553,20,naturalFrequency
75,10,NA,2901,50,naturalFrequency
75,100,NA,2114,10,naturalFrequency
75,10,NA,2047,80,naturalFrequency
75,10,NA,1420,40,naturalFrequency
75,100,Ordered,8379,90,square
75,10,Ordered,3239,30,square
75,10,Ordered,1563,70,square
75,10,Ordered,1451,20,square
75,10,Ordered,1372,40,square
75,10,Ordered,1304,60,square
75,100,Ordered,1620,40,square
75,100,Ordered,3260,50,square
75,10,Ordered,1500,90,square
75,10,Ordered,1543,80,square
75,10,Ordered,3352,100,square
75,100,Ordered,1172,60,square
75,100,Ordered,1678,10,square
75,10,Ordered,1610,50,square
75,100,Ordered,1147,70,square
75,100,Ordered,1295,30,square
75,100,Ordered,1124,80,square
75,10,Ordered,2056,10,square
75,100,Ordered,2332,20,square
75,10,Ordered,4037,40,house
75,100,Ordered,2044,10,house
75,100,Ordered,1244,90,house
75,100,Ordered,939,70,house
75,100,Ordered,2561,30,house
75,10,Ordered,1194,90,house
75,10,Ordered,935,70,house
75,100,Ordered,1316,40,house
75,10,Ordered,1374,60,house
75,100,Ordered,1370,100,house
75,10,Ordered,1621,20,house
75,100,Ordered,1315,20,house
75,10,Ordered,1291,50,house
75,100,Ordered,1955,50,house
75,100,Ordered,1271,60,house
75,10,Ordered,3545,10,house
75,100,Ordered,1211,80,house
75,10,Ordered,5491,80,house
75,10,Ordered,1609,30,house
75,10,Random,3497,70,square
75,100,Random,3790,10,square
75,10,Random,1316,60,square
75,100,Random,1158,40,square
75,10,Random,1653,10,square
75,10,Random,1387,50,square
75,10,Random,1632,30,square
75,100,Random,1123,90,square
75,100,Random,1454,20,square
75,100,Random,1554,30,square
75,10,Random,1813,90,square
75,100,Random,1889,60,square
75,100,Random,1112,50,square
75,10,Random,1554,80,square
75,10,Random,2767,20,square
75,10,Random,1667,40,square
75,100,Random,1588,0,square
75,100,Random,1554,70,square
75,100,Random,1177,80,square
75,10,Random,3452,0,house
75,10,Random,1929,40,house
75,100,Random,1607,20,house
75,10,Random,1870,30,house
75,100,Random,2203,70,house
75,10,Random,1315,70,house
75,100,Random,1259,90,house
75,100,Random,1234,10,house
75,10,Random,1161,90,house
75,100,Random,1168,50,house
75,100,Random,1213,80,house
75,10,Random,1394,20,house
75,10,Random,4243,50,house
75,10,Random,1822,10,house
75,100,Random,1964,40,house
75,100,Random,1944,30,house
75,100,Random,1304,60,house
75,10,Random,1788,60,house
75,10,Random,1013,80,house
76,100,NA,5211,10,naturalFrequency
76,100,NA,4334,50,naturalFrequency
76,10,NA,2592,90,naturalFrequency
76,10,NA,2772,50,naturalFrequency
76,100,NA,2429,20,naturalFrequency
76,10,NA,4151,70,naturalFrequency
76,100,NA,1593,0,naturalFrequency
76,100,NA,2289,90,naturalFrequency
76,10,NA,3396,30,naturalFrequency
76,10,NA,1750,20,naturalFrequency
76,100,NA,1676,30,naturalFrequency
76,100,NA,32252,40,naturalFrequency
76,10,NA,1740,80,naturalFrequency
76,100,NA,1382,60,naturalFrequency
76,10,NA,1606,60,naturalFrequency
76,10,NA,1093,10,naturalFrequency
76,100,NA,3288,80,naturalFrequency
76,100,NA,1008,70,naturalFrequency
76,10,NA,1189,40,naturalFrequency
76,10,Ordered,5471,90,square
76,100,Ordered,2627,60,square
76,100,Ordered,1609,40,square
76,10,Ordered,1407,70,square
76,100,Ordered,3971,90,square
76,10,Ordered,2436,50,square
76,100,Ordered,2444,10,square
76,10,Ordered,2456,60,square
76,100,Ordered,1522,80,square
76,100,Ordered,1362,70,square
76,10,Ordered,1523,80,square
76,100,Ordered,2567,30,square
76,100,Ordered,1430,50,square
76,10,Ordered,5218,40,square
76,100,Ordered,2197,20,square
76,10,Ordered,3341,30,square
76,10,Ordered,1864,20,square
76,100,Ordered,1501,100,square
76,10,Ordered,1557,10,square
76,100,Ordered,2691,10,house
76,100,Ordered,2851,50,house
76,100,Ordered,1192,30,house
76,10,Ordered,1537,60,house
76,10,Ordered,1261,30,house
76,100,Ordered,1659,0,house
76,10,Ordered,3228,80,house
76,100,Ordered,1630,80,house
76,100,Ordered,1464,90,house
76,10,Ordered,2575,50,house
76,100,Ordered,1424,40,house
76,100,Ordered,4548,20,house
76,100,Ordered,1847,60,house
76,100,Ordered,1839,70,house
76,10,Ordered,1504,10,house
76,10,Ordered,2709,40,house
76,10,Ordered,2131,70,house
76,10,Ordered,2344,90,house
76,10,Ordered,2300,20,house
76,10,Random,3117,20,square
76,100,Random,1358,50,square
76,10,Random,2530,90,square
76,10,Random,1690,50,square
76,100,Random,1412,90,square
76,100,Random,2629,10,square
76,10,Random,1546,70,square
76,10,Random,2716,80,square
76,10,Random,2403,10,square
76,10,Random,1136,0,square
76,100,Random,1360,60,square
76,10,Random,1837,60,square
76,100,Random,1308,40,square
76,100,Random,1219,80,square
76,10,Random,2247,30,square
76,10,Random,1098,40,square
76,100,Random,1977,70,square
76,100,Random,1263,30,square
76,100,Random,1558,20,square
76,100,Random,1987,60,house
76,10,Random,3446,40,house
76,100,Random,1502,100,house
76,100,Random,1252,70,house
76,10,Random,1524,10,house
76,10,Random,2037,70,house
76,10,Random,1610,90,house
76,100,Random,2117,10,house
76,10,Random,1874,80,house
76,10,Random,1526,20,house
76,100,Random,1724,40,house
76,100,Random,3212,50,house
76,100,Random,6024,30,house
76,10,Random,1883,50,house
76,10,Random,1559,30,house
76,10,Random,1113,60,house
76,100,Random,1687,20,house
76,100,Random,1307,80,house
76,100,Random,1075,90,house
77,10,NA,19831,80,naturalFrequency
77,10,NA,2876,70,naturalFrequency
77,100,NA,4362,60,naturalFrequency
77,10,NA,3946,50,naturalFrequency
77,10,NA,1705,30,naturalFrequency
77,10,NA,2893,40,naturalFrequency
77,10,NA,2025,20,naturalFrequency
77,10,NA,1495,10,naturalFrequency
77,100,NA,2766,30,naturalFrequency
77,100,NA,1695,20,naturalFrequency
77,10,NA,2252,100,naturalFrequency
77,100,NA,1494,50,naturalFrequency
77,100,NA,1659,80,naturalFrequency
77,100,NA,2832,70,naturalFrequency
77,100,NA,1866,40,naturalFrequency
77,100,NA,1726,90,naturalFrequency
77,10,NA,2392,60,naturalFrequency
77,10,NA,1431,90,naturalFrequency
77,100,NA,4000,10,naturalFrequency
77,10,Ordered,17310,70,square
77,100,Ordered,5752,20,square
77,100,Ordered,1912,10,square
77,100,Ordered,2444,70,square
77,100,Ordered,6382,80,square
77,10,Ordered,2230,60,square
77,10,Ordered,2073,20,square
77,10,Ordered,3305,40,square
77,100,Ordered,2022,100,square
77,10,Ordered,2213,50,square
77,100,Ordered,2280,50,square
77,10,Ordered,3033,10,square
77,10,Ordered,4788,30,square
77,10,Ordered,1336,80,square
77,100,Ordered,1927,30,square
77,10,Ordered,1782,90,square
77,100,Ordered,1587,90,square
77,100,Ordered,1413,40,square
77,100,Ordered,2705,60,square
77,10,Ordered,3875,90,house
77,100,Ordered,2113,20,house
77,10,Ordered,3121,50,house
77,10,Ordered,1529,80,house
77,10,Ordered,2069,30,house
77,100,Ordered,1923,40,house
77,10,Ordered,1568,100,house
77,100,Ordered,1623,70,house
77,10,Ordered,2221,40,house
77,100,Ordered,1547,10,house
77,100,Ordered,1429,30,house
77,10,Ordered,1849,10,house
77,100,Ordered,1877,80,house
77,10,Ordered,1860,60,house
77,10,Ordered,2452,20,house
77,100,Ordered,1935,60,house
77,10,Ordered,6544,70,house
77,100,Ordered,1568,90,house
77,100,Ordered,1302,50,house
77,10,Random,9031,60,square
77,10,Random,1618,20,square
77,10,Random,1591,10,square
77,100,Random,1655,30,square
77,100,Random,11951,50,square
77,100,Random,4417,0,square
77,10,Random,5485,70,square
77,100,Random,1394,80,square
77,100,Random,1457,20,square
77,100,Random,1830,10,square
77,10,Random,57603,50,square
77,10,Random,1662,30,square
77,100,Random,1588,90,square
77,10,Random,1949,80,square
77,100,Random,2577,70,square
77,100,Random,3391,40,square
77,10,Random,2970,40,square
77,10,Random,3990,90,square
77,100,Random,3071,60,square
77,10,Random,3761,60,house
77,100,Random,1743,10,house
77,100,Random,2094,90,house
77,100,Random,5179,40,house
77,100,Random,1799,20,house
77,100,Random,1492,70,house
77,10,Random,2739,90,house
77,100,Random,2211,30,house
77,10,Random,6624,10,house
77,10,Random,17059,80,house
77,10,Random,4860,50,house
77,10,Random,3100,30,house
77,10,Random,2229,70,house
77,100,Random,17228,80,house
77,10,Random,1898,20,house
77,100,Random,1567,50,house
77,10,Random,2899,40,house
77,10,Random,1909,0,house
77,100,Random,2656,60,house
78,10,NA,4374,0,naturalFrequency
78,100,NA,2324,80,naturalFrequency
78,10,NA,2244,70,naturalFrequency
78,100,NA,1770,50,naturalFrequency
78,10,NA,1762,50,naturalFrequency
78,100,NA,2085,10,naturalFrequency
78,100,NA,946,60,naturalFrequency
78,10,NA,7802,30,naturalFrequency
78,100,NA,944,20,naturalFrequency
78,10,NA,1554,90,naturalFrequency
78,10,NA,1066,10,naturalFrequency
78,10,NA,762,80,naturalFrequency
78,100,NA,770,90,naturalFrequency
78,10,NA,977,20,naturalFrequency
78,100,NA,945,70,naturalFrequency
78,10,NA,1370,40,naturalFrequency
78,10,NA,1058,60,naturalFrequency
78,100,NA,1786,40,naturalFrequency
78,100,NA,882,30,naturalFrequency
78,10,Ordered,4085,20,square
78,100,Ordered,3611,70,square
78,100,Ordered,1857,50,square
78,10,Ordered,1410,100,square
78,100,Ordered,1346,60,square
78,10,Ordered,1210,80,square
78,100,Ordered,1377,20,square
78,10,Ordered,1865,50,square
78,100,Ordered,1609,30,square
78,100,Ordered,2011,90,square
78,100,Ordered,1073,10,square
78,10,Ordered,2068,30,square
78,10,Ordered,906,70,square
78,100,Ordered,2699,80,square
78,10,Ordered,1520,40,square
78,10,Ordered,896,90,square
78,10,Ordered,1554,10,square
78,100,Ordered,1497,40,square
78,10,Ordered,1186,60,square
78,100,Ordered,2315,20,house
78,10,Ordered,1457,40,house
78,10,Ordered,1514,0,house
78,100,Ordered,1168,10,house
78,100,Ordered,992,80,house
78,10,Ordered,1136,70,house
78,10,Ordered,1048,10,house
78,100,Ordered,1920,30,house
78,10,Ordered,1426,90,house
78,10,Ordered,1322,30,house
78,100,Ordered,1264,60,house
78,100,Ordered,911,90,house
78,10,Ordered,1314,20,house
78,100,Ordered,1880,40,house
78,10,Ordered,1618,60,house
78,100,Ordered,1136,70,house
78,10,Ordered,1178,80,house
78,100,Ordered,1312,50,house
78,10,Ordered,3740,50,house
78,100,Random,4591,60,square
78,10,Random,2340,60,square
78,100,Random,1234,80,square
78,10,Random,1170,10,square
78,100,Random,2034,50,square
78,10,Random,1290,20,square
78,100,Random,1152,70,square
78,100,Random,1234,20,square
78,10,Random,1506,50,square
78,100,Random,1122,90,square
78,10,Random,1836,40,square
78,100,Random,1346,30,square
78,10,Random,1026,90,square
78,10,Random,914,80,square
78,100,Random,2244,40,square
78,100,Random,882,0,square
78,10,Random,1554,30,square
78,100,Random,1202,10,square
78,10,Random,1082,70,square
78,10,Random,1585,80,house
78,100,Random,1128,80,house
78,100,Random,1726,50,house
78,100,Random,702,100,house
78,10,Random,1210,90,house
78,10,Random,1229,10,house
78,100,Random,1088,20,house
78,10,Random,1137,30,house
78,100,Random,1432,40,house
78,100,Random,848,70,house
78,100,Random,2179,30,house
78,10,Random,1769,60,house
78,10,Random,841,70,house
78,10,Random,1362,40,house
78,10,Random,896,50,house
78,100,Random,1133,10,house
78,10,Random,1282,20,house
78,100,Random,1326,60,house
78,100,Random,1232,90,house
79,10,NA,13462,40,naturalFrequency
79,10,NA,3392,90,naturalFrequency
79,100,NA,3712,50,naturalFrequency
79,100,NA,2921,40,naturalFrequency
79,10,NA,9192,10,naturalFrequency
79,10,NA,4021,20,naturalFrequency
79,100,NA,2242,0,naturalFrequency
79,100,NA,2341,30,naturalFrequency
79,10,NA,1822,50,naturalFrequency
79,10,NA,2252,60,naturalFrequency
79,10,NA,1943,30,naturalFrequency
79,100,NA,2233,60,naturalFrequency
79,100,NA,1821,80,naturalFrequency
79,100,NA,2212,70,naturalFrequency
79,100,NA,4214,20,naturalFrequency
79,10,NA,2162,80,naturalFrequency
79,10,NA,2582,70,naturalFrequency
79,100,NA,1811,90,naturalFrequency
79,100,NA,2101,10,naturalFrequency
79,10,Ordered,4842,30,square
79,10,Ordered,2212,10,square
79,100,Ordered,2031,20,square
79,100,Ordered,3152,10,square
79,100,Ordered,1031,30,square
79,10,Ordered,2632,90,square
79,10,Ordered,1561,40,square
79,100,Ordered,1862,80,square
79,100,Ordered,2691,90,square
79,10,Ordered,1582,0,square
79,100,Ordered,1712,70,square
79,100,Ordered,1532,50,square
79,100,Ordered,1601,40,square
79,100,Ordered,1571,60,square
79,10,Ordered,2232,60,square
79,10,Ordered,2211,80,square
79,10,Ordered,1872,50,square
79,10,Ordered,1431,70,square
79,10,Ordered,1832,20,square
79,10,Ordered,2732,90,house
79,10,Ordered,1501,70,house
79,100,Ordered,1981,40,house
79,10,Ordered,1751,30,house
79,100,Ordered,1590,90,house
79,100,Ordered,1380,30,house
79,100,Ordered,1161,80,house
79,10,Ordered,1782,20,house
79,100,Ordered,1000,100,house
79,10,Ordered,1871,40,house
79,100,Ordered,1420,10,house
79,10,Ordered,1341,80,house
79,10,Ordered,893,50,house
79,10,Ordered,1251,60,house
79,10,Ordered,1221,10,house
79,100,Ordered,1010,50,house
79,100,Ordered,1400,70,house
79,100,Ordered,1220,20,house
79,100,Ordered,1080,60,house
79,10,Random,2261,80,square
79,10,Random,1502,0,square
79,10,Random,1253,10,square
79,10,Random,1091,40,square
79,100,Random,1231,80,square
79,10,Random,1602,20,square
79,100,Random,1031,70,square
79,100,Random,1501,30,square
79,100,Random,931,60,square
79,10,Random,1581,30,square
79,10,Random,1442,50,square
79,100,Random,771,40,square
79,100,Random,2661,10,square
79,100,Random,991,90,square
79,10,Random,1893,70,square
79,10,Random,932,90,square
79,100,Random,1891,20,square
79,100,Random,1021,50,square
79,10,Random,2492,60,square
79,100,Random,2039,70,house
79,100,Random,1210,90,house
79,100,Random,1240,10,house
79,10,Random,1311,60,house
79,10,Random,2041,30,house
79,10,Random,762,70,house
79,100,Random,1259,40,house
79,100,Random,1041,60,house
79,10,Random,762,50,house
79,10,Random,1471,20,house
79,100,Random,1190,30,house
79,10,Random,1362,0,house
79,100,Random,1290,80,house
79,10,Random,1662,40,house
79,10,Random,1222,90,house
79,100,Random,1281,50,house
79,100,Random,1241,20,house
79,10,Random,1401,10,house
79,10,Random,1241,80,house
80,100,NA,2255,100,naturalFrequency
80,10,NA,1051,80,naturalFrequency
80,10,NA,2375,10,naturalFrequency
80,100,NA,1648,20,naturalFrequency
80,100,NA,937,80,naturalFrequency
80,10,NA,1669,20,naturalFrequency
80,10,NA,1182,30,naturalFrequency
80,100,NA,1538,90,naturalFrequency
80,100,NA,1458,30,naturalFrequency
80,10,NA,1418,70,naturalFrequency
80,100,NA,2129,40,naturalFrequency
80,100,NA,1183,50,naturalFrequency
80,10,NA,1122,40,naturalFrequency
80,100,NA,697,70,naturalFrequency
80,10,NA,660,90,naturalFrequency
80,100,NA,1633,10,naturalFrequency
80,100,NA,1798,60,naturalFrequency
80,10,NA,1514,60,naturalFrequency
80,10,NA,807,50,naturalFrequency
80,10,Ordered,3697,20,square
80,10,Ordered,781,80,square
80,100,Ordered,1803,40,square
80,100,Ordered,882,70,square
80,10,Ordered,1569,10,square
80,10,Ordered,822,100,square
80,100,Ordered,1027,90,square
80,100,Ordered,2666,30,square
80,100,Ordered,821,60,square
80,10,Ordered,892,90,square
80,100,Ordered,1092,80,square
80,10,Ordered,1157,50,square
80,10,Ordered,727,70,square
80,10,Ordered,898,40,square
80,10,Ordered,1553,60,square
80,100,Ordered,1011,20,square
80,10,Ordered,1669,30,square
80,100,Ordered,2942,50,square
80,100,Ordered,997,10,square
80,100,Ordered,2780,10,house
80,10,Ordered,1152,30,house
80,100,Ordered,1047,20,house
80,100,Ordered,1516,50,house
80,10,Ordered,1002,50,house
80,10,Ordered,850,100,house
80,100,Ordered,1907,30,house
80,100,Ordered,846,40,house
80,10,Ordered,997,60,house
80,100,Ordered,1187,90,house
80,100,Ordered,976,80,house
80,100,Ordered,1787,70,house
80,100,Ordered,897,60,house
80,10,Ordered,1066,40,house
80,10,Ordered,698,80,house
80,10,Ordered,827,10,house
80,10,Ordered,801,20,house
80,10,Ordered,700,90,house
80,10,Ordered,841,70,house
80,10,Random,2184,80,square
80,100,Random,1171,10,square
80,10,Random,1768,20,square
80,10,Random,1042,30,square
80,10,Random,736,90,square
80,100,Random,802,60,square
80,100,Random,1833,20,square
80,100,Random,591,100,square
80,100,Random,896,90,square
80,10,Random,1257,40,square
80,10,Random,646,50,square
80,100,Random,1086,30,square
80,10,Random,837,60,square
80,100,Random,887,70,square
80,10,Random,852,10,square
80,10,Random,671,70,square
80,100,Random,1333,40,square
80,100,Random,797,50,square
80,100,Random,686,80,square
80,100,Random,2850,70,house
80,10,Random,876,80,house
80,10,Random,1293,30,house
80,10,Random,831,40,house
80,100,Random,1161,60,house
80,10,Random,1353,20,house
80,10,Random,1122,50,house
80,100,Random,1186,20,house
80,10,Random,1002,90,house
80,100,Random,971,90,house
80,100,Random,826,50,house
80,10,Random,687,100,house
80,100,Random,1056,40,house
80,100,Random,986,80,house
80,100,Random,806,10,house
80,10,Random,837,60,house
80,10,Random,965,10,house
80,10,Random,750,70,house
80,100,Random,1336,30,house
81,10,NA,5538,50,naturalFrequency
81,100,NA,2856,60,naturalFrequency
81,10,NA,2548,80,naturalFrequency
81,100,NA,1286,20,naturalFrequency
81,10,NA,1200,40,naturalFrequency
81,10,NA,1169,100,naturalFrequency
81,10,NA,1559,70,naturalFrequency
81,100,NA,1130,40,naturalFrequency
81,10,NA,1100,30,naturalFrequency
81,10,NA,922,10,naturalFrequency
81,100,NA,1689,80,naturalFrequency
81,100,NA,1022,70,naturalFrequency
81,100,NA,2146,90,naturalFrequency
81,100,NA,1246,10,naturalFrequency
81,10,NA,1526,20,naturalFrequency
81,10,NA,1022,90,naturalFrequency
81,100,NA,1067,50,naturalFrequency
81,10,NA,1101,60,naturalFrequency
81,100,NA,1115,30,naturalFrequency
81,100,Ordered,3477,30,square
81,100,Ordered,1044,60,square
81,10,Ordered,2278,70,square
81,10,Ordered,946,90,square
81,10,Ordered,3251,30,square
81,10,Ordered,882,80,square
81,100,Ordered,1440,10,square
81,100,Ordered,1355,40,square
81,100,Ordered,860,20,square
81,100,Ordered,883,50,square
81,100,Ordered,844,80,square
81,10,Ordered,1348,50,square
81,100,Ordered,1016,70,square
81,10,Ordered,1896,40,square
81,10,Ordered,836,20,square
81,10,Ordered,868,100,square
81,10,Ordered,961,60,square
81,10,Ordered,860,10,square
81,100,Ordered,953,90,square
81,100,Ordered,2879,10,house
81,10,Ordered,2642,40,house
81,100,Ordered,2461,80,house
81,100,Ordered,881,50,house
81,100,Ordered,1277,70,house
81,10,Ordered,1224,90,house
81,10,Ordered,859,10,house
81,10,Ordered,881,70,house
81,100,Ordered,1247,20,house
81,100,Ordered,990,60,house
81,10,Ordered,1448,100,house
81,10,Ordered,1332,80,house
81,100,Ordered,1060,30,house
81,10,Ordered,1292,30,house
81,10,Ordered,751,20,house
81,10,Ordered,1014,60,house
81,10,Ordered,875,50,house
81,100,Ordered,998,90,house
81,100,Ordered,3825,40,house
81,100,Random,3237,80,square
81,100,Random,2131,60,square
81,10,Random,1790,50,square
81,10,Random,1540,40,square
81,100,Random,1248,20,square
81,10,Random,1775,60,square
81,10,Random,960,10,square
81,100,Random,975,10,square
81,10,Random,1028,90,square
81,10,Random,803,70,square
81,100,Random,2028,40,square
81,10,Random,1036,30,square
81,100,Random,1426,70,square
81,10,Random,1402,80,square
81,100,Random,1372,50,square
81,10,Random,1487,20,square
81,100,Random,1154,30,square
81,100,Random,884,90,square
81,100,Random,1439,0,square
81,10,Random,2989,90,house
81,10,Random,905,60,house
81,10,Random,947,0,house
81,10,Random,960,20,house
81,10,Random,650,10,house
81,10,Random,906,30,house
81,10,Random,860,80,house
81,100,Random,1176,90,house
81,100,Random,1455,30,house
81,10,Random,1365,70,house
81,100,Random,1888,50,house
81,100,Random,1020,10,house
81,100,Random,904,60,house
81,10,Random,2874,50,house
81,100,Random,1563,70,house
81,100,Random,1036,20,house
81,10,Random,1478,40,house
81,100,Random,1252,40,house
81,100,Random,820,80,house
82,10,NA,4569,50,naturalFrequency
82,100,NA,2869,80,naturalFrequency
82,10,NA,1395,30,naturalFrequency
82,10,NA,1868,40,naturalFrequency
82,100,NA,2115,40,naturalFrequency
82,10,NA,1257,80,naturalFrequency
82,100,NA,1170,60,naturalFrequency
82,100,NA,2031,50,naturalFrequency
82,10,NA,1664,90,naturalFrequency
82,100,NA,1025,70,naturalFrequency
82,10,NA,1300,20,naturalFrequency
82,100,NA,1059,10,naturalFrequency
82,10,NA,1110,60,naturalFrequency
82,10,NA,1304,70,naturalFrequency
82,10,NA,1297,100,naturalFrequency
82,10,NA,995,10,naturalFrequency
82,100,NA,1255,20,naturalFrequency
82,100,NA,1222,30,naturalFrequency
82,100,NA,899,90,naturalFrequency
82,10,Ordered,3368,50,square
82,10,Ordered,989,40,square
82,100,Ordered,1793,70,square
82,10,Ordered,1278,80,square
82,10,Ordered,1101,60,square
82,100,Ordered,1112,60,square
82,10,Ordered,1227,0,square
82,100,Ordered,1268,30,square
82,100,Ordered,1009,90,square
82,100,Ordered,820,80,square
82,100,Ordered,920,20,square
82,100,Ordered,813,10,square
82,10,Ordered,1130,90,square
82,10,Ordered,1117,70,square
82,10,Ordered,1147,10,square
82,10,Ordered,906,20,square
82,100,Ordered,1344,50,square
82,100,Ordered,909,40,square
82,10,Ordered,1086,30,square
82,100,Ordered,1803,10,house
82,10,Ordered,1288,60,house
82,10,Ordered,733,90,house
82,10,Ordered,1157,50,house
82,100,Ordered,1347,70,house
82,10,Ordered,1405,20,house
82,10,Ordered,883,80,house
82,100,Ordered,1233,30,house
82,100,Ordered,819,90,house
82,10,Ordered,1322,40,house
82,10,Ordered,904,10,house
82,10,Ordered,1581,70,house
82,100,Ordered,1220,50,house
82,10,Ordered,960,100,house
82,100,Ordered,1068,20,house
82,100,Ordered,1762,80,house
82,100,Ordered,1865,60,house
82,10,Ordered,1198,30,house
82,100,Ordered,958,40,house
82,100,Random,2367,0,square
82,10,Random,3481,40,square
82,100,Random,1109,30,square
82,10,Random,1160,80,square
82,100,Random,1211,40,square
82,100,Random,1541,20,square
82,10,Random,928,90,square
82,10,Random,1401,20,square
82,10,Random,1997,50,square
82,100,Random,935,60,square
82,100,Random,881,80,square
82,100,Random,1242,50,square
82,10,Random,3574,30,square
82,10,Random,1512,60,square
82,100,Random,972,90,square
82,10,Random,1030,10,square
82,100,Random,999,10,square
82,100,Random,2088,70,square
82,10,Random,1692,70,square
82,100,Random,1931,90,house
82,10,Random,1321,40,house
82,10,Random,1103,70,house
82,10,Random,1072,90,house
82,100,Random,1374,40,house
82,100,Random,1002,70,house
82,100,Random,1091,80,house
82,10,Random,1134,0,house
82,100,Random,950,10,house
82,10,Random,915,10,house
82,10,Random,3284,50,house
82,10,Random,989,30,house
82,10,Random,1943,60,house
82,100,Random,1062,60,house
82,100,Random,1121,50,house
82,10,Random,1146,20,house
82,100,Random,1068,30,house
82,10,Random,1444,80,house
82,100,Random,1011,20,house
83,10,NA,7113,80,naturalFrequency
83,10,NA,1772,30,naturalFrequency
83,100,NA,1502,90,naturalFrequency
83,100,NA,2859,40,naturalFrequency
83,100,NA,4595,80,naturalFrequency
83,100,NA,3590,50,naturalFrequency
83,10,NA,1816,20,naturalFrequency
83,10,NA,1454,60,naturalFrequency
83,100,NA,1188,60,naturalFrequency
83,10,NA,879,70,naturalFrequency
83,100,NA,1772,0,naturalFrequency
83,10,NA,874,90,naturalFrequency
83,100,NA,1302,20,naturalFrequency
83,100,NA,906,30,naturalFrequency
83,10,NA,3770,40,naturalFrequency
83,10,NA,910,50,naturalFrequency
83,100,NA,1268,10,naturalFrequency
83,100,NA,51144,70,naturalFrequency
83,10,NA,1091,10,naturalFrequency
83,10,Ordered,5922,70,square
83,100,Ordered,2038,0,square
83,10,Ordered,1069,10,square
83,100,Ordered,2413,60,square
83,10,Ordered,1529,40,square
83,100,Ordered,925,70,square
83,10,Ordered,1030,30,square
83,100,Ordered,1486,80,square
83,10,Ordered,858,90,square
83,100,Ordered,1487,50,square
83,10,Ordered,1056,20,square
83,100,Ordered,946,40,square
83,100,Ordered,1179,30,square
83,100,Ordered,923,10,square
83,10,Ordered,1307,50,square
83,100,Ordered,1530,20,square
83,100,Ordered,722,90,square
83,10,Ordered,1173,60,square
83,10,Ordered,704,80,square
83,100,Ordered,2689,10,house
83,100,Ordered,639,90,house
83,10,Ordered,1026,70,house
83,10,Ordered,899,60,house
83,100,Ordered,925,100,house
83,100,Ordered,1049,60,house
83,10,Ordered,1374,50,house
83,100,Ordered,1298,30,house
83,10,Ordered,1158,80,house
83,10,Ordered,969,40,house
83,10,Ordered,1023,30,house
83,10,Ordered,1006,20,house
83,100,Ordered,811,80,house
83,100,Ordered,741,50,house
83,10,Ordered,929,90,house
83,100,Ordered,850,40,house
83,10,Ordered,2193,10,house
83,100,Ordered,1416,20,house
83,100,Ordered,1274,70,house
83,100,Random,23740,70,square
83,10,Random,976,20,square
83,10,Random,1833,40,square
83,10,Random,755,60,square
83,10,Random,786,0,square
83,10,Random,504,90,square
83,100,Random,1063,40,square
83,10,Random,1146,30,square
83,100,Random,1658,50,square
83,10,Random,854,70,square
83,10,Random,608,80,square
83,100,Random,988,80,square
83,100,Random,753,20,square
83,100,Random,909,30,square
83,100,Random,567,90,square
83,10,Random,986,50,square
83,10,Random,879,10,square
83,100,Random,821,60,square
83,100,Random,822,10,square
83,100,Random,1645,90,house
83,10,Random,990,20,house
83,100,Random,1455,50,house
83,100,Random,582,80,house
83,100,Random,1135,40,house
83,10,Random,957,30,house
83,100,Random,759,60,house
83,10,Random,790,90,house
83,10,Random,718,40,house
83,10,Random,900,10,house
83,100,Random,1315,20,house
83,100,Random,1213,10,house
83,100,Random,681,30,house
83,10,Random,906,60,house
83,10,Random,588,70,house
83,10,Random,864,100,house
83,10,Random,763,80,house
83,100,Random,846,70,house
83,10,Random,1353,50,house
84,10,NA,11049,0,naturalFrequency
84,100,NA,3985,10,naturalFrequency
84,10,NA,2584,10,naturalFrequency
84,100,NA,2417,60,naturalFrequency
84,10,NA,2320,90,naturalFrequency
84,10,NA,3017,60,naturalFrequency
84,100,NA,3401,50,naturalFrequency
84,10,NA,1488,20,naturalFrequency
84,100,NA,1800,30,naturalFrequency
84,10,NA,1719,40,naturalFrequency
84,10,NA,1624,50,naturalFrequency
84,10,NA,1952,70,naturalFrequency
84,10,NA,1264,80,naturalFrequency
84,10,NA,1248,30,naturalFrequency
84,100,NA,1607,20,naturalFrequency
84,100,NA,2424,70,naturalFrequency
84,100,NA,1304,90,naturalFrequency
84,100,NA,1391,80,naturalFrequency
84,100,NA,2056,40,naturalFrequency
84,10,Ordered,5096,70,square
84,100,Ordered,1512,30,square
84,10,Ordered,1951,40,square
84,10,Ordered,1848,20,square
84,100,Ordered,1416,20,square
84,100,Ordered,1711,40,square
84,100,Ordered,1088,70,square
84,10,Ordered,1800,30,square
84,100,Ordered,1200,80,square
84,100,Ordered,1112,100,square
84,100,Ordered,1311,50,square
84,10,Ordered,1432,50,square
84,100,Ordered,1144,10,square
84,10,Ordered,1193,10,square
84,10,Ordered,1040,80,square
84,10,Ordered,905,90,square
84,100,Ordered,1216,90,square
84,10,Ordered,1665,60,square
84,100,Ordered,1208,60,square
84,10,Ordered,2575,80,house
84,10,Ordered,1344,0,house
84,10,Ordered,1183,50,house
84,10,Ordered,1144,40,house
84,100,Ordered,1406,20,house
84,100,Ordered,20754,90,house
84,100,Ordered,1021,10,house
84,100,Ordered,1486,30,house
84,100,Ordered,1030,50,house
84,100,Ordered,958,80,house
84,10,Ordered,1312,20,house
84,100,Ordered,1390,60,house
84,10,Ordered,1247,90,house
84,10,Ordered,1152,60,house
84,100,Ordered,1151,70,house
84,10,Ordered,1264,70,house
84,100,Ordered,1262,40,house
84,10,Ordered,1216,30,house
84,10,Ordered,896,10,house
84,10,Random,5496,20,square
84,10,Random,1994,40,square
84,10,Random,1423,90,square
84,10,Random,1128,10,square
84,10,Random,1144,70,square
84,100,Random,1559,40,square
84,100,Random,896,70,square
84,100,Random,1496,50,square
84,10,Random,1296,80,square
84,10,Random,1217,60,square
84,100,Random,1183,10,square
84,100,Random,968,80,square
84,100,Random,864,90,square
84,10,Random,1216,30,square
84,100,Random,1072,60,square
84,100,Random,1080,30,square
84,10,Random,1080,100,square
84,10,Random,1119,50,square
84,100,Random,1112,20,square
84,100,Random,2142,50,house
84,10,Random,1223,90,house
84,100,Random,1294,20,house
84,10,Random,1040,10,house
84,100,Random,1094,60,house
84,10,Random,1703,50,house
84,100,Random,1054,90,house
84,100,Random,1126,40,house
84,10,Random,1272,20,house
84,10,Random,1031,80,house
84,10,Random,1016,30,house
84,10,Random,1080,0,house
84,100,Random,1278,30,house
84,10,Random,1105,70,house
84,100,Random,1150,80,house
84,100,Random,974,10,house
84,10,Random,1432,40,house
84,100,Random,1078,70,house
84,10,Random,1120,60,house
85,10,NA,4813,20,naturalFrequency
85,10,NA,2695,90,naturalFrequency
85,10,NA,2751,50,naturalFrequency
85,100,NA,4926,20,naturalFrequency
85,100,NA,2318,90,naturalFrequency
85,10,NA,3319,10,naturalFrequency
85,100,NA,1911,70,naturalFrequency
85,10,NA,1839,80,naturalFrequency
85,100,NA,3668,10,naturalFrequency
85,100,NA,2367,60,naturalFrequency
85,10,NA,3167,40,naturalFrequency
85,100,NA,3597,40,naturalFrequency
85,100,NA,2166,80,naturalFrequency
85,100,NA,2288,30,naturalFrequency
85,10,NA,2166,70,naturalFrequency
85,10,NA,1426,60,naturalFrequency
85,10,NA,4222,30,naturalFrequency
85,100,NA,1552,50,naturalFrequency
85,10,NA,3104,0,naturalFrequency
85,10,Ordered,6858,20,square
85,10,Ordered,2996,100,square
85,10,Ordered,1502,30,square
85,100,Ordered,2765,10,square
85,100,Ordered,3308,20,square
85,10,Ordered,1526,80,square
85,10,Ordered,1742,60,square
85,10,Ordered,1494,90,square
85,100,Ordered,2373,70,square
85,100,Ordered,32428,60,square
85,100,Ordered,3428,50,square
85,10,Ordered,1710,70,square
85,100,Ordered,2227,30,square
85,10,Ordered,2645,10,square
85,100,Ordered,1909,90,square
85,10,Ordered,2102,40,square
85,10,Ordered,1950,50,square
85,100,Ordered,2393,80,square
85,100,Ordered,3747,40,square
85,100,Ordered,2861,20,house
85,10,Ordered,2163,10,house
85,100,Ordered,1470,80,house
85,100,Ordered,2357,40,house
85,10,Ordered,2001,50,house
85,100,Ordered,1703,90,house
85,10,Ordered,3687,40,house
85,100,Ordered,1530,60,house
85,10,Ordered,1915,70,house
85,10,Ordered,1346,90,house
85,100,Ordered,1818,50,house
85,10,Ordered,1985,80,house
85,10,Ordered,4630,60,house
85,10,Ordered,1712,30,house
85,100,Ordered,2248,30,house
85,10,Ordered,2551,20,house
85,100,Ordered,2028,70,house
85,100,Ordered,1933,0,house
85,100,Ordered,1686,10,house
85,10,Random,4324,80,square
85,10,Random,1406,70,square
85,10,Random,3375,30,square
85,10,Random,2478,20,square
85,100,Random,2026,70,square
85,100,Random,3708,30,square
85,100,Random,1678,90,square
85,100,Random,1423,60,square
85,100,Random,1896,50,square
85,100,Random,1022,80,square
85,10,Random,1917,50,square
85,10,Random,1799,10,square
85,100,Random,2834,40,square
85,10,Random,1623,90,square
85,100,Random,1925,20,square
85,10,Random,1550,60,square
85,10,Random,3781,40,square
85,100,Random,2421,10,square
85,100,Random,2107,100,square
85,100,Random,3078,100,house
85,10,Random,2211,10,house
85,10,Random,1681,70,house
85,100,Random,1672,80,house
85,10,Random,1970,90,house
85,100,Random,1956,10,house
85,100,Random,1655,40,house
85,10,Random,2762,60,house
85,100,Random,1984,30,house
85,10,Random,3194,40,house
85,100,Random,1793,60,house
85,100,Random,3139,70,house
85,10,Random,1332,80,house
85,100,Random,1676,90,house
85,100,Random,2356,20,house
85,10,Random,4279,50,house
85,10,Random,1362,30,house
85,100,Random,1935,50,house
85,10,Random,2180,20,house
86,100,NA,30867,90,naturalFrequency
86,10,NA,8949,70,naturalFrequency
86,100,NA,22366,20,naturalFrequency
86,100,NA,5700,100,naturalFrequency
86,10,NA,5083,50,naturalFrequency
86,100,NA,6017,70,naturalFrequency
86,10,NA,10683,30,naturalFrequency
86,100,NA,7667,30,naturalFrequency
86,10,NA,7433,40,naturalFrequency
86,10,NA,6033,80,naturalFrequency
86,10,NA,6400,20,naturalFrequency
86,10,NA,3333,10,naturalFrequency
86,100,NA,6065,50,naturalFrequency
86,100,NA,5499,80,naturalFrequency
86,10,NA,3267,60,naturalFrequency
86,100,NA,3449,60,naturalFrequency
86,100,NA,3583,40,naturalFrequency
86,100,NA,4666,10,naturalFrequency
86,10,NA,3750,90,naturalFrequency
86,100,Ordered,27316,70,square
86,10,Ordered,8632,70,square
86,100,Ordered,6149,20,square
86,10,Ordered,10550,60,square
86,100,Ordered,4416,60,square
86,100,Ordered,5399,10,square
86,10,Ordered,10583,90,square
86,10,Ordered,8899,40,square
86,100,Ordered,6950,40,square
86,100,Ordered,6816,90,square
86,10,Ordered,8016,100,square
86,100,Ordered,4749,50,square
86,10,Ordered,2316,10,square
86,100,Ordered,3450,30,square
86,10,Ordered,5501,30,square
86,10,Ordered,2685,80,square
86,10,Ordered,3966,20,square
86,100,Ordered,6166,80,square
86,10,Ordered,2217,50,square
86,10,Ordered,11165,40,house
86,100,Ordered,3030,70,house
86,10,Ordered,2466,90,house
86,10,Ordered,5048,80,house
86,100,Ordered,4645,20,house
86,100,Ordered,2063,50,house
86,10,Ordered,3117,10,house
86,100,Ordered,3498,80,house
86,10,Ordered,2849,20,house
86,10,Ordered,2416,60,house
86,100,Ordered,4180,10,house
86,100,Ordered,4813,60,house
86,100,Ordered,4447,30,house
86,100,Ordered,3815,40,house
86,10,Ordered,3282,50,house
86,100,Ordered,6129,90,house
86,10,Ordered,3666,70,house
86,10,Ordered,3265,100,house
86,10,Ordered,3082,30,house
86,10,Random,5847,20,square
86,10,Random,3700,80,square
86,100,Random,7432,80,square
86,100,Random,4233,90,square
86,100,Random,1565,50,square
86,10,Random,4150,90,square
86,100,Random,14233,40,square
86,100,Random,7066,10,square
86,10,Random,3583,10,square
86,10,Random,3217,70,square
86,100,Random,4133,30,square
86,10,Random,1750,40,square
86,100,Random,2533,0,square
86,100,Random,3765,20,square
86,100,Random,4281,70,square
86,100,Random,2799,60,square
86,10,Random,2666,50,square
86,10,Random,2467,60,square
86,10,Random,2296,30,square
86,100,Random,6144,70,house
86,10,Random,3382,100,house
86,10,Random,2315,10,house
86,100,Random,16363,40,house
86,10,Random,2082,30,house
86,100,Random,4313,30,house
86,10,Random,4266,50,house
86,10,Random,2799,80,house
86,100,Random,5445,60,house
86,100,Random,6095,50,house
86,100,Random,4096,10,house
86,10,Random,3882,40,house
86,10,Random,2916,90,house
86,10,Random,5665,60,house
86,10,Random,2366,20,house
86,10,Random,11749,70,house
86,100,Random,2378,80,house
86,100,Random,2379,90,house
86,100,Random,1795,20,house
87,100,NA,9438,40,naturalFrequency
87,100,NA,4726,80,naturalFrequency
87,100,NA,3032,60,naturalFrequency
87,10,NA,9497,40,naturalFrequency
87,100,NA,2333,10,naturalFrequency
87,100,NA,2326,30,naturalFrequency
87,10,NA,2263,80,naturalFrequency
87,100,NA,2393,50,naturalFrequency
87,100,NA,3968,20,naturalFrequency
87,10,NA,26947,20,naturalFrequency
87,100,NA,1619,90,naturalFrequency
87,10,NA,2307,90,naturalFrequency
87,10,NA,4755,30,naturalFrequency
87,100,NA,2204,70,naturalFrequency
87,100,NA,2637,100,naturalFrequency
87,10,NA,2300,10,naturalFrequency
87,10,NA,29908,50,naturalFrequency
87,10,NA,2135,70,naturalFrequency
87,10,NA,1937,60,naturalFrequency
87,10,Ordered,5282,80,square
87,10,Ordered,2435,40,square
87,100,Ordered,3374,70,square
87,100,Ordered,3753,90,square
87,10,Ordered,2284,90,square
87,10,Ordered,2318,10,square
87,10,Ordered,2457,50,square
87,100,Ordered,3497,60,square
87,10,Ordered,163624,30,square
87,10,Ordered,1800,70,square
87,100,Ordered,2089,20,square
87,100,Ordered,1704,30,square
87,10,Ordered,3858,60,square
87,10,Ordered,2446,0,square
87,100,Ordered,1444,40,square
87,100,Ordered,1268,80,square
87,100,Ordered,1287,50,square
87,100,Ordered,1177,10,square
87,10,Ordered,1468,20,square
87,10,Ordered,3452,40,house
87,10,Ordered,1362,0,house
87,10,Ordered,1197,90,house
87,100,Ordered,1523,10,house
87,100,Ordered,1290,20,house
87,10,Ordered,1368,70,house
87,10,Ordered,52104,10,house
87,100,Ordered,1809,30,house
87,10,Ordered,1682,80,house
87,10,Ordered,1459,50,house
87,100,Ordered,2503,50,house
87,10,Ordered,1306,60,house
87,100,Ordered,1178,40,house
87,10,Ordered,1249,20,house
87,10,Ordered,1306,30,house
87,100,Ordered,1321,70,house
87,100,Ordered,1056,60,house
87,100,Ordered,1168,90,house
87,100,Ordered,1189,80,house
87,100,Random,23807,40,square
87,10,Random,1256,90,square
87,100,Random,1170,70,square
87,100,Random,1116,10,square
87,100,Random,1115,90,square
87,10,Random,1260,80,square
87,10,Random,1166,60,square
87,10,Random,1029,40,square
87,10,Random,1048,50,square
87,10,Random,1413,30,square
87,100,Random,1164,20,square
87,10,Random,1140,100,square
87,100,Random,32463,50,square
87,10,Random,1580,70,square
87,100,Random,1115,30,square
87,10,Random,1336,10,square
87,100,Random,1063,60,square
87,10,Random,1179,20,square
87,100,Random,1105,80,square
87,10,Random,2569,10,house
87,100,Random,2165,80,house
87,10,Random,1598,20,house
87,10,Random,1567,30,house
87,100,Random,1421,30,house
87,100,Random,1143,10,house
87,10,Random,1240,70,house
87,100,Random,1193,50,house
87,10,Random,1335,90,house
87,100,Random,1282,40,house
87,10,Random,1369,40,house
87,100,Random,1419,60,house
87,100,Random,38745,0,house
87,100,Random,1110,20,house
87,100,Random,902,70,house
87,10,Random,1449,80,house
87,10,Random,1336,60,house
87,10,Random,1175,50,house
87,100,Random,1327,90,house
89,10,NA,48078,70,naturalFrequency
89,10,NA,21739,10,naturalFrequency
89,10,NA,28323,60,naturalFrequency
89,100,NA,5292,50,naturalFrequency
89,100,NA,7944,40,naturalFrequency
89,10,NA,6780,80,naturalFrequency
89,10,NA,3788,90,naturalFrequency
89,10,NA,6759,20,naturalFrequency
89,10,NA,2900,40,naturalFrequency
89,100,NA,3415,90,naturalFrequency
89,100,NA,2785,10,naturalFrequency
89,100,NA,2908,70,naturalFrequency
89,100,NA,4195,100,naturalFrequency
89,100,NA,4840,30,naturalFrequency
89,100,NA,6988,60,naturalFrequency
89,100,NA,2636,80,naturalFrequency
89,10,NA,1972,30,naturalFrequency
89,100,NA,3840,20,naturalFrequency
89,10,NA,6492,50,naturalFrequency
89,100,Ordered,11931,50,square
89,10,Ordered,17855,80,square
89,100,Ordered,3479,90,square
89,10,Ordered,3619,70,square
89,10,Ordered,2236,20,square
89,10,Ordered,3619,90,square
89,100,Ordered,4504,80,square
89,100,Ordered,4820,30,square
89,100,Ordered,2496,40,square
89,10,Ordered,5544,30,square
89,100,Ordered,2372,0,square
89,100,Ordered,5364,60,square
89,10,Ordered,3564,10,square
89,100,Ordered,6759,70,square
89,100,Ordered,1639,20,square
89,100,Ordered,1315,10,square
89,10,Ordered,3863,50,square
89,10,Ordered,8479,60,square
89,10,Ordered,1820,40,square
89,100,Ordered,9770,50,house
89,10,Ordered,4931,90,house
89,100,Ordered,3049,80,house
89,10,Ordered,3188,40,house
89,10,Ordered,5063,50,house
89,10,Ordered,1943,10,house
89,100,Ordered,1900,30,house
89,100,Ordered,3960,60,house
89,100,Ordered,1552,10,house
89,100,Ordered,1560,20,house
89,100,Ordered,1080,40,house
89,10,Ordered,1363,20,house
89,10,Ordered,823,30,house
89,10,Ordered,3979,60,house
89,100,Ordered,2704,70,house
89,10,Ordered,1735,70,house
89,100,Ordered,1741,90,house
89,10,Ordered,1496,80,house
89,100,Ordered,3209,100,house
89,100,Random,7990,20,square
89,10,Random,5448,10,square
89,10,Random,1140,0,square
89,100,Random,1600,40,square
89,10,Random,1592,60,square
89,100,Random,1956,10,square
89,100,Random,1804,90,square
89,100,Random,3332,60,square
89,10,Random,1916,30,square
89,100,Random,3892,80,square
89,10,Random,3844,40,square
89,10,Random,1779,70,square
89,10,Random,8808,50,square
89,100,Random,7607,30,square
89,100,Random,2027,50,square
89,10,Random,2130,90,square
89,10,Random,2284,80,square
89,100,Random,3132,70,square
89,10,Random,1404,20,square
89,10,Random,7067,60,house
89,100,Random,2532,20,house
89,10,Random,6455,40,house
89,10,Random,1739,80,house
89,100,Random,3564,70,house
89,10,Random,7195,20,house
89,10,Random,3103,30,house
89,10,Random,2335,50,house
89,10,Random,1367,10,house
89,100,Random,3953,50,house
89,100,Random,1501,90,house
89,100,Random,8181,30,house
89,100,Random,1304,10,house
89,100,Random,1529,80,house
89,100,Random,2293,60,house
89,100,Random,1777,100,house
89,10,Random,6136,70,house
89,10,Random,2003,90,house
89,100,Random,1436,40,house
90,100,NA,6219,80,naturalFrequency
90,100,NA,2943,10,naturalFrequency
90,100,NA,3441,40,naturalFrequency
90,10,NA,3482,40,naturalFrequency
90,10,NA,1296,60,naturalFrequency
90,10,NA,1337,10,naturalFrequency
90,100,NA,1433,70,naturalFrequency
90,100,NA,2260,100,naturalFrequency
90,10,NA,2275,70,naturalFrequency
90,100,NA,2487,50,naturalFrequency
90,10,NA,2592,20,naturalFrequency
90,100,NA,2308,90,naturalFrequency
90,100,NA,1093,30,naturalFrequency
90,10,NA,1536,90,naturalFrequency
90,100,NA,2093,60,naturalFrequency
90,10,NA,2300,50,naturalFrequency
90,10,NA,1526,80,naturalFrequency
90,100,NA,1066,20,naturalFrequency
90,10,NA,962,30,naturalFrequency
90,10,Ordered,4194,10,square
90,10,Ordered,1201,20,square
90,100,Ordered,1741,10,square
90,100,Ordered,1521,70,square
90,100,Ordered,1649,50,square
90,100,Ordered,1544,20,square
90,10,Ordered,1794,50,square
90,100,Ordered,1467,80,square
90,10,Ordered,3433,80,square
90,100,Ordered,1479,30,square
90,100,Ordered,1201,60,square
90,100,Ordered,1541,40,square
90,10,Ordered,1640,60,square
90,10,Ordered,1288,30,square
90,10,Ordered,1260,40,square
90,10,Ordered,1101,70,square
90,100,Ordered,1655,100,square
90,100,Ordered,1158,90,square
90,10,Ordered,1376,90,square
90,10,Ordered,1560,20,house
90,100,Ordered,1504,40,house
90,10,Ordered,1879,90,house
90,10,Ordered,1021,80,house
90,100,Ordered,1318,80,house
90,10,Ordered,2624,50,house
90,100,Ordered,1849,70,house
90,10,Ordered,1732,70,house
90,100,Ordered,1576,30,house
90,100,Ordered,1097,20,house
90,10,Ordered,2105,60,house
90,10,Ordered,1104,40,house
90,10,Ordered,1953,10,house
90,10,Ordered,943,100,house
90,10,Ordered,1116,30,house
90,100,Ordered,1576,50,house
90,100,Ordered,1172,90,house
90,100,Ordered,1565,60,house
90,100,Ordered,1100,10,house
90,10,Random,3248,50,square
90,100,Random,1141,100,square
90,100,Random,2312,30,square
90,100,Random,1063,90,square
90,10,Random,1387,20,square
90,10,Random,1007,70,square
90,100,Random,1476,20,square
90,10,Random,1313,80,square
90,100,Random,1377,50,square
90,10,Random,1784,40,square
90,10,Random,1056,90,square
90,100,Random,1571,40,square
90,10,Random,1435,30,square
90,100,Random,1416,80,square
90,100,Random,1400,60,square
90,100,Random,1053,10,square
90,10,Random,1723,10,square
90,10,Random,1343,60,square
90,100,Random,1266,70,square
90,10,Random,2573,50,house
90,100,Random,2985,40,house
90,100,Random,1885,10,house
90,10,Random,1236,90,house
90,100,Random,1405,20,house
90,10,Random,1406,30,house
90,100,Random,2793,50,house
90,100,Random,956,90,house
90,10,Random,1636,60,house
90,100,Random,1292,30,house
90,10,Random,2828,40,house
90,10,Random,1141,70,house
90,100,Random,1197,60,house
90,10,Random,1128,20,house
90,100,Random,1730,0,house
90,10,Random,1266,80,house
90,100,Random,1135,80,house
90,10,Random,1165,10,house
90,100,Random,1422,70,house
91,100,NA,15218,10,naturalFrequency
91,100,NA,8603,70,naturalFrequency
91,10,NA,6816,30,naturalFrequency
91,10,NA,6146,40,naturalFrequency
91,10,NA,3394,70,naturalFrequency
91,10,NA,6299,0,naturalFrequency
91,10,NA,4584,60,naturalFrequency
91,10,NA,3580,50,naturalFrequency
91,10,NA,6034,10,naturalFrequency
91,100,NA,5444,50,naturalFrequency
91,10,NA,4076,80,naturalFrequency
91,100,NA,9752,60,naturalFrequency
91,100,NA,15991,20,naturalFrequency
91,10,NA,5677,90,naturalFrequency
91,100,NA,4198,80,naturalFrequency
91,100,NA,6085,90,naturalFrequency
91,100,NA,3943,30,naturalFrequency
91,100,NA,3966,40,naturalFrequency
91,10,NA,4436,20,naturalFrequency
91,100,Ordered,23108,30,square
91,10,Ordered,10067,60,square
91,10,Ordered,8832,20,square
91,100,Ordered,4435,100,square
91,100,Ordered,5053,50,square
91,10,Ordered,4569,50,square
91,10,Ordered,3441,30,square
91,100,Ordered,5843,80,square
91,100,Ordered,5140,60,square
91,100,Ordered,4820,40,square
91,100,Ordered,2564,90,square
91,10,Ordered,6458,90,square
91,10,Ordered,6319,40,square
91,10,Ordered,3943,70,square
91,100,Ordered,5991,10,square
91,10,Ordered,12414,10,square
91,100,Ordered,8521,20,square
91,100,Ordered,2574,70,square
91,10,Ordered,3696,80,square
91,10,Ordered,22097,0,house
91,100,Ordered,18419,30,house
91,100,Ordered,5989,50,house
91,10,Ordered,3540,30,house
91,10,Ordered,4602,10,house
91,10,Ordered,2108,70,house
91,100,Ordered,3774,40,house
91,100,Ordered,4149,90,house
91,100,Ordered,2724,20,house
91,10,Ordered,3445,80,house
91,100,Ordered,5695,60,house
91,10,Ordered,4473,40,house
91,10,Ordered,3091,20,house
91,10,Ordered,5091,60,house
91,10,Ordered,4587,50,house
91,10,Ordered,3184,90,house
91,100,Ordered,4060,10,house
91,100,Ordered,3610,70,house
91,100,Ordered,2839,80,house
91,10,Random,7136,40,square
91,100,Random,8424,90,square
91,10,Random,4360,60,square
91,10,Random,3854,50,square
91,100,Random,9410,20,square
91,100,Random,6399,40,square
91,100,Random,17816,50,square
91,100,Random,5754,0,square
91,10,Random,5704,80,square
91,10,Random,8428,70,square
91,100,Random,3358,10,square
91,10,Random,4122,20,square
91,100,Random,5665,60,square
91,10,Random,3230,30,square
91,100,Random,7640,30,square
91,10,Random,4488,90,square
91,100,Random,6119,70,square
91,10,Random,11400,10,square
91,100,Random,4225,80,square
91,100,Random,6975,20,house
91,10,Random,3247,20,house
91,100,Random,3278,70,house
91,10,Random,2840,80,house
91,100,Random,4240,10,house
91,100,Random,3201,80,house
91,100,Random,4797,50,house
91,100,Random,5022,90,house
91,10,Random,3428,90,house
91,10,Random,5186,50,house
91,100,Random,4872,60,house
91,100,Random,4630,40,house
91,10,Random,4333,30,house
91,10,Random,4907,70,house
91,100,Random,7012,30,house
91,10,Random,3393,100,house
91,10,Random,2897,40,house
91,10,Random,3449,10,house
91,10,Random,3697,60,house
92,100,NA,16147,20,naturalFrequency
92,10,NA,14096,50,naturalFrequency
92,100,NA,6929,10,naturalFrequency
92,100,NA,6448,90,naturalFrequency
92,10,NA,5100,10,naturalFrequency
92,100,NA,3880,60,naturalFrequency
92,100,NA,7792,30,naturalFrequency
92,10,NA,4119,60,naturalFrequency
92,10,NA,3326,20,naturalFrequency
92,100,NA,2761,50,naturalFrequency
92,100,NA,1336,40,naturalFrequency
92,10,NA,6527,80,naturalFrequency
92,10,NA,8440,30,naturalFrequency
92,10,NA,3864,100,naturalFrequency
92,100,NA,6216,80,naturalFrequency
92,10,NA,4448,40,naturalFrequency
92,10,NA,4880,90,naturalFrequency
92,100,NA,1568,70,naturalFrequency
92,10,NA,1924,70,naturalFrequency
92,10,Ordered,8951,40,square
92,100,Ordered,2080,40,square
92,10,Ordered,6092,0,square
92,10,Ordered,1292,20,square
92,10,Ordered,1135,30,square
92,100,Ordered,6687,50,square
92,100,Ordered,1727,60,square
92,10,Ordered,1400,70,square
92,10,Ordered,1256,60,square
92,10,Ordered,1303,80,square
92,100,Ordered,1355,70,square
92,100,Ordered,1328,80,square
92,100,Ordered,1296,10,square
92,10,Ordered,1360,90,square
92,100,Ordered,3103,90,square
92,100,Ordered,1567,20,square
92,10,Ordered,1507,10,square
92,10,Ordered,2311,50,square
92,100,Ordered,1327,30,square
92,100,Ordered,9063,20,house
92,100,Ordered,2069,60,house
92,10,Ordered,1512,100,house
92,10,Ordered,911,90,house
92,100,Ordered,4195,40,house
92,10,Ordered,1231,20,house
92,100,Ordered,1381,70,house
92,10,Ordered,1975,50,house
92,10,Ordered,1135,80,house
92,10,Ordered,878,70,house
92,10,Ordered,1103,10,house
92,100,Ordered,3196,90,house
92,10,Ordered,2264,30,house
92,100,Ordered,1126,80,house
92,100,Ordered,4244,50,house
92,10,Ordered,1935,40,house
92,100,Ordered,2917,10,house
92,100,Ordered,2192,30,house
92,10,Ordered,2152,60,house
92,100,Random,6643,90,square
92,10,Random,1136,80,square
92,10,Random,1284,10,square
92,10,Random,804,70,square
92,10,Random,804,60,square
92,100,Random,3175,80,square
92,10,Random,3308,90,square
92,100,Random,3195,70,square
92,10,Random,1807,100,square
92,100,Random,1300,60,square
92,10,Random,6132,30,square
92,10,Random,1020,40,square
92,100,Random,1163,50,square
92,100,Random,1055,40,square
92,10,Random,1932,20,square
92,100,Random,896,20,square
92,100,Random,1779,10,square
92,100,Random,1683,30,square
92,10,Random,8328,50,square
92,100,Random,8010,20,house
92,10,Random,3039,50,house
92,100,Random,1821,90,house
92,100,Random,2114,30,house
92,100,Random,1344,70,house
92,10,Random,2255,30,house
92,100,Random,1608,80,house
92,100,Random,1075,50,house
92,100,Random,1271,10,house
92,100,Random,1251,60,house
92,100,Random,4185,0,house
92,10,Random,2928,60,house
92,10,Random,2176,10,house
92,10,Random,1031,20,house
92,10,Random,1368,80,house
92,10,Random,991,90,house
92,10,Random,1287,40,house
92,100,Random,1644,40,house
92,10,Random,1847,70,house
93,10,NA,4291,80,naturalFrequency
93,10,NA,1828,40,naturalFrequency
93,10,NA,1959,90,naturalFrequency
93,100,NA,1849,10,naturalFrequency
93,10,NA,1832,60,naturalFrequency
93,10,NA,1460,10,naturalFrequency
93,100,NA,2554,20,naturalFrequency
93,10,NA,1775,20,naturalFrequency
93,10,NA,1876,30,naturalFrequency
93,100,NA,2366,60,naturalFrequency
93,100,NA,1990,50,naturalFrequency
93,10,NA,1323,50,naturalFrequency
93,100,NA,1367,30,naturalFrequency
93,100,NA,1323,70,naturalFrequency
93,100,NA,970,90,naturalFrequency
93,100,NA,1479,40,naturalFrequency
93,100,NA,1975,0,naturalFrequency
93,100,NA,1146,80,naturalFrequency
93,10,NA,1162,70,naturalFrequency
93,10,Ordered,4816,50,square
93,10,Ordered,1524,90,square
93,100,Ordered,1724,60,square
93,100,Ordered,1073,70,square
93,10,Ordered,1916,30,square
93,100,Ordered,1450,50,square
93,100,Ordered,1290,20,square
93,10,Ordered,1502,60,square
93,10,Ordered,987,80,square
93,10,Ordered,1147,70,square
93,10,Ordered,1034,10,square
93,10,Ordered,925,0,square
93,10,Ordered,857,20,square
93,100,Ordered,1149,80,square
93,100,Ordered,1224,10,square
93,10,Ordered,1328,40,square
93,100,Ordered,1362,40,square
93,100,Ordered,967,90,square
93,100,Ordered,1078,30,square
93,100,Ordered,2838,30,house
93,10,Ordered,4129,20,house
93,100,Ordered,1364,40,house
93,100,Ordered,2292,80,house
93,10,Ordered,2498,50,house
93,100,Ordered,1189,70,house
93,100,Ordered,2265,50,house
93,10,Ordered,1794,30,house
93,100,Ordered,1355,10,house
93,10,Ordered,1217,80,house
93,10,Ordered,1063,10,house
93,10,Ordered,1493,70,house
93,100,Ordered,1247,90,house
93,100,Ordered,1284,60,house
93,10,Ordered,1375,90,house
93,10,Ordered,1332,40,house
93,100,Ordered,1152,20,house
93,10,Ordered,1329,0,house
93,10,Ordered,999,60,house
93,100,Random,45061,60,square
93,100,Random,986,80,square
93,10,Random,1306,40,square
93,100,Random,999,100,square
93,100,Random,1784,50,square
93,100,Random,1391,30,square
93,10,Random,1301,30,square
93,100,Random,1140,90,square
93,10,Random,992,90,square
93,10,Random,1082,80,square
93,100,Random,1811,40,square
93,10,Random,1232,20,square
93,10,Random,1824,60,square
93,10,Random,1183,50,square
93,100,Random,1101,10,square
93,10,Random,1141,70,square
93,100,Random,1024,70,square
93,100,Random,955,20,square
93,10,Random,1274,10,square
93,10,Random,2040,10,house
93,100,Random,1366,20,house
93,100,Random,1830,50,house
93,10,Random,3241,50,house
93,10,Random,1092,90,house
93,10,Random,1295,40,house
93,100,Random,1540,70,house
93,100,Random,973,0,house
93,10,Random,1158,80,house
93,100,Random,1374,90,house
93,10,Random,1158,30,house
93,100,Random,1672,30,house
93,100,Random,1153,60,house
93,10,Random,1301,20,house
93,10,Random,844,70,house
93,10,Random,1342,60,house
93,100,Random,1876,40,house
93,100,Random,1380,80,house
93,100,Random,924,10,house
94,10,NA,4655,20,naturalFrequency
94,10,NA,1573,50,naturalFrequency
94,100,NA,1766,50,naturalFrequency
94,10,NA,1296,80,naturalFrequency
94,100,NA,2157,40,naturalFrequency
94,10,NA,1254,30,naturalFrequency
94,10,NA,3410,10,naturalFrequency
94,10,NA,967,60,naturalFrequency
94,100,NA,1796,30,naturalFrequency
94,10,NA,941,90,naturalFrequency
94,10,NA,1060,70,naturalFrequency
94,100,NA,1350,20,naturalFrequency
94,100,NA,1051,80,naturalFrequency
94,100,NA,1076,90,naturalFrequency
94,100,NA,1275,0,naturalFrequency
94,100,NA,1173,60,naturalFrequency
94,10,NA,1564,40,naturalFrequency
94,100,NA,1146,10,naturalFrequency
94,100,NA,1035,70,naturalFrequency
94,100,Ordered,5469,70,square
94,10,Ordered,2686,40,square
94,10,Ordered,2951,20,square
94,100,Ordered,1527,50,square
94,100,Ordered,1185,40,square
94,10,Ordered,1472,70,square
94,10,Ordered,1072,50,square
94,100,Ordered,1679,0,square
94,10,Ordered,2318,30,square
94,10,Ordered,1381,90,square
94,10,Ordered,1291,10,square
94,100,Ordered,2445,30,square
94,100,Ordered,1053,60,square
94,10,Ordered,1206,80,square
94,100,Ordered,1976,10,square
94,100,Ordered,1034,80,square
94,100,Ordered,866,90,square
94,10,Ordered,2102,60,square
94,100,Ordered,4623,20,square
94,10,Ordered,3659,90,house
94,100,Ordered,1506,0,house
94,10,Ordered,1171,70,house
94,100,Ordered,1538,50,house
94,100,Ordered,771,80,house
94,10,Ordered,1633,50,house
94,10,Ordered,1124,10,house
94,100,Ordered,1268,40,house
94,100,Ordered,1073,30,house
94,100,Ordered,1076,70,house
94,10,Ordered,1281,20,house
94,10,Ordered,907,30,house
94,100,Ordered,2412,20,house
94,100,Ordered,1244,60,house
94,10,Ordered,1375,60,house
94,100,Ordered,5515,10,house
94,100,Ordered,754,90,house
94,10,Ordered,1278,80,house
94,10,Ordered,836,40,house
94,10,Random,2460,0,square
94,10,Random,2409,20,square
94,100,Random,4330,10,square
94,100,Random,1077,40,square
94,10,Random,1433,50,square
94,10,Random,1221,60,square
94,10,Random,1072,70,square
94,100,Random,1274,90,square
94,10,Random,2133,40,square
94,100,Random,2258,70,square
94,100,Random,1542,50,square
94,10,Random,2106,10,square
94,10,Random,933,30,square
94,100,Random,1497,20,square
94,10,Random,1093,90,square
94,100,Random,1222,60,square
94,100,Random,1727,30,square
94,100,Random,970,80,square
94,10,Random,1137,80,square
94,10,Random,1560,80,house
94,100,Random,1290,40,house
94,100,Random,1062,70,house
94,10,Random,1599,20,house
94,100,Random,2199,10,house
94,10,Random,2660,10,house
94,10,Random,877,60,house
94,100,Random,1735,20,house
94,10,Random,2140,70,house
94,100,Random,1069,50,house
94,10,Random,1167,50,house
94,100,Random,1067,30,house
94,10,Random,972,90,house
94,100,Random,1184,60,house
94,10,Random,1185,0,house
94,100,Random,906,80,house
94,10,Random,1015,30,house
94,100,Random,943,90,house
94,10,Random,1000,40,house
95,100,NA,6355,20,naturalFrequency
95,100,NA,1904,80,naturalFrequency
95,10,NA,1636,80,naturalFrequency
95,10,NA,1188,50,naturalFrequency
95,100,NA,1025,50,naturalFrequency
95,10,NA,1152,90,naturalFrequency
95,100,NA,1565,70,naturalFrequency
95,100,NA,839,60,naturalFrequency
95,10,NA,1788,10,naturalFrequency
95,100,NA,1595,90,naturalFrequency
95,10,NA,2221,0,naturalFrequency
95,100,NA,2128,10,naturalFrequency
95,10,NA,1570,30,naturalFrequency
95,100,NA,1318,40,naturalFrequency
95,10,NA,1086,70,naturalFrequency
95,10,NA,1658,20,naturalFrequency
95,10,NA,1031,60,naturalFrequency
95,10,NA,1126,40,naturalFrequency
95,100,NA,1066,30,naturalFrequency
95,100,Ordered,3112,50,square
95,100,Ordered,1482,70,square
95,100,Ordered,1579,40,square
95,100,Ordered,833,60,square
95,10,Ordered,1582,60,square
95,10,Ordered,1350,40,square
95,10,Ordered,1001,10,square
95,10,Ordered,988,20,square
95,100,Ordered,1324,30,square
95,10,Ordered,1472,30,square
95,10,Ordered,819,90,square
95,100,Ordered,933,100,square
95,100,Ordered,1217,10,square
95,100,Ordered,808,80,square
95,100,Ordered,996,20,square
95,100,Ordered,702,90,square
95,10,Ordered,1220,50,square
95,10,Ordered,1134,80,square
95,10,Ordered,955,70,square
95,100,Ordered,171276,20,house
95,100,Ordered,706,60,house
95,10,Ordered,971,60,house
95,100,Ordered,1060,40,house
95,10,Ordered,801,90,house
95,100,Ordered,999,30,house
95,100,Ordered,900,50,house
95,10,Ordered,992,20,house
95,100,Ordered,1068,10,house
95,100,Ordered,929,70,house
95,100,Ordered,62320,90,house
95,10,Ordered,2691,10,house
95,10,Ordered,831,0,house
95,10,Ordered,1186,40,house
95,100,Ordered,1038,80,house
95,10,Ordered,809,30,house
95,10,Ordered,680,70,house
95,10,Ordered,647,50,house
95,10,Ordered,601,80,house
95,100,Random,1896,90,square
95,10,Random,794,60,square
95,10,Random,580,70,square
95,10,Random,571,90,square
95,10,Random,2507,40,square
95,100,Random,1202,20,square
95,10,Random,879,10,square
95,100,Random,824,10,square
95,10,Random,847,50,square
95,100,Random,840,80,square
95,10,Random,677,80,square
95,10,Random,615,100,square
95,100,Random,940,30,square
95,10,Random,693,20,square
95,10,Random,1649,30,square
95,100,Random,1940,40,square
95,100,Random,663,60,square
95,100,Random,601,50,square
95,100,Random,638,70,square
95,10,Random,1857,60,house
95,10,Random,592,90,house
95,100,Random,1223,10,house
95,10,Random,1219,30,house
95,100,Random,851,80,house
95,100,Random,681,70,house
95,100,Random,843,20,house
95,100,Random,689,60,house
95,10,Random,54719,20,house
95,100,Random,1553,90,house
95,100,Random,738,50,house
95,100,Random,892,0,house
95,10,Random,1557,10,house
95,10,Random,649,40,house
95,10,Random,105631,80,house
95,100,Random,837,40,house
95,100,Random,525,30,house
95,10,Random,777,70,house
95,10,Random,826,50,house
96,10,NA,7039,90,naturalFrequency
96,10,NA,1640,30,naturalFrequency
96,100,NA,4568,60,naturalFrequency
96,100,NA,3048,50,naturalFrequency
96,100,NA,1240,40,naturalFrequency
96,10,NA,1336,40,naturalFrequency
96,100,NA,936,10,naturalFrequency
96,100,NA,968,70,naturalFrequency
96,100,NA,2048,0,naturalFrequency
96,10,NA,1376,60,naturalFrequency
96,10,NA,896,70,naturalFrequency
96,10,NA,1520,50,naturalFrequency
96,100,NA,952,80,naturalFrequency
96,10,NA,992,10,naturalFrequency
96,10,NA,680,20,naturalFrequency
96,100,NA,848,90,naturalFrequency
96,100,NA,1288,20,naturalFrequency
96,10,NA,848,80,naturalFrequency
96,100,NA,1104,30,naturalFrequency
96,100,Ordered,7678,80,square
96,10,Ordered,1664,10,square
96,100,Ordered,1272,90,square
96,100,Ordered,1472,20,square
96,10,Ordered,864,80,square
96,10,Ordered,640,90,square
96,100,Ordered,1352,50,square
96,10,Ordered,3240,40,square
96,100,Ordered,1136,10,square
96,10,Ordered,936,20,square
96,10,Ordered,768,70,square
96,10,Ordered,1432,30,square
96,100,Ordered,1224,60,square
96,100,Ordered,984,40,square
96,100,Ordered,831,30,square
96,10,Ordered,1415,50,square
96,100,Ordered,967,0,square
96,10,Ordered,1279,60,square
96,100,Ordered,1703,70,square
96,100,Ordered,2542,80,house
96,100,Ordered,1155,70,house
96,10,Ordered,1463,50,house
96,10,Ordered,959,60,house
96,100,Ordered,1963,20,house
96,10,Ordered,1735,70,house
96,100,Ordered,939,30,house
96,10,Ordered,1071,100,house
96,10,Ordered,999,80,house
96,100,Ordered,1211,40,house
96,100,Ordered,1171,50,house
96,10,Ordered,1263,90,house
96,10,Ordered,1087,30,house
96,10,Ordered,743,10,house
96,100,Ordered,1403,60,house
96,100,Ordered,971,10,house
96,100,Ordered,883,90,house
96,10,Ordered,1063,20,house
96,10,Ordered,855,40,house
96,10,Random,4654,10,square
96,10,Random,816,90,square
96,100,Random,5127,30,square
96,10,Random,928,70,square
96,100,Random,960,60,square
96,10,Random,2400,40,square
96,100,Random,760,100,square
96,10,Random,1024,60,square
96,100,Random,1304,50,square
96,100,Random,880,70,square
96,10,Random,2368,50,square
96,10,Random,720,80,square
96,100,Random,1072,40,square
96,100,Random,744,20,square
96,10,Random,1016,20,square
96,100,Random,832,80,square
96,100,Random,624,90,square
96,100,Random,784,10,square
96,10,Random,1128,30,square
96,10,Random,2381,40,house
96,10,Random,1519,50,house
96,100,Random,995,10,house
96,10,Random,831,90,house
96,10,Random,767,70,house
96,10,Random,695,10,house
96,10,Random,655,60,house
96,10,Random,583,100,house
96,100,Random,1643,40,house
96,100,Random,907,30,house
96,10,Random,751,80,house
96,10,Random,808,30,house
96,100,Random,931,90,house
96,100,Random,867,70,house
96,10,Random,935,20,house
96,100,Random,788,80,house
96,100,Random,907,50,house
96,100,Random,716,60,house
96,100,Random,1131,20,house
97,10,NA,4875,40,naturalFrequency
97,10,NA,1844,20,naturalFrequency
97,10,NA,1376,90,naturalFrequency
97,100,NA,1757,10,naturalFrequency
97,10,NA,1312,70,naturalFrequency
97,10,NA,1992,50,naturalFrequency
97,100,NA,1589,20,naturalFrequency
97,10,NA,1634,80,naturalFrequency
97,10,NA,4102,60,naturalFrequency
97,100,NA,1436,30,naturalFrequency
97,100,NA,1998,70,naturalFrequency
97,100,NA,1250,90,naturalFrequency
97,100,NA,1144,80,naturalFrequency
97,100,NA,1372,60,naturalFrequency
97,10,NA,1245,10,naturalFrequency
97,10,NA,1470,30,naturalFrequency
97,10,NA,1598,100,naturalFrequency
97,100,NA,1278,40,naturalFrequency
97,100,NA,3036,50,naturalFrequency
97,10,Ordered,5205,40,square
97,10,Ordered,1368,100,square
97,100,Ordered,1612,90,square
97,100,Ordered,1082,20,square
97,10,Ordered,1531,20,square
97,100,Ordered,1568,40,square
97,100,Ordered,2239,70,square
97,10,Ordered,1993,60,square
97,10,Ordered,1074,30,square
97,100,Ordered,1362,60,square
97,100,Ordered,1524,50,square
97,100,Ordered,1455,10,square
97,10,Ordered,1440,80,square
97,10,Ordered,1493,50,square
97,100,Ordered,1245,30,square
97,10,Ordered,1461,10,square
97,100,Ordered,1462,80,square
97,10,Ordered,1381,90,square
97,10,Ordered,1296,70,square
97,100,Ordered,4657,20,house
97,10,Ordered,1413,10,house
97,100,Ordered,1321,100,house
97,100,Ordered,1192,40,house
97,100,Ordered,1150,10,house
97,10,Ordered,2727,40,house
97,100,Ordered,1366,50,house
97,100,Ordered,1492,70,house
97,100,Ordered,1048,60,house
97,10,Ordered,1495,30,house
97,10,Ordered,1269,50,house
97,10,Ordered,1693,70,house
97,10,Ordered,3639,20,house
97,100,Ordered,1365,90,house
97,10,Ordered,1831,90,house
97,10,Ordered,1009,80,house
97,100,Ordered,1238,30,house
97,100,Ordered,1078,80,house
97,10,Ordered,1571,60,house
97,10,Random,1305,50,square
97,100,Random,1147,50,square
97,10,Random,1340,10,square
97,10,Random,890,80,square
97,10,Random,1336,40,square
97,100,Random,1234,60,square
97,100,Random,969,30,square
97,100,Random,1177,70,square
97,10,Random,1420,90,square
97,100,Random,1230,90,square
97,10,Random,1562,60,square
97,10,Random,1256,0,square
97,10,Random,1572,20,square
97,10,Random,942,70,square
97,100,Random,1294,10,square
97,100,Random,3196,80,square
97,10,Random,1154,30,square
97,100,Random,1258,20,square
97,100,Random,1350,40,square
97,10,Random,2185,70,house
97,100,Random,1216,70,house
97,10,Random,1220,60,house
97,100,Random,1378,60,house
97,100,Random,1558,30,house
97,100,Random,1638,50,house
97,100,Random,1132,90,house
97,100,Random,1113,80,house
97,100,Random,878,40,house
97,100,Random,822,100,house
97,10,Random,1862,80,house
97,10,Random,1716,20,house
97,10,Random,898,10,house
97,100,Random,1578,20,house
97,10,Random,1356,40,house
97,10,Random,1019,90,house
97,100,Random,1410,10,house
97,10,Random,1562,50,house
97,10,Random,950,30,house
98,10,NA,6307,50,naturalFrequency
98,10,NA,1448,40,naturalFrequency
98,10,NA,1552,10,naturalFrequency
98,100,NA,2183,10,naturalFrequency
98,10,NA,2476,0,naturalFrequency
98,10,NA,1559,30,naturalFrequency
98,10,NA,1777,80,naturalFrequency
98,100,NA,1703,20,naturalFrequency
98,100,NA,1117,50,naturalFrequency
98,100,NA,1530,30,naturalFrequency
98,10,NA,1312,20,naturalFrequency
98,100,NA,2774,40,naturalFrequency
98,100,NA,1095,70,naturalFrequency
98,100,NA,1036,80,naturalFrequency
98,10,NA,1328,70,naturalFrequency
98,10,NA,981,60,naturalFrequency
98,100,NA,1139,90,naturalFrequency
98,10,NA,1208,90,naturalFrequency
98,100,NA,1740,60,naturalFrequency
98,100,Ordered,71288,60,square
98,100,Ordered,1185,20,square
98,10,Ordered,1755,20,square
98,10,Ordered,855,50,square
98,10,Ordered,1088,40,square
98,10,Ordered,945,90,square
98,100,Ordered,2625,40,square
98,10,Ordered,1149,10,square
98,100,Ordered,998,90,square
98,10,Ordered,930,70,square
98,100,Ordered,1328,30,square
98,100,Ordered,959,50,square
98,10,Ordered,1305,30,square
98,100,Ordered,1283,10,square
98,10,Ordered,1335,60,square
98,10,Ordered,667,80,square
98,100,Ordered,1072,80,square
98,100,Ordered,780,70,square
98,100,Ordered,893,100,square
98,100,Ordered,2556,60,house
98,100,Ordered,1296,0,house
98,100,Ordered,838,80,house
98,100,Ordered,883,10,house
98,10,Ordered,1080,80,house
98,10,Ordered,840,20,house
98,10,Ordered,922,90,house
98,10,Ordered,1170,50,house
98,10,Ordered,1154,40,house
98,10,Ordered,1935,70,house
98,100,Ordered,1004,70,house
98,100,Ordered,1019,40,house
98,100,Ordered,1544,50,house
98,100,Ordered,1312,20,house
98,10,Ordered,1792,30,house
98,100,Ordered,1356,90,house
98,10,Ordered,1072,10,house
98,10,Ordered,1485,60,house
98,100,Ordered,1139,30,house
98,10,Random,3261,60,square
98,10,Random,1499,40,square
98,100,Random,1043,40,square
98,100,Random,1440,30,square
98,10,Random,1749,20,square
98,100,Random,1088,60,square
98,10,Random,1094,80,square
98,10,Random,1298,30,square
98,100,Random,1094,50,square
98,10,Random,3015,70,square
98,100,Random,1229,20,square
98,10,Random,1703,90,square
98,100,Random,1065,10,square
98,100,Random,1477,90,square
98,100,Random,1050,70,square
98,10,Random,1365,10,square
98,100,Random,1342,80,square
98,100,Random,900,100,square
98,10,Random,1057,50,square
98,100,Random,2473,30,house
98,10,Random,1898,20,house
98,100,Random,1191,50,house
98,10,Random,1066,80,house
98,10,Random,1147,70,house
98,100,Random,1071,20,house
98,100,Random,950,60,house
98,10,Random,1230,30,house
98,100,Random,937,90,house
98,10,Random,1170,90,house
98,10,Random,2581,50,house
98,10,Random,1881,10,house
98,10,Random,1147,60,house
98,10,Random,1041,40,house
98,100,Random,959,80,house
98,100,Random,1123,10,house
98,100,Random,1183,40,house
98,100,Random,1520,0,house
98,100,Random,861,70,house
99,10,NA,5719,80,naturalFrequency
99,100,NA,3313,80,naturalFrequency
99,10,NA,3559,50,naturalFrequency
99,100,NA,3207,30,naturalFrequency
99,100,NA,1553,90,naturalFrequency
99,10,NA,1689,20,naturalFrequency
99,100,NA,1576,50,naturalFrequency
99,10,NA,1647,40,naturalFrequency
99,10,NA,2319,70,naturalFrequency
99,100,NA,2648,40,naturalFrequency
99,10,NA,1625,90,naturalFrequency
99,100,NA,1177,70,naturalFrequency
99,10,NA,1353,60,naturalFrequency
99,10,NA,2231,10,naturalFrequency
99,100,NA,2152,20,naturalFrequency
99,100,NA,1377,10,naturalFrequency
99,100,NA,1320,60,naturalFrequency
99,10,NA,1560,30,naturalFrequency
99,100,NA,1591,0,naturalFrequency
99,10,Ordered,4924,40,square
99,10,Ordered,1176,70,square
99,10,Ordered,1304,60,square
99,100,Ordered,1728,60,square
99,10,Ordered,1592,90,square
99,100,Ordered,1272,70,square
99,10,Ordered,1271,80,square
99,10,Ordered,1255,30,square
99,100,Ordered,1551,10,square
99,10,Ordered,1433,20,square
99,100,Ordered,1400,20,square
99,10,Ordered,1263,10,square
99,100,Ordered,1599,50,square
99,10,Ordered,1599,50,square
99,100,Ordered,1215,90,square
99,100,Ordered,1416,30,square
99,100,Ordered,2000,40,square
99,100,Ordered,1287,80,square
99,100,Ordered,1415,0,square
99,10,Ordered,3150,90,house
99,100,Ordered,1966,30,house
99,10,Ordered,1472,60,house
99,10,Ordered,1351,10,house
99,10,Ordered,1216,80,house
99,100,Ordered,1181,90,house
99,100,Ordered,1350,50,house
99,100,Ordered,1222,80,house
99,100,Ordered,1677,40,house
99,10,Ordered,1487,30,house
99,100,Ordered,4013,70,house
99,10,Ordered,1455,0,house
99,10,Ordered,1001,20,house
99,100,Ordered,1246,20,house
99,10,Ordered,1503,50,house
99,10,Ordered,1223,40,house
99,100,Ordered,1343,60,house
99,100,Ordered,1421,10,house
99,10,Ordered,1407,70,house
99,10,Random,2295,30,square
99,10,Random,1223,70,square
99,10,Random,1023,60,square
99,100,Random,1589,10,square
99,10,Random,1127,100,square
99,100,Random,1247,70,square
99,10,Random,1063,90,square
99,100,Random,1440,40,square
99,10,Random,1296,20,square
99,100,Random,1160,50,square
99,10,Random,1264,50,square
99,100,Random,1199,90,square
99,10,Random,1615,10,square
99,100,Random,1592,20,square
99,10,Random,1272,40,square
99,100,Random,1143,80,square
99,100,Random,927,60,square
99,10,Random,1320,80,square
99,100,Random,1382,30,square
99,100,Random,2174,40,house
99,100,Random,1230,60,house
99,10,Random,1519,40,house
99,10,Random,1135,90,house
99,10,Random,999,80,house
99,100,Random,1286,70,house
99,100,Random,1950,20,house
99,100,Random,1093,80,house
99,100,Random,1295,10,house
99,10,Random,1489,50,house
99,100,Random,1364,90,house
99,10,Random,1431,10,house
99,10,Random,1951,60,house
99,10,Random,2023,30,house
99,100,Random,1270,0,house
99,100,Random,1013,30,house
99,10,Random,1816,70,house
99,10,Random,1223,20,house
99,100,Random,1878,50,house
100,10,NA,6994,80,naturalFrequency
100,10,NA,2796,60,naturalFrequency
100,100,NA,3981,100,naturalFrequency
100,10,NA,1985,40,naturalFrequency
100,100,NA,4206,50,naturalFrequency
100,100,NA,2097,80,naturalFrequency
100,100,NA,1345,20,naturalFrequency
100,10,NA,2678,70,naturalFrequency
100,100,NA,2782,30,naturalFrequency
100,100,NA,1496,70,naturalFrequency
100,10,NA,1325,20,naturalFrequency
100,100,NA,2039,40,naturalFrequency
100,10,NA,1402,50,naturalFrequency
100,10,NA,1430,90,naturalFrequency
100,10,NA,1192,10,naturalFrequency
100,100,NA,1619,10,naturalFrequency
100,100,NA,1471,60,naturalFrequency
100,100,NA,1346,90,naturalFrequency
100,10,NA,1134,30,naturalFrequency
100,10,Ordered,5415,20,square
100,100,Ordered,3308,70,square
100,10,Ordered,1746,80,square
100,100,Ordered,1668,100,square
100,10,Ordered,2018,60,square
100,10,Ordered,1571,50,square
100,100,Ordered,1844,30,square
100,100,Ordered,1563,60,square
100,100,Ordered,1456,90,square
100,100,Ordered,1205,20,square
100,10,Ordered,1563,40,square
100,10,Ordered,1065,10,square
100,10,Ordered,1240,90,square
100,100,Ordered,1752,10,square
100,10,Ordered,1345,70,square
100,100,Ordered,1646,50,square
100,10,Ordered,1886,30,square
100,100,Ordered,1135,80,square
100,100,Ordered,1085,40,square
100,10,Ordered,4330,30,house
100,10,Ordered,1252,50,house
100,10,Ordered,1232,10,house
100,100,Ordered,1368,90,house
100,100,Ordered,1341,60,house
100,10,Ordered,1828,90,house
100,100,Ordered,1500,10,house
100,100,Ordered,1271,80,house
100,100,Ordered,1179,30,house
100,10,Ordered,1373,40,house
100,10,Ordered,1295,70,house
100,100,Ordered,1673,40,house
100,100,Ordered,1705,50,house
100,10,Ordered,1534,80,house
100,100,Ordered,1363,70,house
100,10,Ordered,1317,0,house
100,100,Ordered,1179,20,house
100,10,Ordered,1100,20,house
100,10,Ordered,1337,60,house
100,10,Random,3869,40,square
100,10,Random,2321,70,square
100,10,Random,1675,80,square
100,10,Random,1340,20,square
100,10,Random,1367,60,square
100,10,Random,1226,30,square
100,100,Random,1995,10,square
100,100,Random,1240,50,square
100,10,Random,1492,0,square
100,100,Random,2803,80,square
100,100,Random,1077,20,square
100,10,Random,3602,10,square
100,100,Random,3168,70,square
100,10,Random,1823,50,square
100,100,Random,1317,90,square
100,100,Random,1506,30,square
100,10,Random,1599,90,square
100,100,Random,1399,60,square
100,100,Random,1246,40,square
100,100,Random,2510,10,house
100,10,Random,2263,50,house
100,10,Random,1471,30,house
100,100,Random,3470,90,house
100,10,Random,1456,60,house
100,10,Random,1395,70,house
100,100,Random,1944,40,house
100,10,Random,1681,90,house
100,10,Random,1415,10,house
100,100,Random,1390,80,house
100,100,Random,1382,70,house
100,10,Random,1429,20,house
100,100,Random,1550,50,house
100,100,Random,1271,20,house
100,10,Random,1550,80,house
100,100,Random,1368,100,house
100,10,Random,1347,40,house
100,100,Random,1523,60,house
100,100,Random,1314,30,house
101,10,NA,5040,60,naturalFrequency
101,100,NA,2167,80,naturalFrequency
101,10,NA,1747,0,naturalFrequency
101,100,NA,4218,60,naturalFrequency
101,100,NA,1418,40,naturalFrequency
101,10,NA,3925,40,naturalFrequency
101,100,NA,1566,50,naturalFrequency
101,10,NA,2190,90,naturalFrequency
101,100,NA,1067,90,naturalFrequency
101,100,NA,1222,70,naturalFrequency
101,10,NA,1666,10,naturalFrequency
101,100,NA,1258,20,naturalFrequency
101,100,NA,983,30,naturalFrequency
101,10,NA,2103,50,naturalFrequency
101,10,NA,1371,80,naturalFrequency
101,10,NA,1239,70,naturalFrequency
101,10,NA,1680,20,naturalFrequency
101,10,NA,1234,30,naturalFrequency
101,100,NA,2200,10,naturalFrequency
101,10,Ordered,4358,10,square
101,10,Ordered,1192,30,square
101,100,Ordered,1350,90,square
101,100,Ordered,956,80,square
101,100,Ordered,1110,10,square
101,100,Ordered,1362,30,square
101,100,Ordered,938,70,square
101,100,Ordered,2392,40,square
101,100,Ordered,1852,60,square
101,10,Ordered,1717,60,square
101,10,Ordered,1501,40,square
101,10,Ordered,1963,20,square
101,10,Ordered,2351,50,square
101,10,Ordered,1487,100,square
101,10,Ordered,965,70,square
101,10,Ordered,740,90,square
101,100,Ordered,2119,50,square
101,10,Ordered,1679,80,square
101,100,Ordered,944,20,square
101,100,Ordered,2690,0,house
101,100,Ordered,5013,80,house
101,10,Ordered,2995,30,house
101,10,Ordered,3798,60,house
101,100,Ordered,3512,30,house
101,10,Ordered,3120,20,house
101,10,Ordered,1317,10,house
101,10,Ordered,1301,40,house
101,100,Ordered,842,10,house
101,100,Ordered,894,70,house
101,10,Ordered,1040,80,house
101,10,Ordered,600,90,house
101,10,Ordered,696,70,house
101,100,Ordered,879,90,house
101,100,Ordered,1061,20,house
101,100,Ordered,669,40,house
101,100,Ordered,843,60,house
101,100,Ordered,676,50,house
101,10,Ordered,1068,50,house
101,100,Random,1975,80,square
101,10,Random,2270,50,square
101,100,Random,1241,50,square
101,10,Random,1274,30,square
101,100,Random,3220,30,square
101,100,Random,792,40,square
101,100,Random,785,70,square
101,10,Random,2271,40,square
101,100,Random,1131,10,square
101,100,Random,1536,60,square
101,10,Random,1231,80,square
101,10,Random,1475,60,square
101,10,Random,1324,0,square
101,100,Random,1025,90,square
101,10,Random,1989,20,square
101,10,Random,1329,10,square
101,100,Random,1780,20,square
101,10,Random,1146,70,square
101,10,Random,1276,90,square
101,100,Random,3143,30,house
101,10,Random,1392,80,house
101,10,Random,1392,20,house
101,100,Random,1503,20,house
101,100,Random,808,100,house
101,100,Random,1012,80,house
101,100,Random,1013,40,house
101,100,Random,1272,90,house
101,10,Random,2268,40,house
101,100,Random,976,70,house
101,100,Random,1459,50,house
101,10,Random,1364,30,house
101,10,Random,1569,50,house
101,10,Random,1608,10,house
101,100,Random,1426,60,house
101,10,Random,1563,60,house
101,10,Random,908,70,house
101,100,Random,1221,10,house
101,10,Random,1593,90,house
102,10,NA,6817,20,naturalFrequency
102,100,NA,5864,50,naturalFrequency
102,10,NA,2912,40,naturalFrequency
102,100,NA,4727,20,naturalFrequency
102,100,NA,1672,40,naturalFrequency
102,10,NA,1600,30,naturalFrequency
102,100,NA,1431,30,naturalFrequency
102,10,NA,2760,50,naturalFrequency
102,10,NA,1575,90,naturalFrequency
102,100,NA,1592,80,naturalFrequency
102,10,NA,1472,80,naturalFrequency
102,100,NA,2152,60,naturalFrequency
102,100,NA,1304,70,naturalFrequency
102,100,NA,1183,90,naturalFrequency
102,100,NA,1658,0,naturalFrequency
102,100,NA,1544,10,naturalFrequency
102,10,NA,1784,70,naturalFrequency
102,10,NA,1392,10,naturalFrequency
102,10,NA,1384,60,naturalFrequency
102,100,Ordered,5118,60,square
102,10,Ordered,2952,50,square
102,100,Ordered,7986,40,square
102,10,Ordered,1551,70,square
102,100,Ordered,1597,90,square
102,100,Ordered,829,100,square
102,10,Ordered,1695,30,square
102,100,Ordered,2398,80,square
102,10,Ordered,2391,10,square
102,10,Ordered,1200,20,square
102,10,Ordered,1024,80,square
102,100,Ordered,1486,70,square
102,100,Ordered,1454,50,square
102,10,Ordered,1520,60,square
102,10,Ordered,1216,40,square
102,100,Ordered,1790,30,square
102,10,Ordered,1544,90,square
102,100,Ordered,1502,20,square
102,100,Ordered,1334,10,square
102,10,Ordered,4022,90,house
102,100,Ordered,2152,80,house
102,100,Ordered,1543,70,house
102,100,Ordered,1344,50,house
102,10,Ordered,2343,60,house
102,10,Ordered,2543,40,house
102,100,Ordered,1937,10,house
102,10,Ordered,1567,10,house
102,100,Ordered,2063,60,house
102,10,Ordered,1759,70,house
102,100,Ordered,1712,40,house
102,10,Ordered,2462,0,house
102,100,Ordered,1584,20,house
102,100,Ordered,1088,30,house
102,10,Ordered,1231,20,house
102,10,Ordered,1015,80,house
102,10,Ordered,1456,30,house
102,100,Ordered,1489,90,house
102,10,Ordered,1686,50,house
102,10,Random,4895,90,square
102,100,Random,4086,40,square
102,10,Random,1416,50,square
102,100,Random,1158,20,square
102,100,Random,2669,70,square
102,10,Random,2504,80,square
102,10,Random,2391,10,square
102,100,Random,3059,60,square
102,10,Random,3656,70,square
102,10,Random,1400,100,square
102,100,Random,11479,90,square
102,10,Random,15584,30,square
102,10,Random,3176,20,square
102,100,Random,5510,80,square
102,100,Random,5239,10,square
102,10,Random,3704,40,square
102,100,Random,4846,50,square
102,100,Random,966,30,square
102,10,Random,8959,60,square
102,100,Random,3662,60,house
102,10,Random,1566,30,house
102,10,Random,2662,50,house
102,10,Random,2655,70,house
102,10,Random,1567,80,house
102,100,Random,2896,100,house
102,100,Random,1655,80,house
102,10,Random,1671,40,house
102,100,Random,1464,30,house
102,100,Random,2712,90,house
102,100,Random,1816,10,house
102,100,Random,4280,50,house
102,100,Random,2063,20,house
102,10,Random,1751,20,house
102,10,Random,1199,10,house
102,100,Random,1624,40,house
102,100,Random,1407,70,house
102,10,Random,2501,90,house
102,10,Random,10493,60,house
103,10,NA,13242,20,naturalFrequency
103,10,NA,4407,100,naturalFrequency
103,10,NA,1790,30,naturalFrequency
103,10,NA,2243,90,naturalFrequency
103,100,NA,872,40,naturalFrequency
103,10,NA,771,10,naturalFrequency
103,10,NA,8210,50,naturalFrequency
103,100,NA,2627,60,naturalFrequency
103,100,NA,1305,70,naturalFrequency
103,10,NA,5464,40,naturalFrequency
103,100,NA,2267,30,naturalFrequency
103,10,NA,2335,60,naturalFrequency
103,100,NA,837,50,naturalFrequency
103,100,NA,744,90,naturalFrequency
103,100,NA,609,80,naturalFrequency
103,100,NA,702,20,naturalFrequency
103,10,NA,681,80,naturalFrequency
103,10,NA,659,70,naturalFrequency
103,100,NA,843,10,naturalFrequency
103,100,Ordered,11468,10,square
103,10,Ordered,2901,70,square
103,100,Ordered,2891,40,square
103,100,Ordered,1429,70,square
103,100,Ordered,2765,20,square
103,10,Ordered,1425,20,square
103,100,Ordered,1122,80,square
103,10,Ordered,918,50,square
103,10,Ordered,5943,10,square
103,10,Ordered,1542,40,square
103,100,Ordered,1575,60,square
103,10,Ordered,4549,30,square
103,10,Ordered,2398,0,square
103,10,Ordered,2777,80,square
103,100,Ordered,2673,90,square
103,100,Ordered,2220,30,square
103,10,Ordered,1700,60,square
103,100,Ordered,4407,50,square
103,10,Ordered,1734,90,square
103,100,Ordered,5694,70,house
103,10,Ordered,1697,70,house
103,10,Ordered,1463,20,house
103,100,Ordered,1377,20,house
103,10,Ordered,1225,80,house
103,10,Ordered,2520,50,house
103,100,Ordered,2774,60,house
103,10,Ordered,1346,30,house
103,10,Ordered,1449,90,house
103,100,Ordered,4321,0,house
103,100,Ordered,1837,90,house
103,100,Ordered,1585,50,house
103,100,Ordered,28330,40,house
103,100,Ordered,1571,80,house
103,10,Ordered,1562,40,house
103,10,Ordered,2211,60,house
103,100,Ordered,1234,30,house
103,100,Ordered,2455,10,house
103,10,Ordered,1666,10,house
103,10,Random,6098,70,square
103,100,Random,5789,30,square
103,100,Random,1520,70,square
103,10,Random,6726,50,square
103,10,Random,4622,40,square
103,100,Random,1462,60,square
103,10,Random,3153,30,square
103,100,Random,7204,40,square
103,10,Random,2805,60,square
103,100,Random,2477,50,square
103,10,Random,2164,20,square
103,100,Random,1301,80,square
103,100,Random,1962,0,square
103,100,Random,1710,20,square
103,100,Random,1246,90,square
103,10,Random,1167,90,square
103,100,Random,9797,10,square
103,10,Random,1281,10,square
103,10,Random,1384,80,square
103,10,Random,7204,50,house
103,10,Random,2823,60,house
103,10,Random,1426,0,house
103,100,Random,1536,40,house
103,10,Random,1564,90,house
103,10,Random,1280,80,house
103,10,Random,2164,40,house
103,100,Random,1369,90,house
103,10,Random,1597,30,house
103,100,Random,1589,20,house
103,100,Random,1139,60,house
103,100,Random,3466,30,house
103,100,Random,1033,10,house
103,10,Random,2425,10,house
103,100,Random,1128,80,house
103,100,Random,5118,70,house
103,100,Random,1422,50,house
103,10,Random,1472,20,house
103,10,Random,1486,70,house
104,100,NA,6386,40,naturalFrequency
104,100,NA,4110,50,naturalFrequency
104,100,NA,4805,60,naturalFrequency
104,10,NA,3956,30,naturalFrequency
104,10,NA,2528,100,naturalFrequency
104,10,NA,2181,10,naturalFrequency
104,100,NA,1519,70,naturalFrequency
104,100,NA,2530,10,naturalFrequency
104,100,NA,1873,20,naturalFrequency
104,100,NA,1501,80,naturalFrequency
104,10,NA,2365,60,naturalFrequency
104,10,NA,2179,50,naturalFrequency
104,10,NA,1853,80,naturalFrequency
104,10,NA,1688,90,naturalFrequency
104,100,NA,2116,90,naturalFrequency
104,10,NA,3937,70,naturalFrequency
104,10,NA,2931,40,naturalFrequency
104,100,NA,2474,30,naturalFrequency
104,10,NA,9057,20,naturalFrequency
104,100,Ordered,3085,10,square
104,10,Ordered,2956,0,square
104,10,Ordered,7020,60,square
104,10,Ordered,3040,30,square
104,10,Ordered,18312,20,square
104,10,Ordered,2169,40,square
104,100,Ordered,40469,80,square
104,100,Ordered,11216,70,square
104,100,Ordered,1373,90,square
104,100,Ordered,1553,50,square
104,10,Ordered,1701,80,square
104,10,Ordered,1334,10,square
104,100,Ordered,1788,30,square
104,100,Ordered,1459,20,square
104,10,Ordered,1875,70,square
104,100,Ordered,1881,40,square
104,10,Ordered,1657,50,square
104,10,Ordered,1285,90,square
104,100,Ordered,2881,60,square
104,10,Ordered,3914,10,house
104,100,Ordered,2028,40,house
104,10,Ordered,1592,40,house
104,10,Ordered,1230,80,house
104,10,Ordered,1388,90,house
104,10,Ordered,1431,70,house
104,10,Ordered,1369,30,house
104,100,Ordered,3083,100,house
104,10,Ordered,5031,60,house
104,100,Ordered,3332,90,house
104,100,Ordered,1781,50,house
104,100,Ordered,1531,10,house
104,100,Ordered,1636,20,house
104,10,Ordered,2214,50,house
104,100,Ordered,2412,70,house
104,10,Ordered,1928,20,house
104,100,Ordered,2178,30,house
104,100,Ordered,2103,60,house
104,100,Ordered,1884,80,house
104,10,Random,3311,70,square
104,10,Random,5734,30,square
104,10,Random,5404,10,square
104,100,Random,2660,40,square
104,100,Random,2662,60,square
104,100,Random,1497,30,square
104,100,Random,1374,10,square
104,10,Random,1831,20,square
104,100,Random,1692,20,square
104,100,Random,2807,50,square
104,100,Random,1473,80,square
104,10,Random,1758,40,square
104,10,Random,1864,60,square
104,100,Random,1949,90,square
104,10,Random,1538,0,square
104,10,Random,4634,50,square
104,10,Random,1821,90,square
104,100,Random,2782,70,square
104,10,Random,1624,80,square
104,10,Random,2185,10,house
104,10,Random,1246,30,house
104,10,Random,1785,40,house
104,10,Random,1338,80,house
104,10,Random,1167,20,house
104,100,Random,3871,50,house
104,100,Random,1683,30,house
104,100,Random,1563,90,house
104,100,Random,1896,10,house
104,10,Random,4113,50,house
104,100,Random,2536,60,house
104,100,Random,1641,100,house
104,100,Random,1425,40,house
104,10,Random,3140,60,house
104,10,Random,1407,90,house
104,100,Random,2485,20,house
104,10,Random,9051,70,house
104,100,Random,3047,80,house
104,100,Random,5767,70,house
105,100,NA,18164,20,naturalFrequency
105,10,NA,8729,40,naturalFrequency
105,100,NA,14849,90,naturalFrequency
105,100,NA,3869,40,naturalFrequency
105,10,NA,2530,90,naturalFrequency
105,100,NA,3805,60,naturalFrequency
105,10,NA,2901,80,naturalFrequency
105,10,NA,1572,60,naturalFrequency
105,100,NA,2001,50,naturalFrequency
105,100,NA,1430,70,naturalFrequency
105,100,NA,1415,0,naturalFrequency
105,100,NA,1349,30,naturalFrequency
105,10,NA,1946,20,naturalFrequency
105,100,NA,3414,10,naturalFrequency
105,100,NA,2144,80,naturalFrequency
105,10,NA,2183,50,naturalFrequency
105,10,NA,1632,70,naturalFrequency
105,10,NA,1151,30,naturalFrequency
105,10,NA,1282,10,naturalFrequency
105,100,Ordered,15126,10,square
105,10,Ordered,4339,20,square
105,100,Ordered,3523,0,square
105,10,Ordered,1866,60,square
105,10,Ordered,1998,80,square
105,10,Ordered,1579,30,square
105,10,Ordered,1948,50,square
105,10,Ordered,1446,70,square
105,10,Ordered,2836,40,square
105,100,Ordered,2776,50,square
105,100,Ordered,1892,80,square
105,100,Ordered,1612,30,square
105,100,Ordered,1636,20,square
105,100,Ordered,2918,90,square
105,100,Ordered,1455,60,square
105,10,Ordered,2647,10,square
105,10,Ordered,1602,90,square
105,100,Ordered,1823,40,square
105,100,Ordered,1598,70,square
105,10,Ordered,7333,50,house
105,100,Ordered,2419,30,house
105,10,Ordered,1375,70,house
105,100,Ordered,3117,10,house
105,100,Ordered,1598,70,house
105,100,Ordered,1833,20,house
105,10,Ordered,2013,0,house
105,10,Ordered,2557,60,house
105,10,Ordered,2976,10,house
105,10,Ordered,2773,30,house
105,10,Ordered,1532,20,house
105,100,Ordered,2646,50,house
105,10,Ordered,1717,40,house
105,100,Ordered,2271,60,house
105,10,Ordered,2067,90,house
105,100,Ordered,1770,40,house
105,100,Ordered,1519,90,house
105,10,Ordered,1719,80,house
105,100,Ordered,1937,80,house
105,100,Random,2026,60,square
105,10,Random,2165,40,square
105,10,Random,2266,20,square
105,100,Random,2036,30,square
105,10,Random,1749,70,square
105,100,Random,2081,80,square
105,10,Random,1665,60,square
105,100,Random,2131,0,square
105,10,Random,2178,80,square
105,10,Random,1081,10,square
105,100,Random,1880,40,square
105,100,Random,1531,90,square
105,100,Random,1477,20,square
105,10,Random,2142,50,square
105,100,Random,1478,70,square
105,10,Random,1753,30,square
105,100,Random,2529,10,square
105,100,Random,1369,50,square
105,10,Random,1446,90,square
105,10,Random,1968,20,house
105,100,Random,1896,70,house
105,10,Random,2154,40,house
105,100,Random,1848,90,house
105,100,Random,1563,20,house
105,100,Random,1155,60,house
105,100,Random,1446,50,house
105,10,Random,2079,50,house
105,100,Random,1816,40,house
105,10,Random,1766,80,house
105,100,Random,1522,80,house
105,100,Random,1573,0,house
105,100,Random,1920,30,house
105,10,Random,1864,10,house
105,10,Random,2769,30,house
105,100,Random,2765,10,house
105,10,Random,2388,70,house
105,10,Random,1336,90,house
105,10,Random,1190,60,house
106,10,NA,13416,70,naturalFrequency
106,100,NA,6060,60,naturalFrequency
106,100,NA,2928,90,naturalFrequency
106,10,NA,5762,50,naturalFrequency
106,10,NA,2100,20,naturalFrequency
106,10,NA,2123,60,naturalFrequency
106,10,NA,2546,90,naturalFrequency
106,100,NA,2758,10,naturalFrequency
106,10,NA,1269,10,naturalFrequency
106,10,NA,3182,80,naturalFrequency
106,10,NA,3141,40,naturalFrequency
106,100,NA,1572,0,naturalFrequency
106,100,NA,1759,70,naturalFrequency
106,100,NA,5014,40,naturalFrequency
106,10,NA,1131,30,naturalFrequency
106,100,NA,2690,50,naturalFrequency
106,100,NA,1986,30,naturalFrequency
106,100,NA,1772,80,naturalFrequency
106,100,NA,2726,20,naturalFrequency
106,100,Ordered,7151,80,square
106,100,Ordered,1544,10,square
106,10,Ordered,3088,40,square
106,100,Ordered,1504,70,square
106,100,Ordered,1352,60,square
106,10,Ordered,1600,80,square
106,10,Ordered,1599,60,square
106,10,Ordered,1355,20,square
106,10,Ordered,1108,90,square
106,100,Ordered,1545,20,square
106,10,Ordered,3618,70,square
106,10,Ordered,2446,30,square
106,100,Ordered,1662,30,square
106,100,Ordered,13228,50,square
106,10,Ordered,2130,10,square
106,100,Ordered,3715,40,square
106,10,Ordered,2453,100,square
106,100,Ordered,1603,90,square
106,10,Ordered,1682,50,square
106,100,Ordered,21892,90,house
106,100,Ordered,1739,30,house
106,100,Ordered,3216,10,house
106,10,Ordered,2536,70,house
106,10,Ordered,2069,50,house
106,100,Ordered,1677,40,house
106,100,Ordered,1378,60,house
106,100,Ordered,906,80,house
106,100,Ordered,1370,20,house
106,10,Ordered,3091,20,house
106,100,Ordered,1989,50,house
106,10,Ordered,3441,40,house
106,100,Ordered,3580,70,house
106,10,Ordered,1904,60,house
106,10,Ordered,1282,90,house
106,10,Ordered,1119,10,house
106,10,Ordered,2961,30,house
106,10,Ordered,2694,0,house
106,10,Ordered,1508,80,house
106,10,Random,4408,100,square
106,10,Random,3279,70,square
106,100,Random,4438,20,square
106,100,Random,8455,10,square
106,10,Random,1515,80,square
106,100,Random,1994,70,square
106,100,Random,2629,30,square
106,100,Random,1521,60,square
106,10,Random,1452,20,square
106,10,Random,1164,90,square
106,10,Random,1153,10,square
106,100,Random,1748,40,square
106,10,Random,1529,30,square
106,100,Random,1526,90,square
106,100,Random,2561,50,square
106,10,Random,1824,40,square
106,10,Random,1046,60,square
106,100,Random,1640,80,square
106,10,Random,1467,50,square
106,10,Random,8023,90,house
106,10,Random,3512,10,house
106,100,Random,1859,40,house
106,10,Random,2020,60,house
106,10,Random,1300,50,house
106,10,Random,2312,80,house
106,10,Random,1529,30,house
106,10,Random,1393,40,house
106,100,Random,2009,50,house
106,10,Random,1409,70,house
106,100,Random,1413,80,house
106,10,Random,2170,20,house
106,100,Random,1323,90,house
106,100,Random,1505,30,house
106,100,Random,961,100,house
106,100,Random,1835,20,house
106,100,Random,1238,60,house
106,100,Random,1302,10,house
106,100,Random,1037,70,house
107,10,NA,7190,80,naturalFrequency
107,10,NA,2110,20,naturalFrequency
107,100,NA,2634,60,naturalFrequency
107,100,NA,2456,0,naturalFrequency
107,10,NA,4702,50,naturalFrequency
107,100,NA,2520,70,naturalFrequency
107,10,NA,1922,70,naturalFrequency
107,100,NA,23836,50,naturalFrequency
107,10,NA,1835,90,naturalFrequency
107,100,NA,2315,40,naturalFrequency
107,100,NA,2846,90,naturalFrequency
107,100,NA,1768,30,naturalFrequency
107,10,NA,1862,30,naturalFrequency
107,100,NA,1270,10,naturalFrequency
107,10,NA,1394,60,naturalFrequency
107,10,NA,1554,10,naturalFrequency
107,10,NA,1516,40,naturalFrequency
107,100,NA,1411,20,naturalFrequency
107,100,NA,1615,80,naturalFrequency
107,100,Ordered,8496,90,square
107,10,Ordered,3456,70,square
107,100,Ordered,2921,50,square
107,100,Ordered,1168,20,square
107,10,Ordered,5174,20,square
107,100,Ordered,4148,60,square
107,100,Ordered,1274,40,square
107,100,Ordered,5105,80,square
107,10,Ordered,2889,40,square
107,10,Ordered,1148,80,square
107,100,Ordered,1470,100,square
107,10,Ordered,2498,60,square
107,10,Ordered,978,30,square
107,100,Ordered,1129,70,square
107,100,Ordered,1128,10,square
107,100,Ordered,821,30,square
107,10,Ordered,1930,50,square
107,10,Ordered,1910,10,square
107,10,Ordered,1382,90,square
107,10,Ordered,4231,80,house
107,10,Ordered,1693,60,house
107,100,Ordered,1546,70,house
107,10,Ordered,1172,90,house
107,100,Ordered,1499,30,house
107,10,Ordered,1280,40,house
107,10,Ordered,889,20,house
107,10,Ordered,1447,50,house
107,100,Ordered,1359,10,house
107,100,Ordered,989,90,house
107,100,Ordered,874,50,house
107,100,Ordered,1224,0,house
107,100,Ordered,1285,80,house
107,10,Ordered,1507,30,house
107,100,Ordered,1130,20,house
107,100,Ordered,1157,40,house
107,100,Ordered,984,60,house
107,10,Ordered,1497,10,house
107,10,Ordered,1103,70,house
107,100,Random,6401,10,square
107,10,Random,1495,20,square
107,100,Random,1067,50,square
107,10,Random,1284,50,square
107,10,Random,1080,10,square
107,100,Random,1349,90,square
107,10,Random,1087,70,square
107,100,Random,1025,30,square
107,10,Random,1021,40,square
107,100,Random,1301,70,square
107,10,Random,2042,60,square
107,100,Random,1117,60,square
107,100,Random,1208,80,square
107,100,Random,860,40,square
107,100,Random,963,100,square
107,10,Random,953,90,square
107,10,Random,851,30,square
107,100,Random,1021,20,square
107,10,Random,1035,80,square
107,10,Random,1927,50,house
107,100,Random,1341,40,house
107,100,Random,932,60,house
107,10,Random,2079,40,house
107,10,Random,851,90,house
107,10,Random,1560,30,house
107,10,Random,1204,70,house
107,10,Random,955,20,house
107,100,Random,1882,70,house
107,100,Random,800,90,house
107,10,Random,1217,10,house
107,100,Random,2192,10,house
107,10,Random,1134,60,house
107,10,Random,771,100,house
107,100,Random,1344,50,house
107,100,Random,1280,30,house
107,100,Random,1028,20,house
107,10,Random,1094,80,house
107,100,Random,1121,80,house
108,100,NA,3300,60,naturalFrequency
108,100,NA,1724,70,naturalFrequency
108,10,NA,2522,60,naturalFrequency
108,100,NA,1539,40,naturalFrequency
108,10,NA,1260,90,naturalFrequency
108,10,NA,1067,40,naturalFrequency
108,10,NA,1095,20,naturalFrequency
108,100,NA,1066,50,naturalFrequency
108,100,NA,1326,90,naturalFrequency
108,10,NA,1251,80,naturalFrequency
108,100,NA,2058,10,naturalFrequency
108,10,NA,1465,10,naturalFrequency
108,10,NA,1419,50,naturalFrequency
108,100,NA,1521,20,naturalFrequency
108,10,NA,1381,70,naturalFrequency
108,10,NA,1325,0,naturalFrequency
108,100,NA,1193,80,naturalFrequency
108,10,NA,1298,30,naturalFrequency
108,100,NA,932,30,naturalFrequency
108,10,Ordered,4097,50,square
108,10,Ordered,1085,30,square
108,10,Ordered,1271,90,square
108,100,Ordered,2568,70,square
108,10,Ordered,1353,80,square
108,100,Ordered,1103,40,square
108,100,Ordered,954,80,square
108,10,Ordered,1224,0,square
108,10,Ordered,908,40,square
108,100,Ordered,1778,60,square
108,10,Ordered,1178,20,square
108,100,Ordered,966,30,square
108,100,Ordered,1215,50,square
108,100,Ordered,1372,90,square
108,10,Ordered,1363,70,square
108,100,Ordered,1124,20,square
108,10,Ordered,1150,60,square
108,10,Ordered,1086,10,square
108,100,Ordered,954,10,square
108,10,Ordered,3623,60,house
108,10,Ordered,1020,50,house
108,10,Ordered,816,90,house
108,10,Ordered,852,30,house
108,100,Ordered,1278,80,house
108,100,Ordered,897,0,house
108,100,Ordered,991,60,house
108,10,Ordered,1054,80,house
108,100,Ordered,934,90,house
108,100,Ordered,936,40,house
108,100,Ordered,1315,70,house
108,10,Ordered,1519,40,house
108,10,Ordered,871,70,house
108,100,Ordered,1345,20,house
108,10,Ordered,972,20,house
108,100,Ordered,1038,30,house
108,100,Ordered,963,10,house
108,10,Ordered,979,10,house
108,100,Ordered,1096,50,house
108,10,Random,1371,20,square
108,10,Random,1159,90,square
108,100,Random,1568,20,square
108,10,Random,1113,80,square
108,10,Random,1186,40,square
108,100,Random,6538,30,square
108,100,Random,1037,60,square
108,10,Random,974,30,square
108,100,Random,955,100,square
108,100,Random,1103,90,square
108,100,Random,890,70,square
108,100,Random,1067,40,square
108,100,Random,944,80,square
108,10,Random,1120,60,square
108,100,Random,1456,10,square
108,10,Random,1056,50,square
108,10,Random,872,10,square
108,100,Random,2142,50,square
108,10,Random,1743,70,square
108,10,Random,1603,80,house
108,10,Random,1280,50,house
108,100,Random,1046,10,house
108,100,Random,1259,40,house
108,100,Random,908,20,house
108,100,Random,1017,0,house
108,100,Random,972,30,house
108,100,Random,1482,60,house
108,10,Random,1057,90,house
108,100,Random,934,80,house
108,10,Random,1122,10,house
108,10,Random,908,30,house
108,10,Random,991,70,house
108,10,Random,1873,60,house
108,100,Random,1111,70,house
108,100,Random,1111,50,house
108,10,Random,1094,20,house
108,10,Random,834,40,house
108,100,Random,1064,90,house
109,10,NA,17178,80,naturalFrequency
109,100,NA,5301,60,naturalFrequency
109,100,NA,4491,20,naturalFrequency
109,100,NA,3944,40,naturalFrequency
109,100,NA,2970,90,naturalFrequency
109,100,NA,3419,80,naturalFrequency
109,10,NA,4244,50,naturalFrequency
109,100,NA,5652,50,naturalFrequency
109,100,NA,3997,10,naturalFrequency
109,10,NA,6540,40,naturalFrequency
109,100,NA,3553,0,naturalFrequency
109,10,NA,2841,70,naturalFrequency
109,100,NA,2745,70,naturalFrequency
109,100,NA,3097,30,naturalFrequency
109,10,NA,2422,90,naturalFrequency
109,10,NA,2595,30,naturalFrequency
109,10,NA,3329,20,naturalFrequency
109,10,NA,2302,10,naturalFrequency
109,10,NA,2429,60,naturalFrequency
109,100,Ordered,9213,90,square
109,10,Ordered,6179,30,square
109,100,Ordered,3299,60,square
109,10,Ordered,3119,50,square
109,10,Ordered,2610,90,square
109,10,Ordered,1944,20,square
109,10,Ordered,2107,70,square
109,10,Ordered,1935,10,square
109,100,Ordered,2526,40,square
109,10,Ordered,2257,80,square
109,100,Ordered,4483,50,square
109,100,Ordered,1740,70,square
109,10,Ordered,4499,60,square
109,100,Ordered,1770,80,square
109,10,Ordered,2189,40,square
109,100,Ordered,2174,0,square
109,100,Ordered,1882,20,square
109,100,Ordered,1815,10,square
109,100,Ordered,1858,30,square
109,100,Ordered,8640,30,house
109,100,Ordered,2288,20,house
109,10,Ordered,3125,40,house
109,10,Ordered,1738,50,house
109,10,Ordered,2293,80,house
109,100,Ordered,2273,10,house
109,10,Ordered,2174,100,house
109,100,Ordered,4456,80,house
109,10,Ordered,1852,10,house
109,100,Ordered,2118,40,house
109,10,Ordered,1911,20,house
109,10,Ordered,3329,60,house
109,10,Ordered,2443,30,house
109,100,Ordered,5208,50,house
109,100,Ordered,2012,60,house
109,100,Ordered,1973,70,house
109,10,Ordered,1815,90,house
109,10,Ordered,1963,70,house
109,100,Ordered,3055,90,house
109,10,Random,3701,40,square
109,100,Random,1775,80,square
109,10,Random,2106,50,square
109,100,Random,2370,50,square
109,10,Random,1703,60,square
109,100,Random,1620,10,square
109,10,Random,1650,20,square
109,100,Random,1364,90,square
109,100,Random,1402,40,square
109,10,Random,1515,90,square
109,10,Random,1455,80,square
109,10,Random,1575,0,square
109,10,Random,1514,30,square
109,10,Random,1528,10,square
109,100,Random,1996,20,square
109,10,Random,2031,70,square
109,100,Random,1649,60,square
109,100,Random,2661,30,square
109,100,Random,1738,70,square
109,10,Random,2917,20,house
109,10,Random,1139,30,house
109,10,Random,1200,80,house
109,10,Random,1393,0,house
109,10,Random,1446,60,house
109,10,Random,3201,50,house
109,10,Random,50,40,house
109,100,Random,2589,20,house
109,100,Random,2410,50,house
109,100,Random,1569,90,house
109,100,Random,1846,10,house
109,100,Random,2071,60,house
109,100,Random,3616,80,house
109,10,Random,2008,90,house
109,100,Random,2589,30,house
109,10,Random,2323,10,house
109,10,Random,1844,70,house
109,100,Random,2463,70,house
109,100,Random,2043,40,house
110,10,NA,6979,50,naturalFrequency
110,100,NA,2967,40,naturalFrequency
110,100,NA,2104,90,naturalFrequency
110,100,NA,1700,100,naturalFrequency
110,10,NA,1798,60,naturalFrequency
110,10,NA,2286,80,naturalFrequency
110,10,NA,1181,70,naturalFrequency
110,10,NA,1120,20,naturalFrequency
110,100,NA,2252,60,naturalFrequency
110,100,NA,1186,10,naturalFrequency
110,10,NA,2308,10,naturalFrequency
110,100,NA,1511,70,naturalFrequency
110,100,NA,1184,80,naturalFrequency
110,100,NA,1192,20,naturalFrequency
110,10,NA,1154,40,naturalFrequency
110,100,NA,1841,50,naturalFrequency
110,10,NA,1519,30,naturalFrequency
110,10,NA,1246,90,naturalFrequency
110,100,NA,1213,30,naturalFrequency
110,10,Ordered,3331,50,square
110,100,Ordered,2825,30,square
110,10,Ordered,1432,40,square
110,100,Ordered,1144,90,square
110,10,Ordered,979,20,square
110,10,Ordered,1068,60,square
110,100,Ordered,1789,60,square
110,10,Ordered,1081,80,square
110,10,Ordered,958,90,square
110,100,Ordered,1114,70,square
110,100,Ordered,956,10,square
110,10,Ordered,1050,30,square
110,10,Ordered,1090,10,square
110,100,Ordered,915,100,square
110,100,Ordered,1678,50,square
110,100,Ordered,949,80,square
110,10,Ordered,1290,70,square
110,100,Ordered,983,40,square
110,100,Ordered,1041,20,square
110,100,Ordered,6130,20,house
110,100,Ordered,1304,40,house
110,10,Ordered,1435,10,house
110,10,Ordered,1299,30,house
110,10,Ordered,859,90,house
110,10,Ordered,1262,60,house
110,10,Ordered,844,70,house
110,100,Ordered,1040,80,house
110,10,Ordered,1001,80,house
110,100,Ordered,1017,60,house
110,10,Ordered,1072,0,house
110,100,Ordered,960,70,house
110,10,Ordered,1748,50,house
110,10,Ordered,1163,40,house
110,100,Ordered,1727,50,house
110,10,Ordered,1020,20,house
110,100,Ordered,4384,30,house
110,100,Ordered,946,90,house
110,100,Ordered,894,10,house
110,100,Random,1638,10,square
110,10,Random,3170,10,square
110,10,Random,852,80,square
110,10,Random,735,90,square
110,10,Random,1123,50,square
110,10,Random,877,70,square
110,10,Random,972,100,square
110,100,Random,950,90,square
110,10,Random,1111,60,square
110,10,Random,1099,40,square
110,100,Random,1095,30,square
110,100,Random,791,60,square
110,10,Random,1147,20,square
110,100,Random,1717,80,square
110,100,Random,731,70,square
110,100,Random,877,20,square
110,10,Random,1818,30,square
110,100,Random,1171,50,square
110,100,Random,1700,40,square
110,10,Random,1431,80,house
110,100,Random,1128,60,house
110,10,Random,1259,50,house
110,100,Random,975,90,house
110,100,Random,999,50,house
110,100,Random,1022,30,house
110,100,Random,800,70,house
110,100,Random,1122,10,house
110,10,Random,1146,10,house
110,100,Random,969,20,house
110,10,Random,997,60,house
110,10,Random,977,20,house
110,10,Random,1118,30,house
110,100,Random,997,40,house
110,100,Random,861,100,house
110,10,Random,1645,40,house
110,10,Random,804,90,house
110,100,Random,1004,80,house
110,10,Random,1612,70,house
111,100,NA,4966,20,naturalFrequency
111,10,NA,2751,50,naturalFrequency
111,100,NA,1408,70,naturalFrequency
111,10,NA,1543,0,naturalFrequency
111,100,NA,1151,30,naturalFrequency
111,100,NA,1071,80,naturalFrequency
111,100,NA,1199,40,naturalFrequency
111,10,NA,1279,30,naturalFrequency
111,10,NA,1096,10,naturalFrequency
111,10,NA,1527,20,naturalFrequency
111,10,NA,1160,70,naturalFrequency
111,10,NA,1584,40,naturalFrequency
111,100,NA,912,90,naturalFrequency
111,100,NA,1336,10,naturalFrequency
111,10,NA,1328,80,naturalFrequency
111,100,NA,1360,50,naturalFrequency
111,10,NA,1023,60,naturalFrequency
111,100,NA,1199,60,naturalFrequency
111,10,NA,1214,90,naturalFrequency
111,100,Ordered,6715,50,square
111,10,Ordered,1448,20,square
111,100,Ordered,1112,40,square
111,10,Ordered,2518,50,square
111,100,Ordered,1160,60,square
111,10,Ordered,1160,90,square
111,10,Ordered,791,80,square
111,10,Ordered,791,70,square
111,10,Ordered,1088,30,square
111,100,Ordered,1432,10,square
111,10,Ordered,2087,60,square
111,10,Ordered,1216,40,square
111,100,Ordered,1200,90,square
111,100,Ordered,1039,0,square
111,100,Ordered,1047,30,square
111,100,Ordered,1815,20,square
111,10,Ordered,5206,10,square
111,100,Ordered,1344,80,square
111,100,Ordered,752,70,square
111,10,Ordered,1999,20,house
111,100,Ordered,1190,20,house
111,100,Ordered,941,90,house
111,100,Ordered,877,80,house
111,100,Ordered,1405,40,house
111,100,Ordered,1254,60,house
111,10,Ordered,1232,30,house
111,100,Ordered,1573,10,house
111,100,Ordered,1149,30,house
111,10,Ordered,1231,10,house
111,10,Ordered,1128,50,house
111,10,Ordered,1104,40,house
111,10,Ordered,926,0,house
111,100,Ordered,1245,50,house
111,10,Ordered,1208,60,house
111,10,Ordered,1024,80,house
111,10,Ordered,631,70,house
111,100,Ordered,1190,70,house
111,10,Ordered,1248,90,house
111,10,Random,2510,10,square
111,100,Random,1992,50,square
111,10,Random,1208,70,square
111,100,Random,912,70,square
111,10,Random,1039,30,square
111,100,Random,1104,60,square
111,10,Random,1151,80,square
111,100,Random,1214,80,square
111,10,Random,1239,20,square
111,10,Random,1391,40,square
111,10,Random,807,90,square
111,100,Random,1479,90,square
111,100,Random,1319,40,square
111,100,Random,10124,10,square
111,10,Random,903,50,square
111,100,Random,1143,20,square
111,100,Random,974,30,square
111,100,Random,719,0,square
111,10,Random,1447,60,square
111,100,Random,1867,70,house
111,10,Random,1774,10,house
111,10,Random,726,70,house
111,100,Random,1398,40,house
111,10,Random,927,80,house
111,100,Random,1117,80,house
111,100,Random,813,60,house
111,10,Random,1935,30,house
111,10,Random,735,90,house
111,100,Random,1677,20,house
111,10,Random,1118,60,house
111,10,Random,1374,0,house
111,10,Random,823,20,house
111,10,Random,1022,40,house
111,100,Random,1445,10,house
111,100,Random,950,30,house
111,100,Random,806,90,house
111,100,Random,1187,50,house
111,10,Random,1335,50,house
112,10,NA,5267,10,naturalFrequency
112,10,NA,1773,20,naturalFrequency
112,100,NA,2331,60,naturalFrequency
112,10,NA,2885,50,naturalFrequency
112,100,NA,2405,100,naturalFrequency
112,100,NA,1767,40,naturalFrequency
112,10,NA,1620,60,naturalFrequency
112,10,NA,1351,30,naturalFrequency
112,10,NA,1054,80,naturalFrequency
112,10,NA,1790,70,naturalFrequency
112,100,NA,2007,50,naturalFrequency
112,100,NA,1180,20,naturalFrequency
112,100,NA,1176,70,naturalFrequency
112,100,NA,1471,10,naturalFrequency
112,10,NA,1654,40,naturalFrequency
112,100,NA,1381,90,naturalFrequency
112,100,NA,1259,30,naturalFrequency
112,100,NA,960,80,naturalFrequency
112,10,NA,2590,90,naturalFrequency
112,100,Ordered,6744,70,square
112,10,Ordered,6828,40,square
112,10,Ordered,2676,60,square
112,100,Ordered,1389,40,square
112,10,Ordered,1445,30,square
112,100,Ordered,3835,60,square
112,10,Ordered,1349,90,square
112,100,Ordered,1089,90,square
112,10,Ordered,1458,50,square
112,100,Ordered,1180,20,square
112,100,Ordered,1183,30,square
112,10,Ordered,1441,80,square
112,10,Ordered,1055,20,square
112,10,Ordered,1143,100,square
112,100,Ordered,1239,80,square
112,100,Ordered,1784,50,square
112,10,Ordered,1815,70,square
112,100,Ordered,1127,10,square
112,10,Ordered,1278,10,square
112,10,Ordered,2872,50,house
112,10,Ordered,1146,90,house
112,100,Ordered,1272,80,house
112,10,Ordered,1495,60,house
112,100,Ordered,1624,60,house
112,10,Ordered,1216,70,house
112,10,Ordered,1052,20,house
112,100,Ordered,1347,40,house
112,10,Ordered,1028,100,house
112,100,Ordered,1882,50,house
112,10,Ordered,953,10,house
112,10,Ordered,884,40,house
112,100,Ordered,1044,20,house
112,10,Ordered,1279,30,house
112,100,Ordered,1335,70,house
112,10,Ordered,1596,80,house
112,100,Ordered,971,90,house
112,100,Ordered,1051,10,house
112,100,Ordered,1132,30,house
112,10,Random,2699,90,square
112,10,Random,1164,80,square
112,100,Random,2083,30,square
112,10,Random,1131,70,square
112,100,Random,1554,20,square
112,10,Random,1082,0,square
112,100,Random,1426,90,square
112,100,Random,1308,40,square
112,100,Random,936,50,square
112,10,Random,1241,30,square
112,10,Random,2958,60,square
112,100,Random,981,70,square
112,100,Random,832,80,square
112,100,Random,1361,60,square
112,10,Random,2038,50,square
112,100,Random,1464,10,square
112,10,Random,1144,10,square
112,10,Random,2001,20,square
112,10,Random,2063,40,square
112,10,Random,3780,50,house
112,100,Random,1343,70,house
112,10,Random,1524,10,house
112,100,Random,1219,60,house
112,10,Random,1430,30,house
112,10,Random,1163,80,house
112,100,Random,1084,0,house
112,10,Random,1029,60,house
112,100,Random,2288,40,house
112,10,Random,1014,20,house
112,10,Random,939,70,house
112,100,Random,1011,80,house
112,100,Random,1233,10,house
112,10,Random,1632,40,house
112,100,Random,1019,50,house
112,100,Random,1290,30,house
112,10,Random,1279,90,house
112,100,Random,1003,90,house
112,100,Random,946,20,house
113,100,NA,8101,10,naturalFrequency
113,100,NA,3622,70,naturalFrequency
113,100,NA,2063,50,naturalFrequency
113,100,NA,4927,0,naturalFrequency
113,100,NA,4037,20,naturalFrequency
113,10,NA,5152,80,naturalFrequency
113,10,NA,4100,40,naturalFrequency
113,10,NA,2733,30,naturalFrequency
113,10,NA,5374,10,naturalFrequency
113,10,NA,2216,70,naturalFrequency
113,100,NA,5191,30,naturalFrequency
113,100,NA,2597,90,naturalFrequency
113,100,NA,2132,40,naturalFrequency
113,10,NA,2097,60,naturalFrequency
113,100,NA,1801,60,naturalFrequency
113,10,NA,1862,90,naturalFrequency
113,10,NA,2316,20,naturalFrequency
113,100,NA,2192,80,naturalFrequency
113,10,NA,3067,50,naturalFrequency
113,10,Ordered,9749,20,square
113,100,Ordered,3215,20,square
113,10,Ordered,4171,30,square
113,100,Ordered,1943,40,square
113,10,Ordered,2611,70,square
113,100,Ordered,1821,60,square
113,10,Ordered,2316,50,square
113,10,Ordered,1814,10,square
113,10,Ordered,1635,90,square
113,100,Ordered,2345,90,square
113,100,Ordered,3499,30,square
113,10,Ordered,2164,60,square
113,10,Ordered,1863,40,square
113,100,Ordered,1811,10,square
113,100,Ordered,1678,100,square
113,10,Ordered,1968,80,square
113,100,Ordered,1948,70,square
113,100,Ordered,2293,80,square
113,100,Ordered,1918,50,square
113,100,Ordered,4513,60,house
113,100,Ordered,4304,40,house
113,100,Ordered,2756,50,house
113,10,Ordered,2703,70,house
113,10,Ordered,7047,30,house
113,10,Ordered,4513,80,house
113,100,Ordered,2694,0,house
113,10,Ordered,2223,10,house
113,10,Ordered,1890,90,house
113,10,Ordered,2435,40,house
113,100,Ordered,2393,70,house
113,100,Ordered,2474,10,house
113,10,Ordered,2291,60,house
113,10,Ordered,2187,50,house
113,100,Ordered,1697,80,house
113,100,Ordered,1702,90,house
113,100,Ordered,29462,20,house
113,10,Ordered,4874,20,house
113,100,Ordered,3866,30,house
113,100,Random,16626,80,square
113,10,Random,7419,10,square
113,10,Random,4614,50,square
113,10,Random,1570,90,square
113,100,Random,2424,100,square
113,100,Random,2549,50,square
113,100,Random,5842,10,square
113,10,Random,2278,80,square
113,10,Random,5315,40,square
113,100,Random,7116,20,square
113,10,Random,3067,30,square
113,100,Random,1740,90,square
113,100,Random,1452,60,square
113,10,Random,2091,70,square
113,10,Random,2049,60,square
113,10,Random,8643,20,square
113,100,Random,2464,30,square
113,100,Random,1610,40,square
113,100,Random,1326,70,square
113,10,Random,4511,0,house
113,10,Random,3347,40,house
113,100,Random,2707,90,house
113,10,Random,2287,70,house
113,100,Random,1763,30,house
113,10,Random,2365,90,house
113,100,Random,8954,20,house
113,10,Random,3035,20,house
113,10,Random,3243,30,house
113,10,Random,1747,80,house
113,100,Random,1994,40,house
113,100,Random,1453,80,house
113,10,Random,2197,60,house
113,100,Random,2190,70,house
113,10,Random,2231,10,house
113,10,Random,5976,50,house
113,100,Random,2021,60,house
113,100,Random,1138,50,house
113,100,Random,1682,10,house
114,100,NA,3423,40,naturalFrequency
114,100,NA,2656,30,naturalFrequency
114,10,NA,2800,10,naturalFrequency
114,100,NA,1744,80,naturalFrequency
114,10,NA,1824,80,naturalFrequency
114,100,NA,1815,50,naturalFrequency
114,10,NA,1752,50,naturalFrequency
114,10,NA,3664,90,naturalFrequency
114,100,NA,2160,70,naturalFrequency
114,10,NA,2952,30,naturalFrequency
114,100,NA,2583,60,naturalFrequency
114,10,NA,1479,20,naturalFrequency
114,10,NA,2272,70,naturalFrequency
114,10,NA,1288,60,naturalFrequency
114,10,NA,1600,40,naturalFrequency
114,100,NA,1392,90,naturalFrequency
114,100,NA,1528,0,naturalFrequency
114,100,NA,1416,10,naturalFrequency
114,100,NA,1384,20,naturalFrequency
114,10,Ordered,4671,10,square
114,100,Ordered,2080,20,square
114,10,Ordered,25567,0,square
114,10,Ordered,1152,30,square
114,100,Ordered,19640,50,square
114,10,Ordered,1903,50,square
114,100,Ordered,1400,70,square
114,100,Ordered,1936,40,square
114,10,Ordered,1088,70,square
114,100,Ordered,1272,30,square
114,100,Ordered,1216,90,square
114,10,Ordered,1392,60,square
114,10,Ordered,1616,20,square
114,10,Ordered,1152,90,square
114,100,Ordered,1064,60,square
114,10,Ordered,1272,80,square
114,10,Ordered,1408,40,square
114,100,Ordered,1072,10,square
114,100,Ordered,1144,80,square
114,10,Ordered,1998,20,house
114,100,Ordered,68366,50,house
114,100,Ordered,84838,40,house
114,100,Ordered,1702,30,house
114,10,Ordered,1711,40,house
114,10,Ordered,1215,50,house
114,100,Ordered,1190,60,house
114,100,Ordered,1030,90,house
114,100,Ordered,1087,20,house
114,10,Ordered,1583,60,house
114,100,Ordered,1166,10,house
114,100,Ordered,1150,80,house
114,10,Ordered,1111,80,house
114,10,Ordered,110304,90,house
114,10,Ordered,1423,100,house
114,100,Ordered,1175,70,house
114,10,Ordered,1224,30,house
114,10,Ordered,151688,70,house
114,10,Ordered,1032,10,house
114,100,Random,3054,40,square
114,100,Random,2560,30,square
114,10,Random,2007,90,square
114,10,Random,2312,70,square
114,10,Random,1072,80,square
114,100,Random,1175,20,square
114,10,Random,1824,10,square
114,100,Random,1096,60,square
114,10,Random,1584,40,square
114,100,Random,1367,80,square
114,10,Random,1272,60,square
114,100,Random,45776,70,square
114,10,Random,1256,30,square
114,10,Random,928,20,square
114,100,Random,5359,90,square
114,100,Random,1007,10,square
114,100,Random,975,100,square
114,100,Random,1415,50,square
114,10,Random,1807,50,square
114,10,Random,1791,40,house
114,10,Random,1007,10,house
114,100,Random,1261,20,house
114,10,Random,2584,60,house
114,100,Random,1158,60,house
114,100,Random,1141,70,house
114,100,Random,1503,50,house
114,100,Random,933,100,house
114,10,Random,1296,90,house
114,10,Random,1112,30,house
114,100,Random,1254,90,house
114,100,Random,1230,80,house
114,100,Random,1101,10,house
114,100,Random,981,30,house
114,10,Random,1735,80,house
114,100,Random,2039,40,house
114,10,Random,1367,20,house
114,10,Random,1527,50,house
114,10,Random,1456,70,house
115,100,NA,14096,50,naturalFrequency
115,10,NA,3205,80,naturalFrequency
115,10,NA,1635,50,naturalFrequency
115,10,NA,2146,10,naturalFrequency
115,100,NA,2149,20,naturalFrequency
115,100,NA,1544,60,naturalFrequency
115,10,NA,1689,90,naturalFrequency
115,10,NA,1827,60,naturalFrequency
115,100,NA,2500,90,naturalFrequency
115,10,NA,12559,40,naturalFrequency
115,100,NA,2521,0,naturalFrequency
115,100,NA,1502,30,naturalFrequency
115,10,NA,1611,30,naturalFrequency
115,100,NA,2066,10,naturalFrequency
115,10,NA,1433,20,naturalFrequency
115,10,NA,1666,70,naturalFrequency
115,100,NA,1963,40,naturalFrequency
115,100,NA,1770,80,naturalFrequency
115,100,NA,1735,70,naturalFrequency
115,100,Ordered,9550,20,square
115,10,Ordered,2027,10,square
115,100,Ordered,1764,40,square
115,100,Ordered,1405,10,square
115,100,Ordered,2413,30,square
115,100,Ordered,1465,60,square
115,10,Ordered,2318,50,square
115,10,Ordered,1523,30,square
115,10,Ordered,2087,40,square
115,100,Ordered,1859,50,square
115,10,Ordered,1729,20,square
115,10,Ordered,1469,80,square
115,100,Ordered,2200,90,square
115,100,Ordered,1505,80,square
115,10,Ordered,2873,60,square
115,10,Ordered,1310,70,square
115,100,Ordered,1671,70,square
115,10,Ordered,1700,90,square
115,10,Ordered,1960,0,square
115,10,Ordered,2429,80,house
115,100,Ordered,1714,60,house
115,100,Ordered,1652,10,house
115,10,Ordered,2457,20,house
115,100,Ordered,1714,80,house
115,100,Ordered,1182,70,house
115,100,Ordered,1490,0,house
115,10,Ordered,2061,90,house
115,10,Ordered,1595,40,house
115,100,Ordered,2118,90,house
115,10,Ordered,1839,10,house
115,100,Ordered,1804,30,house
115,100,Ordered,3012,50,house
115,10,Ordered,2120,50,house
115,10,Ordered,1676,70,house
115,10,Ordered,1169,30,house
115,10,Ordered,1895,60,house
115,100,Ordered,2647,20,house
115,100,Ordered,1418,40,house
115,100,Random,3718,30,square
115,100,Random,1799,80,square
115,100,Random,4684,0,square
115,10,Random,2681,20,square
115,100,Random,6091,90,square
115,10,Random,5826,40,square
115,100,Random,2366,50,square
115,100,Random,1569,20,square
115,100,Random,1565,40,square
115,100,Random,1339,10,square
115,10,Random,1910,60,square
115,10,Random,2311,50,square
115,10,Random,1720,70,square
115,100,Random,1775,60,square
115,10,Random,1793,80,square
115,10,Random,2924,10,square
115,10,Random,1599,30,square
115,10,Random,1795,90,square
115,100,Random,1805,70,square
115,100,Random,3407,30,house
115,100,Random,1508,50,house
115,100,Random,1499,20,house
115,10,Random,1721,10,house
115,10,Random,1494,40,house
115,100,Random,1837,100,house
115,10,Random,1853,80,house
115,100,Random,3747,80,house
115,10,Random,1816,60,house
115,100,Random,3480,40,house
115,10,Random,1866,50,house
115,100,Random,1718,10,house
115,10,Random,2024,30,house
115,10,Random,1676,70,house
115,100,Random,1867,60,house
115,100,Random,1562,70,house
115,10,Random,2911,20,house
115,10,Random,2224,90,house
115,100,Random,2158,90,house
116,100,NA,8768,50,naturalFrequency
116,100,NA,2602,30,naturalFrequency
116,10,NA,7880,40,naturalFrequency
116,10,NA,2407,30,naturalFrequency
116,100,NA,5040,20,naturalFrequency
116,100,NA,4537,60,naturalFrequency
116,10,NA,2940,60,naturalFrequency
116,100,NA,2408,90,naturalFrequency
116,10,NA,1169,90,naturalFrequency
116,10,NA,2054,0,naturalFrequency
116,100,NA,137721,10,naturalFrequency
116,100,NA,1124,70,naturalFrequency
116,10,NA,1956,80,naturalFrequency
116,10,NA,1524,20,naturalFrequency
116,10,NA,1518,50,naturalFrequency
116,10,NA,57966,70,naturalFrequency
116,100,NA,1697,80,naturalFrequency
116,10,NA,1109,10,naturalFrequency
116,100,NA,3090,40,naturalFrequency
116,100,Ordered,10065,10,square
116,100,Ordered,3007,50,square
116,10,Ordered,2867,60,square
116,10,Ordered,1243,70,square
116,10,Ordered,1228,20,square
116,100,Ordered,5431,40,square
116,10,Ordered,3707,40,square
116,10,Ordered,1179,90,square
116,100,Ordered,1251,20,square
116,10,Ordered,1081,10,square
116,100,Ordered,1108,0,square
116,10,Ordered,1336,30,square
116,10,Ordered,1147,50,square
116,100,Ordered,1080,80,square
116,100,Ordered,974,70,square
116,100,Ordered,1220,30,square
116,100,Ordered,1609,90,square
116,100,Ordered,1754,60,square
116,10,Ordered,2745,80,square
116,10,Ordered,5605,40,house
116,100,Ordered,1230,20,house
116,100,Ordered,1042,50,house
116,10,Ordered,1257,20,house
116,10,Ordered,1238,60,house
116,100,Ordered,1229,60,house
116,10,Ordered,1463,30,house
116,10,Ordered,712,80,house
116,10,Ordered,758,70,house
116,100,Ordered,1882,40,house
116,100,Ordered,974,10,house
116,10,Ordered,1447,90,house
116,100,Ordered,1064,30,house
116,100,Ordered,667,70,house
116,10,Ordered,1155,10,house
116,100,Ordered,1313,80,house
116,10,Ordered,2055,100,house
116,10,Ordered,1432,50,house
116,100,Ordered,1245,90,house
116,100,Random,5330,10,square
116,10,Random,2244,40,square
116,10,Random,876,20,square
116,100,Random,7058,20,square
116,100,Random,907,100,square
116,10,Random,1229,30,square
116,100,Random,931,90,square
116,10,Random,1018,90,square
116,100,Random,959,60,square
116,10,Random,3291,50,square
116,100,Random,2559,40,square
116,100,Random,1821,30,square
116,100,Random,621,70,square
116,100,Random,1048,50,square
116,10,Random,1687,60,square
116,10,Random,689,70,square
116,10,Random,600,80,square
116,10,Random,739,10,square
116,100,Random,1125,80,square
116,10,Random,4272,20,house
116,10,Random,681,10,house
116,100,Random,1377,30,house
116,10,Random,1753,0,house
116,10,Random,1462,50,house
116,10,Random,1417,40,house
116,100,Random,1070,10,house
116,100,Random,883,60,house
116,100,Random,764,70,house
116,100,Random,720,90,house
116,100,Random,1197,20,house
116,10,Random,1072,80,house
116,10,Random,2255,30,house
116,10,Random,1072,70,house
116,10,Random,713,90,house
116,10,Random,1149,60,house
116,100,Random,1425,50,house
116,100,Random,740,80,house
116,100,Random,1034,40,house
117,100,NA,13608,50,naturalFrequency
117,10,NA,4596,30,naturalFrequency
117,100,NA,8492,70,naturalFrequency
117,100,NA,3217,90,naturalFrequency
117,10,NA,3067,80,naturalFrequency
117,10,NA,2599,90,naturalFrequency
117,10,NA,2572,70,naturalFrequency
117,10,NA,3766,50,naturalFrequency
117,10,NA,3066,20,naturalFrequency
117,100,NA,4577,10,naturalFrequency
117,100,NA,3321,20,naturalFrequency
117,100,NA,6807,40,naturalFrequency
117,100,NA,17245,30,naturalFrequency
117,10,NA,4103,0,naturalFrequency
117,10,NA,2030,10,naturalFrequency
117,10,NA,13702,60,naturalFrequency
117,10,NA,5179,40,naturalFrequency
117,100,NA,2488,60,naturalFrequency
117,100,NA,2296,80,naturalFrequency
117,100,Ordered,6621,30,square
117,10,Ordered,4163,20,square
117,10,Ordered,1892,90,square
117,10,Ordered,3656,50,square
117,100,Ordered,2899,50,square
117,100,Ordered,2175,60,square
117,100,Ordered,2655,0,square
117,100,Ordered,1715,90,square
117,100,Ordered,1949,80,square
117,10,Ordered,2819,40,square
117,100,Ordered,2402,10,square
117,100,Ordered,1811,40,square
117,10,Ordered,2105,10,square
117,10,Ordered,1913,30,square
117,100,Ordered,1843,20,square
117,10,Ordered,2402,60,square
117,10,Ordered,1635,70,square
117,100,Ordered,1880,70,square
117,10,Ordered,1680,80,square
117,10,Ordered,5490,20,house
117,100,Ordered,1991,10,house
117,10,Ordered,1804,70,house
117,100,Ordered,1664,20,house
117,10,Ordered,1962,100,house
117,100,Ordered,2717,50,house
117,100,Ordered,1782,30,house
117,10,Ordered,2443,50,house
117,10,Ordered,3389,90,house
117,10,Ordered,1891,40,house
117,100,Ordered,1985,60,house
117,100,Ordered,1613,90,house
117,100,Ordered,1475,70,house
117,10,Ordered,1881,80,house
117,100,Ordered,1836,80,house
117,10,Ordered,1795,60,house
117,10,Ordered,1718,30,house
117,100,Ordered,1589,40,house
117,10,Ordered,1791,10,house
117,10,Random,3658,90,square
117,10,Random,2111,80,square
117,100,Random,3816,70,square
117,10,Random,3611,50,square
117,100,Random,1903,30,square
117,10,Random,2175,10,square
117,10,Random,1741,40,square
117,100,Random,1996,80,square
117,100,Random,1729,60,square
117,100,Random,3773,40,square
117,100,Random,1518,90,square
117,10,Random,2034,70,square
117,10,Random,1767,20,square
117,100,Random,1850,10,square
117,100,Random,2227,50,square
117,100,Random,1968,20,square
117,10,Random,2104,60,square
117,10,Random,2347,0,square
117,10,Random,1438,30,square
117,10,Random,2765,70,house
117,100,Random,3238,70,house
117,10,Random,2027,20,house
117,10,Random,1948,40,house
117,10,Random,1635,90,house
117,100,Random,3157,80,house
117,10,Random,1821,30,house
117,100,Random,2878,30,house
117,100,Random,1693,20,house
117,10,Random,1913,10,house
117,10,Random,2806,50,house
117,100,Random,2482,40,house
117,100,Random,1686,10,house
117,100,Random,1946,0,house
117,100,Random,1661,90,house
117,10,Random,7472,60,house
117,100,Random,1832,50,house
117,10,Random,2119,80,house
117,100,Random,1989,60,house
118,10,NA,40248,30,naturalFrequency
118,10,NA,3376,80,naturalFrequency
118,100,NA,31920,50,naturalFrequency
118,100,NA,21991,10,naturalFrequency
118,10,NA,7032,50,naturalFrequency
118,10,NA,2608,60,naturalFrequency
118,10,NA,1568,40,naturalFrequency
118,100,NA,5879,70,naturalFrequency
118,100,NA,1600,60,naturalFrequency
118,10,NA,1504,70,naturalFrequency
118,100,NA,4015,100,naturalFrequency
118,100,NA,12943,40,naturalFrequency
118,100,NA,5007,80,naturalFrequency
118,10,NA,16255,20,naturalFrequency
118,100,NA,2504,90,naturalFrequency
118,10,NA,8783,90,naturalFrequency
118,10,NA,1784,10,naturalFrequency
118,100,NA,2511,20,naturalFrequency
118,100,NA,2487,30,naturalFrequency
118,10,Ordered,171505,100,square
118,100,Ordered,4703,80,square
118,10,Ordered,2385,10,square
118,100,Ordered,1656,70,square
118,10,Ordered,8832,20,square
118,100,Ordered,1536,60,square
118,10,Ordered,15823,70,square
118,100,Ordered,3151,30,square
118,100,Ordered,2767,10,square
118,100,Ordered,13015,40,square
118,100,Ordered,16120,90,square
118,10,Ordered,1511,60,square
118,100,Ordered,1687,20,square
118,10,Ordered,4743,40,square
118,10,Ordered,19687,90,square
118,10,Ordered,1000,30,square
118,10,Ordered,1248,80,square
118,100,Ordered,1159,50,square
118,10,Ordered,6856,50,square
118,10,Ordered,14735,90,house
118,100,Ordered,2574,40,house
118,10,Ordered,10999,10,house
118,10,Ordered,2167,70,house
118,10,Ordered,1560,20,house
118,10,Ordered,14847,80,house
118,100,Ordered,15574,20,house
118,100,Ordered,1676,30,house
118,100,Ordered,1717,60,house
118,10,Ordered,2151,30,house
118,10,Ordered,1919,0,house
118,100,Ordered,2741,50,house
118,100,Ordered,2317,70,house
118,100,Ordered,1189,80,house
118,10,Ordered,1607,40,house
118,100,Ordered,1750,90,house
118,100,Ordered,1158,10,house
118,10,Ordered,2399,60,house
118,10,Ordered,1432,50,house
118,10,Random,2055,60,square
118,100,Random,1711,40,square
118,100,Random,1479,20,square
118,10,Random,1640,30,square
118,10,Random,935,70,square
118,10,Random,1119,80,square
118,10,Random,1263,20,square
118,10,Random,10368,40,square
118,10,Random,1848,90,square
118,100,Random,1960,70,square
118,100,Random,1361,60,square
118,10,Random,1472,10,square
118,100,Random,1423,50,square
118,100,Random,1319,80,square
118,10,Random,2776,50,square
118,100,Random,1271,10,square
118,100,Random,1064,90,square
118,100,Random,1015,0,square
118,100,Random,1975,30,square
118,100,Random,2741,50,house
118,10,Random,5023,40,house
118,100,Random,2237,70,house
118,100,Random,1157,30,house
118,10,Random,2783,50,house
118,10,Random,2248,20,house
118,10,Random,1439,70,house
118,10,Random,887,30,house
118,10,Random,1295,80,house
118,100,Random,1461,0,house
118,10,Random,1487,10,house
118,100,Random,1501,90,house
118,100,Random,1301,10,house
118,10,Random,1719,60,house
118,100,Random,1355,80,house
118,100,Random,1253,40,house
118,100,Random,1182,20,house
118,100,Random,1140,60,house
118,10,Random,1735,90,house
119,10,NA,10229,20,naturalFrequency
119,10,NA,4411,10,naturalFrequency
119,10,NA,5895,30,naturalFrequency
119,100,NA,6147,40,naturalFrequency
119,100,NA,3539,80,naturalFrequency
119,10,NA,2332,80,naturalFrequency
119,100,NA,2121,70,naturalFrequency
119,100,NA,2133,50,naturalFrequency
119,10,NA,3328,70,naturalFrequency
119,10,NA,1718,90,naturalFrequency
119,100,NA,2650,30,naturalFrequency
119,10,NA,2578,60,naturalFrequency
119,100,NA,3552,10,naturalFrequency
119,10,NA,4352,50,naturalFrequency
119,100,NA,4388,60,naturalFrequency
119,100,NA,3294,20,naturalFrequency
119,100,NA,3546,90,naturalFrequency
119,10,NA,8259,40,naturalFrequency
119,100,NA,4624,100,naturalFrequency
119,100,Ordered,12100,20,square
119,10,Ordered,2377,70,square
119,100,Ordered,1715,70,square
119,100,Ordered,1515,90,square
119,100,Ordered,1997,10,square
119,10,Ordered,3422,50,square
119,10,Ordered,2366,40,square
119,10,Ordered,2108,80,square
119,100,Ordered,1682,40,square
119,100,Ordered,3510,0,square
119,100,Ordered,1659,80,square
119,100,Ordered,1970,50,square
119,10,Ordered,2903,90,square
119,10,Ordered,1496,30,square
119,10,Ordered,5545,60,square
119,100,Ordered,1959,30,square
119,10,Ordered,1591,10,square
119,100,Ordered,3576,60,square
119,10,Ordered,2072,20,square
119,10,Ordered,13450,70,house
119,10,Ordered,1493,80,house
119,10,Ordered,2757,40,house
119,100,Ordered,2008,50,house
119,10,Ordered,1901,10,house
119,10,Ordered,4015,20,house
119,100,Ordered,2780,30,house
119,100,Ordered,1622,80,house
119,10,Ordered,4978,60,house
119,100,Ordered,2507,40,house
119,100,Ordered,1472,90,house
119,100,Ordered,1715,20,house
119,10,Ordered,1847,90,house
119,10,Ordered,1966,30,house
119,100,Ordered,2232,10,house
119,10,Ordered,2912,50,house
119,100,Ordered,1781,60,house
119,100,Ordered,2135,70,house
119,100,Ordered,2279,100,house
119,100,Random,15025,10,square
119,10,Random,1741,30,square
119,10,Random,1331,60,square
119,100,Random,2371,90,square
119,10,Random,3321,70,square
119,10,Random,1472,80,square
119,100,Random,1769,50,square
119,100,Random,2547,40,square
119,10,Random,1917,90,square
119,10,Random,1930,10,square
119,100,Random,3441,60,square
119,10,Random,2340,40,square
119,100,Random,1886,20,square
119,10,Random,1805,20,square
119,100,Random,1527,0,square
119,100,Random,1502,80,square
119,10,Random,3404,50,square
119,100,Random,2605,70,square
119,100,Random,2300,30,square
119,10,Random,7681,80,house
119,100,Random,2019,0,house
119,10,Random,1682,40,house
119,10,Random,2020,90,house
119,100,Random,2312,80,house
119,100,Random,1624,30,house
119,100,Random,2325,60,house
119,100,Random,1602,20,house
119,10,Random,3048,70,house
119,100,Random,1672,10,house
119,100,Random,1760,50,house
119,100,Random,1523,90,house
119,10,Random,1841,30,house
119,10,Random,1271,50,house
119,100,Random,2439,40,house
119,100,Random,1633,70,house
119,10,Random,1966,10,house
119,10,Random,1308,20,house
119,10,Random,1755,60,house
120,100,NA,8203,40,naturalFrequency
120,100,NA,2673,80,naturalFrequency
120,100,NA,1345,60,naturalFrequency
120,10,NA,2656,60,naturalFrequency
120,10,NA,2512,50,naturalFrequency
120,10,NA,2304,80,naturalFrequency
120,10,NA,1144,30,naturalFrequency
120,10,NA,3201,40,naturalFrequency
120,100,NA,1608,10,naturalFrequency
120,100,NA,1136,20,naturalFrequency
120,100,NA,743,30,naturalFrequency
120,10,NA,1720,20,naturalFrequency
120,100,NA,3104,50,naturalFrequency
120,10,NA,2602,70,naturalFrequency
120,100,NA,2744,0,naturalFrequency
120,10,NA,1127,10,naturalFrequency
120,10,NA,1536,90,naturalFrequency
120,100,NA,2490,90,naturalFrequency
120,100,NA,1297,70,naturalFrequency
120,10,Ordered,3481,50,square
120,100,Ordered,3857,60,square
120,100,Ordered,1335,90,square
120,100,Ordered,1472,50,square
120,10,Ordered,2352,80,square
120,100,Ordered,2608,20,square
120,100,Ordered,848,80,square
120,100,Ordered,981,30,square
120,10,Ordered,2545,70,square
120,10,Ordered,1624,20,square
120,100,Ordered,904,0,square
120,10,Ordered,1617,10,square
120,10,Ordered,823,90,square
120,10,Ordered,2217,30,square
120,10,Ordered,727,60,square
120,100,Ordered,1120,10,square
120,100,Ordered,998,40,square
120,100,Ordered,1023,70,square
120,10,Ordered,1576,40,square
120,10,Ordered,3039,80,house
120,100,Ordered,1712,10,house
120,10,Ordered,1559,40,house
120,100,Ordered,1301,80,house
120,100,Ordered,1301,20,house
120,10,Ordered,1399,60,house
120,10,Ordered,1041,10,house
120,100,Ordered,3702,50,house
120,10,Ordered,1720,50,house
120,100,Ordered,1415,60,house
120,100,Ordered,1006,30,house
120,100,Ordered,1015,70,house
120,10,Ordered,1088,90,house
120,10,Ordered,1007,30,house
120,10,Ordered,1048,20,house
120,10,Ordered,871,70,house
120,100,Ordered,1175,40,house
120,100,Ordered,782,100,house
120,100,Ordered,879,90,house
120,10,Random,3735,10,square
120,100,Random,3656,10,square
120,100,Random,895,80,square
120,10,Random,1726,60,square
120,100,Random,873,20,square
120,100,Random,832,40,square
120,100,Random,864,50,square
120,10,Random,1008,30,square
120,10,Random,736,80,square
120,100,Random,896,60,square
120,100,Random,767,90,square
120,10,Random,3057,50,square
120,10,Random,792,100,square
120,100,Random,961,70,square
120,10,Random,1025,20,square
120,10,Random,1040,90,square
120,10,Random,960,40,square
120,100,Random,1038,30,square
120,10,Random,912,70,square
120,10,Random,1604,60,house
120,10,Random,1224,70,house
120,100,Random,1166,50,house
120,100,Random,982,70,house
120,10,Random,1079,40,house
120,10,Random,728,90,house
120,100,Random,1095,20,house
120,10,Random,1079,50,house
120,100,Random,918,10,house
120,100,Random,1990,30,house
120,10,Random,969,80,house
120,10,Random,1584,20,house
120,100,Random,886,90,house
120,10,Random,1192,10,house
120,100,Random,1078,60,house
120,100,Random,823,80,house
120,10,Random,1367,30,house
120,100,Random,1158,40,house
120,100,Random,871,100,house
121,100,NA,5647,20,naturalFrequency
121,10,NA,2445,30,naturalFrequency
121,100,NA,1379,60,naturalFrequency
121,100,NA,893,90,naturalFrequency
121,100,NA,982,80,naturalFrequency
121,100,NA,1419,50,naturalFrequency
121,10,NA,2335,80,naturalFrequency
121,100,NA,1174,0,naturalFrequency
121,100,NA,1288,70,naturalFrequency
121,10,NA,1137,70,naturalFrequency
121,10,NA,1276,40,naturalFrequency
121,10,NA,1105,60,naturalFrequency
121,10,NA,2663,20,naturalFrequency
121,10,NA,1210,50,naturalFrequency
121,100,NA,1318,30,naturalFrequency
121,10,NA,796,10,naturalFrequency
121,100,NA,2308,40,naturalFrequency
121,10,NA,1024,90,naturalFrequency
121,100,NA,720,10,naturalFrequency
121,100,Ordered,4090,10,square
121,100,Ordered,1281,20,square
121,100,Ordered,1092,80,square
121,10,Ordered,1895,50,square
121,10,Ordered,924,70,square
121,100,Ordered,2610,60,square
121,10,Ordered,2163,80,square
121,100,Ordered,2433,50,square
121,100,Ordered,1190,30,square
121,100,Ordered,1140,90,square
121,100,Ordered,909,70,square
121,10,Ordered,1276,10,square
121,10,Ordered,1984,60,square
121,10,Ordered,1265,90,square
121,100,Ordered,3654,40,square
121,10,Ordered,1229,30,square
121,10,Ordered,1037,40,square
121,10,Ordered,1131,20,square
121,10,Ordered,933,0,square
121,100,Ordered,3870,90,house
121,100,Ordered,1429,60,house
121,10,Ordered,1561,90,house
121,10,Ordered,942,60,house
121,10,Ordered,928,50,house
121,10,Ordered,1074,80,house
121,10,Ordered,1242,10,house
121,10,Ordered,946,70,house
121,10,Ordered,637,100,house
121,100,Ordered,1959,10,house
121,100,Ordered,1215,30,house
121,10,Ordered,3734,30,house
121,100,Ordered,1338,40,house
121,100,Ordered,1093,50,house
121,100,Ordered,1233,20,house
121,100,Ordered,994,70,house
121,100,Ordered,947,80,house
121,10,Ordered,1169,20,house
121,10,Ordered,1960,40,house
121,100,Random,1880,100,square
121,100,Random,6785,30,square
121,10,Random,1657,60,square
121,100,Random,1080,90,square
121,100,Random,1069,70,square
121,100,Random,1323,40,square
121,10,Random,1497,20,square
121,10,Random,1454,30,square
121,10,Random,777,10,square
121,10,Random,1001,90,square
121,10,Random,1406,40,square
121,10,Random,922,50,square
121,10,Random,753,80,square
121,100,Random,1476,80,square
121,100,Random,6868,20,square
121,10,Random,1147,70,square
121,100,Random,1058,10,square
121,100,Random,1060,50,square
121,100,Random,788,60,square
121,10,Random,1748,90,house
121,10,Random,669,100,house
121,100,Random,1322,50,house
121,10,Random,1143,20,house
121,10,Random,1505,30,house
121,100,Random,1209,70,house
121,100,Random,6526,20,house
121,100,Random,967,60,house
121,10,Random,1514,40,house
121,10,Random,696,80,house
121,100,Random,1487,30,house
121,10,Random,1044,60,house
121,10,Random,998,50,house
121,100,Random,1103,80,house
121,100,Random,1341,10,house
121,100,Random,1095,40,house
121,10,Random,1180,10,house
121,10,Random,761,70,house
121,100,Random,968,90,house
122,100,NA,10219,70,naturalFrequency
122,100,NA,5486,60,naturalFrequency
122,10,NA,2743,10,naturalFrequency
122,100,NA,2202,30,naturalFrequency
122,10,NA,2746,50,naturalFrequency
122,10,NA,2097,40,naturalFrequency
122,10,NA,2304,60,naturalFrequency
122,10,NA,1495,70,naturalFrequency
122,100,NA,1705,90,naturalFrequency
122,100,NA,3198,50,naturalFrequency
122,100,NA,1591,20,naturalFrequency
122,10,NA,2031,90,naturalFrequency
122,10,NA,1436,0,naturalFrequency
122,100,NA,1879,10,naturalFrequency
122,10,NA,1696,30,naturalFrequency
122,10,NA,1194,20,naturalFrequency
122,100,NA,1402,80,naturalFrequency
122,10,NA,2148,80,naturalFrequency
122,100,NA,1225,40,naturalFrequency
122,100,Ordered,3674,30,square
122,100,Ordered,1370,70,square
122,100,Ordered,2582,60,square
122,10,Ordered,3199,90,square
122,10,Ordered,978,10,square
122,10,Ordered,1229,40,square
122,10,Ordered,3117,60,square
122,10,Ordered,1570,0,square
122,100,Ordered,1278,40,square
122,10,Ordered,1201,30,square
122,100,Ordered,972,90,square
122,10,Ordered,1167,80,square
122,100,Ordered,962,80,square
122,10,Ordered,1844,50,square
122,10,Ordered,997,20,square
122,100,Ordered,1438,50,square
122,100,Ordered,1671,20,square
122,100,Ordered,1202,10,square
122,10,Ordered,1254,70,square
122,100,Ordered,3457,40,house
122,10,Ordered,2644,60,house
122,10,Ordered,1949,30,house
122,100,Ordered,1401,80,house
122,10,Ordered,2401,40,house
122,10,Ordered,2926,50,house
122,100,Ordered,1156,60,house
122,100,Ordered,1004,90,house
122,10,Ordered,1236,90,house
122,100,Ordered,1022,20,house
122,10,Ordered,1043,80,house
122,100,Ordered,1189,30,house
122,10,Ordered,1941,20,house
122,10,Ordered,731,10,house
122,100,Ordered,910,100,house
122,100,Ordered,1133,10,house
122,10,Ordered,1088,70,house
122,100,Ordered,1217,70,house
122,100,Ordered,1960,50,house
122,100,Random,2472,50,square
122,10,Random,2354,40,square
122,100,Random,1067,70,square
122,10,Random,1105,80,square
122,100,Random,1009,10,square
122,100,Random,794,80,square
122,10,Random,1550,60,square
122,10,Random,815,20,square
122,100,Random,1217,0,square
122,100,Random,1766,20,square
122,10,Random,1338,90,square
122,10,Random,904,70,square
122,10,Random,1545,50,square
122,100,Random,1154,60,square
122,10,Random,999,30,square
122,100,Random,927,90,square
122,10,Random,934,10,square
122,100,Random,983,30,square
122,100,Random,2301,40,square
122,100,Random,1770,50,house
122,10,Random,1043,90,house
122,100,Random,968,10,house
122,10,Random,1624,60,house
122,100,Random,932,80,house
122,10,Random,1279,80,house
122,10,Random,796,20,house
122,100,Random,1250,40,house
122,100,Random,881,90,house
122,100,Random,1094,60,house
122,100,Random,1046,70,house
122,100,Random,886,20,house
122,10,Random,1305,40,house
122,10,Random,1673,50,house
122,10,Random,1061,10,house
122,100,Random,1122,100,house
122,100,Random,1297,30,house
122,10,Random,1733,70,house
122,10,Random,860,30,house
123,100,NA,9196,10,naturalFrequency
123,10,NA,4244,10,naturalFrequency
123,10,NA,2300,50,naturalFrequency
123,10,NA,1944,40,naturalFrequency
123,10,NA,3079,30,naturalFrequency
123,100,NA,2699,50,naturalFrequency
123,10,NA,2008,70,naturalFrequency
123,100,NA,1478,70,naturalFrequency
123,100,NA,1155,90,naturalFrequency
123,100,NA,1168,80,naturalFrequency
123,10,NA,1805,20,naturalFrequency
123,100,NA,4088,40,naturalFrequency
123,10,NA,1650,60,naturalFrequency
123,10,NA,2002,0,naturalFrequency
123,100,NA,2060,60,naturalFrequency
123,10,NA,2100,90,naturalFrequency
123,10,NA,1487,80,naturalFrequency
123,100,NA,3017,30,naturalFrequency
123,100,NA,1260,20,naturalFrequency
123,100,Ordered,6635,20,square
123,100,Ordered,1380,40,square
123,10,Ordered,2318,30,square
123,10,Ordered,1338,10,square
123,10,Ordered,1440,40,square
123,100,Ordered,2142,70,square
123,10,Ordered,1674,70,square
123,10,Ordered,1976,60,square
123,10,Ordered,1402,90,square
123,10,Ordered,3562,50,square
123,100,Ordered,2018,90,square
123,100,Ordered,1797,10,square
123,10,Ordered,2100,80,square
123,100,Ordered,1910,60,square
123,10,Ordered,1878,0,square
123,100,Ordered,2296,80,square
123,100,Ordered,1880,30,square
123,100,Ordered,3686,50,square
123,10,Ordered,1799,20,square
123,10,Ordered,3376,80,house
123,10,Ordered,2378,40,house
123,100,Ordered,1943,0,house
123,100,Ordered,1805,90,house
123,100,Ordered,1644,40,house
123,100,Ordered,1468,70,house
123,10,Ordered,2355,20,house
123,10,Ordered,1627,10,house
123,100,Ordered,2144,20,house
123,10,Ordered,3317,60,house
123,100,Ordered,1732,30,house
123,100,Ordered,2605,80,house
123,10,Ordered,2220,70,house
123,100,Ordered,1568,10,house
123,10,Ordered,2754,30,house
123,10,Ordered,1652,90,house
123,100,Ordered,1833,60,house
123,100,Ordered,2335,50,house
123,10,Ordered,5298,50,house
123,10,Random,8591,100,square
123,10,Random,3007,10,square
123,100,Random,7743,20,square
123,10,Random,1932,30,square
123,10,Random,2349,70,square
123,10,Random,2708,60,square
123,100,Random,2406,10,square
123,100,Random,1905,90,square
123,100,Random,1386,70,square
123,100,Random,3117,40,square
123,10,Random,2054,20,square
123,100,Random,1755,80,square
123,10,Random,2861,40,square
123,100,Random,1809,60,square
123,100,Random,1509,50,square
123,10,Random,2036,80,square
123,10,Random,2181,90,square
123,100,Random,2282,30,square
123,10,Random,2321,50,square
123,10,Random,3172,30,house
123,10,Random,1780,70,house
123,100,Random,1835,80,house
123,100,Random,1392,0,house
123,10,Random,1841,40,house
123,100,Random,1887,90,house
123,100,Random,2821,40,house
123,100,Random,1866,30,house
123,100,Random,1200,70,house
123,10,Random,1556,80,house
123,100,Random,3538,50,house
123,10,Random,2759,20,house
123,100,Random,2047,20,house
123,10,Random,1795,10,house
123,10,Random,1845,60,house
123,100,Random,2047,60,house
123,100,Random,2504,10,house
123,10,Random,4334,90,house
123,10,Random,702516,50,house
124,10,NA,9667,70,naturalFrequency
124,10,NA,4123,90,naturalFrequency
124,10,NA,1779,30,naturalFrequency
124,10,NA,1570,40,naturalFrequency
124,10,NA,1349,10,naturalFrequency
124,100,NA,4209,30,naturalFrequency
124,100,NA,2467,80,naturalFrequency
124,10,NA,3043,60,naturalFrequency
124,100,NA,1681,90,naturalFrequency
124,10,NA,1802,100,naturalFrequency
124,10,NA,1866,50,naturalFrequency
124,10,NA,1571,20,naturalFrequency
124,100,NA,1853,70,naturalFrequency
124,100,NA,1509,20,naturalFrequency
124,100,NA,2087,60,naturalFrequency
124,100,NA,1252,40,naturalFrequency
124,10,NA,1889,80,naturalFrequency
124,100,NA,1570,50,naturalFrequency
124,100,NA,2429,10,naturalFrequency
124,10,Ordered,8134,90,square
124,10,Ordered,2699,80,square
124,100,Ordered,2686,20,square
124,100,Ordered,1596,40,square
124,10,Ordered,2221,50,square
124,10,Ordered,1817,20,square
124,10,Ordered,1865,70,square
124,10,Ordered,1792,30,square
124,100,Ordered,1890,60,square
124,10,Ordered,1903,10,square
124,10,Ordered,1165,60,square
124,100,Ordered,1828,0,square
124,100,Ordered,1718,50,square
124,100,Ordered,2012,90,square
124,100,Ordered,1901,80,square
124,100,Ordered,2282,10,square
124,100,Ordered,1975,70,square
124,100,Ordered,1570,30,square
124,10,Ordered,2099,40,square
124,100,Ordered,8204,50,house
124,100,Ordered,1406,30,house
124,10,Ordered,1766,30,house
124,10,Ordered,8257,40,house
124,100,Ordered,1861,70,house
124,100,Ordered,1811,80,house
124,100,Ordered,1836,10,house
124,10,Ordered,6490,80,house
124,10,Ordered,1778,70,house
124,10,Ordered,1263,50,house
124,100,Ordered,2181,40,house
124,100,Ordered,1640,60,house
124,10,Ordered,1840,90,house
124,10,Ordered,1459,20,house
124,100,Ordered,2634,90,house
124,100,Ordered,1761,20,house
124,10,Ordered,8121,100,house
124,10,Ordered,1876,60,house
124,10,Ordered,1412,10,house
124,100,Random,4193,70,square
124,10,Random,2797,30,square
124,10,Random,1792,80,square
124,10,Random,1424,20,square
124,10,Random,1239,50,square
124,100,Random,3091,30,square
124,100,Random,1693,90,square
124,100,Random,1778,60,square
124,10,Random,3755,40,square
124,10,Random,1730,10,square
124,100,Random,2159,50,square
124,10,Random,2123,60,square
124,10,Random,1387,70,square
124,100,Random,2244,80,square
124,100,Random,1681,10,square
124,100,Random,1644,0,square
124,100,Random,2172,40,square
124,100,Random,1864,20,square
124,10,Random,1620,90,square
124,10,Random,3408,90,house
124,100,Random,2523,20,house
124,10,Random,1854,80,house
124,100,Random,3039,40,house
124,100,Random,1884,10,house
124,10,Random,1864,10,house
124,10,Random,1594,40,house
124,100,Random,2719,60,house
124,10,Random,5006,50,house
124,100,Random,2401,80,house
124,100,Random,2068,30,house
124,100,Random,1394,70,house
124,10,Random,3361,30,house
124,100,Random,2548,50,house
124,10,Random,1693,20,house
124,10,Random,1055,60,house
124,100,Random,1850,0,house
124,10,Random,2232,70,house
124,100,Random,1834,90,house
125,10,NA,17951,80,naturalFrequency
125,10,NA,4142,70,naturalFrequency
125,10,NA,5385,50,naturalFrequency
125,10,NA,5025,60,naturalFrequency
125,10,NA,2402,90,naturalFrequency
125,100,NA,13321,50,naturalFrequency
125,100,NA,2624,90,naturalFrequency
125,100,NA,8419,10,naturalFrequency
125,100,NA,2868,30,naturalFrequency
125,10,NA,3218,20,naturalFrequency
125,100,NA,2933,100,naturalFrequency
125,10,NA,4578,40,naturalFrequency
125,100,NA,2560,60,naturalFrequency
125,10,NA,4127,10,naturalFrequency
125,100,NA,3157,20,naturalFrequency
125,100,NA,2066,70,naturalFrequency
125,10,NA,2477,30,naturalFrequency
125,100,NA,2269,80,naturalFrequency
125,100,NA,4498,40,naturalFrequency
125,100,Ordered,11680,70,square
125,10,Ordered,3281,70,square
125,100,Ordered,3110,60,square
125,10,Ordered,2878,10,square
125,100,Ordered,2456,20,square
125,10,Ordered,2333,30,square
125,100,Ordered,2139,80,square
125,10,Ordered,2200,50,square
125,10,Ordered,2390,80,square
125,100,Ordered,4559,30,square
125,100,Ordered,1900,40,square
125,100,Ordered,2069,50,square
125,10,Ordered,2391,20,square
125,100,Ordered,1761,90,square
125,100,Ordered,3157,10,square
125,100,Ordered,2170,0,square
125,10,Ordered,2975,90,square
125,10,Ordered,1519,60,square
125,10,Ordered,1939,40,square
125,10,Ordered,37489,50,house
125,10,Ordered,1995,40,house
125,100,Ordered,2989,20,house
125,100,Ordered,1710,90,house
125,10,Ordered,2354,80,house
125,100,Ordered,2174,70,house
125,100,Ordered,2353,30,house
125,10,Ordered,2103,70,house
125,100,Ordered,2625,40,house
125,10,Ordered,2441,0,house
125,10,Ordered,2158,20,house
125,10,Ordered,1941,60,house
125,100,Ordered,2996,50,house
125,10,Ordered,1958,90,house
125,10,Ordered,1946,10,house
125,100,Ordered,2903,10,house
125,10,Ordered,3135,30,house
125,100,Ordered,2503,80,house
125,100,Ordered,7714,60,house
125,100,Random,3011,30,square
125,10,Random,2107,100,square
125,100,Random,1901,20,square
125,100,Random,2190,40,square
125,100,Random,1584,90,square
125,10,Random,2243,30,square
125,100,Random,1837,70,square
125,10,Random,2152,70,square
125,100,Random,2114,60,square
125,100,Random,3264,10,square
125,10,Random,2395,20,square
125,10,Random,2089,80,square
125,100,Random,1807,50,square
125,100,Random,1439,80,square
125,10,Random,2049,90,square
125,10,Random,4563,10,square
125,10,Random,1739,50,square
125,10,Random,2016,40,square
125,10,Random,1799,60,square
125,10,Random,3617,50,house
125,10,Random,3262,30,house
125,100,Random,1981,90,house
125,100,Random,2489,10,house
125,10,Random,2086,10,house
125,10,Random,2958,40,house
125,100,Random,1990,40,house
125,100,Random,1575,30,house
125,10,Random,1954,20,house
125,10,Random,2024,0,house
125,100,Random,1679,80,house
125,10,Random,2329,90,house
125,100,Random,7561,20,house
125,100,Random,1708,50,house
125,10,Random,2170,80,house
125,100,Random,3669,60,house
125,10,Random,2330,60,house
125,10,Random,1483,70,house
125,100,Random,1712,70,house
126,100,NA,41456,80,naturalFrequency
126,100,NA,22240,30,naturalFrequency
126,100,NA,1728,90,naturalFrequency
126,100,NA,1598,100,naturalFrequency
126,10,NA,3404,70,naturalFrequency
126,100,NA,40538,70,naturalFrequency
126,10,NA,13678,60,naturalFrequency
126,10,NA,1480,90,naturalFrequency
126,100,NA,1500,50,naturalFrequency
126,10,NA,1654,50,naturalFrequency
126,10,NA,125177,10,naturalFrequency
126,10,NA,15480,80,naturalFrequency
126,10,NA,1336,30,naturalFrequency
126,100,NA,2738,60,naturalFrequency
126,100,NA,1966,10,naturalFrequency
126,10,NA,1300,20,naturalFrequency
126,100,NA,2270,40,naturalFrequency
126,10,NA,1122,40,naturalFrequency
126,100,NA,980,20,naturalFrequency
126,100,Ordered,6413,30,square
126,10,Ordered,2692,100,square
126,100,Ordered,1294,20,square
126,100,Ordered,1076,60,square
126,100,Ordered,908,50,square
126,10,Ordered,2672,90,square
126,10,Ordered,970,70,square
126,10,Ordered,748,80,square
126,100,Ordered,1000,40,square
126,100,Ordered,697,90,square
126,10,Ordered,2748,40,square
126,10,Ordered,855,30,square
126,10,Ordered,2434,50,square
126,100,Ordered,1804,10,square
126,100,Ordered,1200,80,square
126,10,Ordered,1608,60,square
126,100,Ordered,890,70,square
126,10,Ordered,1098,10,square
126,10,Ordered,1112,20,square
126,100,Ordered,3234,50,house
126,10,Ordered,29065,70,house
126,100,Ordered,15064,10,house
126,100,Ordered,1324,60,house
126,10,Ordered,1181,90,house
126,10,Ordered,1736,50,house
126,100,Ordered,1744,40,house
126,100,Ordered,854,80,house
126,10,Ordered,1264,0,house
126,10,Ordered,1331,40,house
126,10,Ordered,1304,20,house
126,10,Ordered,1259,80,house
126,100,Ordered,1340,20,house
126,100,Ordered,1060,90,house
126,10,Ordered,1466,10,house
126,100,Ordered,938,70,house
126,100,Ordered,1035,30,house
126,10,Ordered,13050,30,house
126,10,Ordered,1136,60,house
126,10,Random,9131,50,square
126,100,Random,1101,40,square
126,100,Random,985,90,square
126,10,Random,1335,80,square
126,10,Random,1381,20,square
126,10,Random,1221,100,square
126,10,Random,6695,30,square
126,10,Random,6135,40,square
126,10,Random,11608,70,square
126,100,Random,3807,30,square
126,100,Random,1809,50,square
126,10,Random,2090,90,square
126,100,Random,1134,10,square
126,10,Random,10422,10,square
126,100,Random,1007,20,square
126,100,Random,904,80,square
126,10,Random,10929,60,square
126,100,Random,1053,60,square
126,100,Random,934,70,square
126,100,Random,8532,10,house
126,10,Random,1926,80,house
126,100,Random,1223,80,house
126,100,Random,27048,30,house
126,100,Random,831,20,house
126,10,Random,1630,90,house
126,10,Random,1316,10,house
126,10,Random,1090,50,house
126,100,Random,1103,70,house
126,10,Random,2806,30,house
126,10,Random,958,40,house
126,100,Random,1340,50,house
126,10,Random,2012,70,house
126,100,Random,1056,90,house
126,10,Random,1105,60,house
126,100,Random,1309,40,house
126,100,Random,12537,100,house
126,10,Random,1455,20,house
126,100,Random,2683,60,house
127,100,NA,13606,10,naturalFrequency
127,100,NA,1504,20,naturalFrequency
127,10,NA,1810,90,naturalFrequency
127,10,NA,1247,70,naturalFrequency
127,100,NA,1172,90,naturalFrequency
127,100,NA,2879,30,naturalFrequency
127,10,NA,1407,60,naturalFrequency
127,100,NA,2287,70,naturalFrequency
127,100,NA,1137,50,naturalFrequency
127,10,NA,1136,80,naturalFrequency
127,10,NA,1027,50,naturalFrequency
127,10,NA,1726,10,naturalFrequency
127,100,NA,1000,80,naturalFrequency
127,100,NA,1454,0,naturalFrequency
127,100,NA,1047,40,naturalFrequency
127,10,NA,976,40,naturalFrequency
127,100,NA,1019,60,naturalFrequency
127,10,NA,1158,30,naturalFrequency
127,10,NA,1026,20,naturalFrequency
127,100,Ordered,4378,40,square
127,100,Ordered,1168,30,square
127,100,Ordered,1052,50,square
127,10,Ordered,2265,100,square
127,10,Ordered,1351,90,square
127,100,Ordered,1460,80,square
127,100,Ordered,1620,20,square
127,100,Ordered,1176,10,square
127,10,Ordered,1482,70,square
127,100,Ordered,1169,60,square
127,100,Ordered,990,70,square
127,10,Ordered,1753,40,square
127,10,Ordered,1039,60,square
127,100,Ordered,1232,90,square
127,10,Ordered,1477,20,square
127,10,Ordered,1012,30,square
127,10,Ordered,1011,50,square
127,10,Ordered,1128,10,square
127,10,Ordered,1177,80,square
127,100,Ordered,3885,10,house
127,10,Ordered,1349,30,house
127,10,Ordered,905,50,house
127,10,Ordered,1015,10,house
127,100,Ordered,3304,20,house
127,100,Ordered,1057,90,house
127,100,Ordered,1330,40,house
127,10,Ordered,1606,100,house
127,10,Ordered,1277,20,house
127,100,Ordered,1967,60,house
127,100,Ordered,954,50,house
127,10,Ordered,1578,40,house
127,100,Ordered,1877,70,house
127,100,Ordered,1335,30,house
127,10,Ordered,1198,60,house
127,10,Ordered,876,90,house
127,10,Ordered,723,80,house
127,10,Ordered,918,70,house
127,100,Ordered,1428,80,house
127,10,Random,1687,60,square
127,10,Random,1810,30,square
127,10,Random,1135,20,square
127,100,Random,6048,20,square
127,10,Random,1213,50,square
127,100,Random,1376,90,square
127,10,Random,1606,90,square
127,10,Random,969,40,square
127,100,Random,1273,30,square
127,10,Random,1308,10,square
127,100,Random,1099,60,square
127,100,Random,995,70,square
127,100,Random,1148,0,square
127,10,Random,1589,70,square
127,10,Random,866,80,square
127,100,Random,1668,10,square
127,100,Random,927,80,square
127,100,Random,1016,50,square
127,100,Random,1328,40,square
127,10,Random,2008,70,house
127,100,Random,1663,20,house
127,10,Random,1256,80,house
127,100,Random,1561,60,house
127,10,Random,1425,30,house
127,100,Random,1658,30,house
127,100,Random,1392,10,house
127,10,Random,1315,40,house
127,10,Random,808,90,house
127,100,Random,1227,40,house
127,10,Random,1278,10,house
127,10,Random,1140,50,house
127,100,Random,1256,90,house
127,10,Random,1184,60,house
127,100,Random,1236,50,house
127,10,Random,1280,20,house
127,10,Random,1682,0,house
127,100,Random,1411,70,house
127,100,Random,1634,80,house
128,10,NA,10671,50,naturalFrequency
128,10,NA,3030,30,naturalFrequency
128,100,NA,2849,30,naturalFrequency
128,10,NA,6504,80,naturalFrequency
128,10,NA,3083,10,naturalFrequency
128,10,NA,1801,70,naturalFrequency
128,100,NA,3616,20,naturalFrequency
128,10,NA,2391,100,naturalFrequency
128,100,NA,3184,40,naturalFrequency
128,10,NA,3299,90,naturalFrequency
128,100,NA,2151,10,naturalFrequency
128,10,NA,2172,40,naturalFrequency
128,10,NA,3049,20,naturalFrequency
128,10,NA,1560,60,naturalFrequency
128,100,NA,2021,70,naturalFrequency
128,100,NA,1662,80,naturalFrequency
128,100,NA,3138,60,naturalFrequency
128,100,NA,1542,90,naturalFrequency
128,100,NA,1419,50,naturalFrequency
128,100,Ordered,7782,50,square
128,10,Ordered,3201,10,square
128,100,Ordered,1703,70,square
128,100,Ordered,1508,60,square
128,10,Ordered,1754,30,square
128,10,Ordered,1498,90,square
128,10,Ordered,1415,50,square
128,10,Ordered,990,20,square
128,10,Ordered,1053,70,square
128,10,Ordered,1754,40,square
128,10,Ordered,2325,60,square
128,100,Ordered,1366,20,square
128,100,Ordered,1154,10,square
128,10,Ordered,998,100,square
128,100,Ordered,901,90,square
128,100,Ordered,984,30,square
128,100,Ordered,974,40,square
128,100,Ordered,881,80,square
128,10,Ordered,1907,80,square
128,100,Ordered,6658,60,house
128,10,Ordered,2789,60,house
128,100,Ordered,1069,10,house
128,100,Ordered,1356,70,house
128,10,Ordered,1321,90,house
128,10,Ordered,1321,70,house
128,10,Ordered,1158,30,house
128,100,Ordered,1069,90,house
128,100,Ordered,1378,20,house
128,100,Ordered,903,30,house
128,10,Ordered,1280,80,house
128,100,Ordered,1450,50,house
128,100,Ordered,833,80,house
128,10,Ordered,1156,20,house
128,10,Ordered,876,40,house
128,100,Ordered,1160,40,house
128,100,Ordered,864,100,house
128,10,Ordered,1803,50,house
128,10,Ordered,1136,10,house
128,10,Random,2277,90,square
128,100,Random,2893,60,square
128,10,Random,1755,70,square
128,100,Random,1190,30,square
128,100,Random,1905,10,square
128,100,Random,1245,50,square
128,10,Random,1406,40,square
128,100,Random,2000,80,square
128,10,Random,1334,20,square
128,10,Random,1024,10,square
128,10,Random,1003,50,square
128,10,Random,861,60,square
128,100,Random,1293,0,square
128,100,Random,982,70,square
128,10,Random,1191,80,square
128,100,Random,1443,20,square
128,100,Random,1170,90,square
128,10,Random,1112,30,square
128,100,Random,1048,40,square
128,100,Random,5232,70,house
128,100,Random,1993,60,house
128,100,Random,1090,10,house
128,100,Random,1015,40,house
128,100,Random,1202,20,house
128,10,Random,939,10,house
128,100,Random,1016,30,house
128,10,Random,1057,60,house
128,100,Random,803,90,house
128,10,Random,910,40,house
128,10,Random,800,80,house
128,10,Random,1204,90,house
128,10,Random,1148,70,house
128,100,Random,906,80,house
128,10,Random,981,100,house
128,10,Random,1062,50,house
128,10,Random,1292,20,house
128,10,Random,1476,30,house
128,100,Random,1618,50,house
129,10,NA,2820,60,naturalFrequency
129,100,NA,1826,10,naturalFrequency
129,100,NA,2923,70,naturalFrequency
129,10,NA,1410,70,naturalFrequency
129,100,NA,1530,60,naturalFrequency
129,10,NA,1122,80,naturalFrequency
129,10,NA,2021,50,naturalFrequency
129,10,NA,1085,20,naturalFrequency
129,10,NA,815,30,naturalFrequency
129,100,NA,2105,100,naturalFrequency
129,100,NA,973,90,naturalFrequency
129,100,NA,991,40,naturalFrequency
129,100,NA,5175,50,naturalFrequency
129,100,NA,1188,20,naturalFrequency
129,100,NA,1308,80,naturalFrequency
129,10,NA,1167,40,naturalFrequency
129,100,NA,1131,30,naturalFrequency
129,10,NA,928,10,naturalFrequency
129,10,NA,1056,90,naturalFrequency
129,100,Ordered,1175,70,square
129,10,Ordered,1214,60,square
129,10,Ordered,1049,70,square
129,100,Ordered,975,40,square
129,100,Ordered,919,30,square
129,10,Ordered,926,10,square
129,100,Ordered,796,80,square
129,10,Ordered,1974,50,square
129,100,Ordered,1057,0,square
129,100,Ordered,863,60,square
129,10,Ordered,965,90,square
129,10,Ordered,900,30,square
129,100,Ordered,1048,50,square
129,10,Ordered,1002,20,square
129,10,Ordered,789,80,square
129,100,Ordered,834,90,square
129,100,Ordered,870,20,square
129,10,Ordered,1847,40,square
129,100,Ordered,1168,10,square
129,10,Ordered,2963,60,house
129,10,Ordered,1021,70,house
129,10,Ordered,1195,50,house
129,10,Ordered,1892,40,house
129,100,Ordered,1203,30,house
129,10,Ordered,1121,90,house
129,100,Ordered,1086,10,house
129,10,Ordered,917,30,house
129,100,Ordered,973,70,house
129,100,Ordered,822,60,house
129,100,Ordered,842,20,house
129,100,Ordered,2631,50,house
129,10,Ordered,1131,80,house
129,100,Ordered,963,90,house
129,100,Ordered,787,100,house
129,100,Ordered,990,80,house
129,100,Ordered,974,40,house
129,10,Ordered,1243,10,house
129,10,Ordered,769,20,house
129,10,Random,2153,40,square
129,10,Random,1271,80,square
129,10,Random,1474,30,square
129,100,Random,1187,30,square
129,100,Random,1057,60,square
129,100,Random,1167,50,square
129,100,Random,1420,80,square
129,10,Random,1224,100,square
129,10,Random,918,90,square
129,10,Random,975,70,square
129,100,Random,1093,70,square
129,10,Random,1076,20,square
129,100,Random,1037,20,square
129,10,Random,2004,60,square
129,10,Random,9485,50,square
129,100,Random,2328,40,square
129,100,Random,1178,10,square
129,100,Random,1880,90,square
129,10,Random,935,10,square
129,100,Random,1843,20,house
129,100,Random,2454,60,house
129,10,Random,1178,90,house
129,100,Random,1048,90,house
129,100,Random,1083,70,house
129,100,Random,2473,80,house
129,10,Random,1437,80,house
129,100,Random,1046,50,house
129,100,Random,1093,10,house
129,10,Random,1085,20,house
129,100,Random,1120,30,house
129,100,Random,1148,40,house
129,10,Random,1012,100,house
129,10,Random,2753,30,house
129,10,Random,1558,40,house
129,10,Random,1187,70,house
129,10,Random,900,50,house
129,10,Random,1065,60,house
129,10,Random,964,10,house
130,100,NA,49575,30,naturalFrequency
130,100,NA,2362,60,naturalFrequency
130,10,NA,3056,20,naturalFrequency
130,10,NA,1847,50,naturalFrequency
130,10,NA,3468,70,naturalFrequency
130,10,NA,1503,40,naturalFrequency
130,10,NA,1227,80,naturalFrequency
130,100,NA,1868,20,naturalFrequency
130,10,NA,1639,30,naturalFrequency
130,100,NA,2652,80,naturalFrequency
130,10,NA,1799,0,naturalFrequency
130,100,NA,2313,90,naturalFrequency
130,10,NA,1461,90,naturalFrequency
130,10,NA,1763,10,naturalFrequency
130,100,NA,4309,70,naturalFrequency
130,100,NA,2178,40,naturalFrequency
130,100,NA,1290,10,naturalFrequency
130,100,NA,1160,50,naturalFrequency
130,10,NA,1978,60,naturalFrequency
130,100,Ordered,33912,40,square
130,10,Ordered,47019,30,square
130,10,Ordered,1422,40,square
130,100,Ordered,3226,60,square
130,10,Ordered,4484,90,square
130,100,Ordered,2360,20,square
130,10,Ordered,1266,50,square
130,10,Ordered,3209,70,square
130,10,Ordered,858,100,square
130,100,Ordered,1435,30,square
130,10,Ordered,1412,10,square
130,100,Ordered,1476,50,square
130,100,Ordered,2530,80,square
130,100,Ordered,1267,70,square
130,10,Ordered,1228,60,square
130,100,Ordered,1173,90,square
130,100,Ordered,1387,10,square
130,10,Ordered,1579,20,square
130,10,Ordered,1051,80,square
130,100,Ordered,7269,40,house
130,10,Ordered,2951,40,house
130,10,Ordered,1945,50,house
130,100,Ordered,2471,80,house
130,100,Ordered,2154,90,house
130,10,Ordered,4323,80,house
130,10,Ordered,1771,20,house
130,10,Ordered,1647,90,house
130,100,Ordered,2286,30,house
130,10,Ordered,1928,60,house
130,100,Ordered,1562,60,house
130,10,Ordered,1849,30,house
130,10,Ordered,1853,70,house
130,10,Ordered,2306,0,house
130,100,Ordered,2079,20,house
130,10,Ordered,1637,10,house
130,100,Ordered,1283,10,house
130,100,Ordered,7374,70,house
130,100,Ordered,1900,50,house
130,10,Random,3836,20,square
130,100,Random,2175,30,square
130,100,Random,1199,80,square
130,100,Random,1771,20,square
130,100,Random,924,100,square
130,100,Random,9986,50,square
130,10,Random,1347,70,square
130,10,Random,1359,60,square
130,100,Random,2613,10,square
130,10,Random,1553,90,square
130,10,Random,1009,80,square
130,100,Random,2022,60,square
130,100,Random,1284,90,square
130,100,Random,931,70,square
130,10,Random,1388,30,square
130,10,Random,1569,50,square
130,100,Random,1520,40,square
130,10,Random,1211,10,square
130,10,Random,1593,40,square
130,100,Random,1635,10,house
130,10,Random,1431,70,house
130,10,Random,1260,40,house
130,10,Random,2919,30,house
130,100,Random,1428,60,house
130,10,Random,1208,20,house
130,100,Random,1488,20,house
130,10,Random,2134,90,house
130,100,Random,9134,90,house
130,100,Random,1962,50,house
130,100,Random,2409,30,house
130,100,Random,3008,40,house
130,10,Random,4909,80,house
130,10,Random,1202,60,house
130,10,Random,1144,50,house
130,10,Random,1392,100,house
130,10,Random,2710,10,house
130,100,Random,1341,70,house
130,100,Random,1396,80,house
131,10,NA,11087,10,naturalFrequency
131,100,NA,2005,70,naturalFrequency
131,100,NA,3000,20,naturalFrequency
131,10,NA,1945,50,naturalFrequency
131,10,NA,18935,70,naturalFrequency
131,100,NA,6400,10,naturalFrequency
131,100,NA,2840,60,naturalFrequency
131,10,NA,3328,90,naturalFrequency
131,100,NA,3080,90,naturalFrequency
131,100,NA,3392,50,naturalFrequency
131,10,NA,2088,80,naturalFrequency
131,100,NA,2793,30,naturalFrequency
131,10,NA,2248,60,naturalFrequency
131,10,NA,6616,40,naturalFrequency
131,10,NA,2504,30,naturalFrequency
131,100,NA,3191,80,naturalFrequency
131,10,NA,3264,0,naturalFrequency
131,10,NA,2744,20,naturalFrequency
131,100,NA,2231,40,naturalFrequency
131,100,Ordered,16254,80,square
131,100,Ordered,13951,60,square
131,10,Ordered,5783,40,square
131,100,Ordered,2704,40,square
131,10,Ordered,5184,90,square
131,100,Ordered,4607,20,square
131,10,Ordered,3095,20,square
131,10,Ordered,1728,30,square
131,10,Ordered,1304,10,square
131,10,Ordered,2103,60,square
131,100,Ordered,2311,50,square
131,100,Ordered,5648,0,square
131,10,Ordered,3287,70,square
131,10,Ordered,3688,50,square
131,10,Ordered,5392,80,square
131,100,Ordered,4656,70,square
131,100,Ordered,1920,30,square
131,100,Ordered,1624,10,square
131,100,Ordered,3104,90,square
131,10,Ordered,13934,40,house
131,10,Ordered,3319,30,house
131,10,Ordered,1478,10,house
131,10,Ordered,1343,0,house
131,100,Ordered,1928,20,house
131,100,Ordered,1514,10,house
131,10,Ordered,1775,90,house
131,10,Ordered,2567,50,house
131,10,Ordered,2718,70,house
131,100,Ordered,3771,40,house
131,100,Ordered,1857,60,house
131,100,Ordered,2531,50,house
131,10,Ordered,1984,80,house
131,100,Ordered,1604,90,house
131,10,Ordered,1687,20,house
131,10,Ordered,1943,60,house
131,100,Ordered,2012,70,house
131,100,Ordered,1089,80,house
131,100,Ordered,2208,30,house
131,10,Random,4568,20,square
131,100,Random,3494,60,square
131,100,Random,1679,20,square
131,100,Random,4687,50,square
131,10,Random,7696,50,square
131,10,Random,1647,80,square
131,100,Random,1784,30,square
131,100,Random,1735,70,square
131,100,Random,2015,80,square
131,10,Random,2328,30,square
131,10,Random,1503,10,square
131,100,Random,1512,10,square
131,100,Random,1264,40,square
131,100,Random,1016,90,square
131,10,Random,1312,90,square
131,10,Random,1456,60,square
131,10,Random,5199,40,square
131,10,Random,1824,70,square
131,100,Random,1439,100,square
131,100,Random,2544,20,house
131,10,Random,1791,70,house
131,100,Random,4315,70,house
131,10,Random,3328,80,house
131,10,Random,2375,30,house
131,10,Random,1547,10,house
131,10,Random,4550,50,house
131,100,Random,1802,80,house
131,10,Random,8855,40,house
131,100,Random,1826,90,house
131,100,Random,2331,30,house
131,10,Random,1704,60,house
131,100,Random,1435,10,house
131,10,Random,2535,20,house
131,10,Random,1335,90,house
131,100,Random,1873,40,house
131,100,Random,1235,50,house
131,10,Random,1419,100,house
131,100,Random,1539,60,house
132,100,NA,18832,40,naturalFrequency
132,10,NA,3330,60,naturalFrequency
132,10,NA,3463,70,naturalFrequency
132,100,NA,8502,20,naturalFrequency
132,100,NA,8671,10,naturalFrequency
132,100,NA,4815,30,naturalFrequency
132,100,NA,2944,60,naturalFrequency
132,10,NA,6092,0,naturalFrequency
132,10,NA,3489,30,naturalFrequency
132,100,NA,4242,90,naturalFrequency
132,100,NA,2762,70,naturalFrequency
132,10,NA,3330,10,naturalFrequency
132,100,NA,2027,80,naturalFrequency
132,10,NA,1751,90,naturalFrequency
132,10,NA,2307,80,naturalFrequency
132,10,NA,3450,20,naturalFrequency
132,10,NA,1912,40,naturalFrequency
132,10,NA,2491,50,naturalFrequency
132,100,NA,6031,50,naturalFrequency
132,10,Ordered,8106,50,square
132,100,Ordered,5376,20,square
132,10,Ordered,6292,30,square
132,100,Ordered,2907,70,square
132,100,Ordered,6769,50,square
132,10,Ordered,6488,40,square
132,100,Ordered,2660,80,square
132,10,Ordered,3956,60,square
132,100,Ordered,3119,30,square
132,100,Ordered,2085,10,square
132,10,Ordered,4130,0,square
132,10,Ordered,2837,90,square
132,100,Ordered,2388,60,square
132,10,Ordered,3635,10,square
132,10,Ordered,2292,70,square
132,100,Ordered,4063,40,square
132,100,Ordered,3044,90,square
132,10,Ordered,3707,20,square
132,10,Ordered,1957,80,square
132,10,Ordered,4218,50,house
132,100,Ordered,2655,10,house
132,10,Ordered,1948,70,house
132,100,Ordered,3041,30,house
132,100,Ordered,2414,60,house
132,10,Ordered,3530,40,house
132,10,Ordered,2442,60,house
132,10,Ordered,2484,30,house
132,100,Ordered,6245,50,house
132,10,Ordered,1936,20,house
132,100,Ordered,2144,90,house
132,10,Ordered,2603,10,house
132,100,Ordered,2224,70,house
132,10,Ordered,1559,90,house
132,100,Ordered,3103,20,house
132,100,Ordered,4113,40,house
132,100,Ordered,2290,100,house
132,100,Ordered,2351,80,house
132,10,Ordered,2930,80,house
132,100,Random,5805,60,square
132,10,Random,2628,10,square
132,100,Random,2411,70,square
132,10,Random,3435,30,square
132,100,Random,2004,30,square
132,100,Random,3755,40,square
132,10,Random,2579,90,square
132,100,Random,3974,90,square
132,10,Random,2571,100,square
132,10,Random,1737,70,square
132,100,Random,2675,10,square
132,10,Random,2236,20,square
132,10,Random,2895,80,square
132,10,Random,3950,60,square
132,100,Random,2890,20,square
132,10,Random,3482,50,square
132,100,Random,3027,80,square
132,10,Random,3884,40,square
132,100,Random,3262,50,square
132,100,Random,3008,60,house
132,100,Random,2048,20,house
132,100,Random,2298,30,house
132,100,Random,1751,90,house
132,100,Random,3046,10,house
132,100,Random,1670,80,house
132,10,Random,5375,50,house
132,10,Random,2836,40,house
132,10,Random,1531,80,house
132,10,Random,2659,60,house
132,100,Random,1646,70,house
132,100,Random,2431,40,house
132,10,Random,2782,10,house
132,10,Random,1773,90,house
132,100,Random,1840,100,house
132,10,Random,2591,20,house
132,10,Random,1894,30,house
132,10,Random,1725,70,house
132,100,Random,2256,50,house
133,100,NA,31467,10,naturalFrequency
133,10,NA,5943,10,naturalFrequency
133,100,NA,5389,60,naturalFrequency
133,100,NA,5215,100,naturalFrequency
133,100,NA,2261,90,naturalFrequency
133,100,NA,10366,20,naturalFrequency
133,100,NA,2507,70,naturalFrequency
133,100,NA,2159,50,naturalFrequency
133,10,NA,2008,80,naturalFrequency
133,10,NA,2636,70,naturalFrequency
133,10,NA,2465,90,naturalFrequency
133,10,NA,1571,20,naturalFrequency
133,10,NA,5850,30,naturalFrequency
133,100,NA,2757,30,naturalFrequency
133,100,NA,3822,40,naturalFrequency
133,100,NA,1889,80,naturalFrequency
133,10,NA,3304,50,naturalFrequency
133,10,NA,2865,60,naturalFrequency
133,10,NA,5692,40,naturalFrequency
133,10,Ordered,9845,100,square
133,100,Ordered,3802,20,square
133,100,Ordered,2838,40,square
133,10,Ordered,3148,70,square
133,10,Ordered,1427,80,square
133,100,Ordered,1931,50,square
133,10,Ordered,6952,50,square
133,100,Ordered,2918,10,square
133,10,Ordered,3597,20,square
133,100,Ordered,5465,30,square
133,10,Ordered,13479,30,square
133,100,Ordered,1543,70,square
133,100,Ordered,1625,60,square
133,10,Ordered,1550,10,square
133,10,Ordered,1417,90,square
133,100,Ordered,1589,90,square
133,10,Ordered,1588,60,square
133,10,Ordered,1386,40,square
133,100,Ordered,1373,80,square
133,100,Ordered,6658,80,house
133,10,Ordered,1837,80,house
133,10,Ordered,1549,10,house
133,10,Ordered,1694,30,house
133,100,Ordered,1607,90,house
133,100,Ordered,1465,60,house
133,10,Ordered,1470,20,house
133,100,Ordered,1584,30,house
133,10,Ordered,1393,100,house
133,100,Ordered,1856,70,house
133,10,Ordered,1874,90,house
133,10,Ordered,2060,70,house
133,100,Ordered,1584,10,house
133,100,Ordered,1850,40,house
133,100,Ordered,1406,20,house
133,10,Ordered,1659,60,house
133,100,Ordered,1744,50,house
133,10,Ordered,2649,40,house
133,10,Ordered,1751,50,house
133,100,Random,3528,80,square
133,100,Random,5113,30,square
133,100,Random,2319,0,square
133,100,Random,1990,70,square
133,100,Random,1878,90,square
133,10,Random,1810,70,square
133,10,Random,6550,90,square
133,10,Random,2285,20,square
133,10,Random,1442,60,square
133,100,Random,2002,20,square
133,100,Random,1479,50,square
133,100,Random,1650,60,square
133,100,Random,1613,40,square
133,100,Random,2364,10,square
133,10,Random,2015,80,square
133,10,Random,1811,40,square
133,10,Random,3077,30,square
133,10,Random,1564,10,square
133,10,Random,1587,50,square
133,100,Random,5903,30,house
133,10,Random,1954,90,house
133,10,Random,1431,50,house
133,100,Random,1783,90,house
133,10,Random,2556,30,house
133,10,Random,1302,80,house
133,100,Random,1696,70,house
133,100,Random,1726,40,house
133,100,Random,1322,20,house
133,100,Random,1665,60,house
133,10,Random,5022,0,house
133,10,Random,3143,70,house
133,100,Random,2090,10,house
133,100,Random,1649,80,house
133,10,Random,1691,20,house
133,10,Random,1855,60,house
133,10,Random,1602,40,house
133,100,Random,3324,50,house
133,10,Random,2014,10,house
134,100,NA,11283,80,naturalFrequency
134,100,NA,3525,90,naturalFrequency
134,10,NA,3871,50,naturalFrequency
134,100,NA,2702,30,naturalFrequency
134,100,NA,1736,70,naturalFrequency
134,10,NA,3695,60,naturalFrequency
134,100,NA,1727,60,naturalFrequency
134,10,NA,1674,10,naturalFrequency
134,100,NA,1923,20,naturalFrequency
134,10,NA,1657,20,naturalFrequency
134,100,NA,2163,10,naturalFrequency
134,10,NA,2774,40,naturalFrequency
134,100,NA,1649,50,naturalFrequency
134,10,NA,1533,80,naturalFrequency
134,10,NA,1825,90,naturalFrequency
134,10,NA,1383,70,naturalFrequency
134,10,NA,2083,30,naturalFrequency
134,100,NA,1648,100,naturalFrequency
134,100,NA,4326,40,naturalFrequency
134,10,Ordered,8639,70,square
134,100,Ordered,1728,10,square
134,10,Ordered,1801,10,square
134,100,Ordered,3671,30,square
134,100,Ordered,1339,50,square
134,10,Ordered,2659,60,square
134,10,Ordered,2918,40,square
134,10,Ordered,2057,50,square
134,100,Ordered,1800,20,square
134,10,Ordered,2650,30,square
134,100,Ordered,1543,60,square
134,100,Ordered,1436,70,square
134,10,Ordered,2483,80,square
134,10,Ordered,1855,20,square
134,100,Ordered,1569,90,square
134,10,Ordered,1677,90,square
134,100,Ordered,3556,40,square
134,100,Ordered,1276,80,square
134,100,Ordered,1161,100,square
134,10,Ordered,4291,90,house
134,10,Ordered,1329,80,house
134,10,Ordered,1382,30,house
134,10,Ordered,1505,20,house
134,100,Ordered,1643,10,house
134,100,Ordered,1566,20,house
134,10,Ordered,1595,70,house
134,10,Ordered,2020,10,house
134,10,Ordered,1860,60,house
134,100,Ordered,1589,70,house
134,100,Ordered,2034,40,house
134,100,Ordered,1708,90,house
134,100,Ordered,4890,50,house
134,100,Ordered,1411,80,house
134,10,Ordered,2233,40,house
134,100,Ordered,1768,30,house
134,10,Ordered,1683,50,house
134,100,Ordered,3371,60,house
134,100,Ordered,1776,0,house
134,100,Random,3776,90,square
134,100,Random,1604,0,square
134,10,Random,3796,10,square
134,10,Random,1296,90,square
134,100,Random,4025,30,square
134,10,Random,3821,50,square
134,100,Random,1710,50,square
134,10,Random,1923,70,square
134,100,Random,1684,10,square
134,100,Random,1409,70,square
134,100,Random,3874,20,square
134,10,Random,1526,80,square
134,10,Random,3095,60,square
134,10,Random,2562,40,square
134,100,Random,2145,40,square
134,100,Random,940,80,square
134,10,Random,1534,20,square
134,100,Random,1746,60,square
134,10,Random,3751,30,square
134,100,Random,2675,70,house
134,10,Random,3014,70,house
134,100,Random,1996,20,house
134,10,Random,1682,30,house
134,10,Random,1489,90,house
134,100,Random,1567,80,house
134,10,Random,2331,80,house
134,100,Random,3326,30,house
134,10,Random,2702,40,house
134,100,Random,3854,50,house
134,100,Random,1031,60,house
134,100,Random,1123,10,house
134,100,Random,1238,90,house
134,10,Random,2508,10,house
134,10,Random,3660,60,house
134,100,Random,3525,40,house
134,10,Random,1639,100,house
134,10,Random,2331,50,house
134,10,Random,1177,20,house
135,100,NA,5666,10,naturalFrequency
135,10,NA,1634,60,naturalFrequency
135,100,NA,1420,60,naturalFrequency
135,100,NA,1736,40,naturalFrequency
135,10,NA,1257,80,naturalFrequency
135,100,NA,2621,20,naturalFrequency
135,100,NA,1032,30,naturalFrequency
135,10,NA,939,40,naturalFrequency
135,100,NA,765,90,naturalFrequency
135,100,NA,1018,50,naturalFrequency
135,10,NA,1057,10,naturalFrequency
135,10,NA,1364,30,naturalFrequency
135,100,NA,949,70,naturalFrequency
135,10,NA,873,90,naturalFrequency
135,10,NA,986,0,naturalFrequency
135,100,NA,809,80,naturalFrequency
135,10,NA,965,70,naturalFrequency
135,10,NA,888,20,naturalFrequency
135,10,NA,1578,50,naturalFrequency
135,100,Ordered,4292,60,square
135,10,Ordered,1422,60,square
135,10,Ordered,964,0,square
135,100,Ordered,1002,80,square
135,10,Ordered,1274,50,square
135,10,Ordered,1767,30,square
135,100,Ordered,876,90,square
135,10,Ordered,1100,20,square
135,100,Ordered,3709,20,square
135,10,Ordered,1204,40,square
135,100,Ordered,917,10,square
135,10,Ordered,938,90,square
135,100,Ordered,992,50,square
135,10,Ordered,880,10,square
135,10,Ordered,738,80,square
135,10,Ordered,820,70,square
135,100,Ordered,2543,40,square
135,100,Ordered,2676,30,square
135,100,Ordered,695,70,square
135,100,Ordered,2228,50,house
135,10,Ordered,1034,90,house
135,100,Ordered,2634,30,house
135,10,Ordered,1334,30,house
135,10,Ordered,718,80,house
135,10,Ordered,1194,40,house
135,10,Ordered,903,70,house
135,100,Ordered,993,80,house
135,10,Ordered,993,10,house
135,100,Ordered,1223,20,house
135,100,Ordered,860,10,house
135,100,Ordered,929,40,house
135,100,Ordered,682,90,house
135,10,Ordered,1040,60,house
135,10,Ordered,1129,50,house
135,100,Ordered,953,70,house
135,100,Ordered,822,60,house
135,100,Ordered,914,100,house
135,10,Ordered,1333,20,house
135,10,Random,3733,30,square
135,100,Random,2990,40,square
135,10,Random,924,70,square
135,10,Random,891,50,square
135,10,Random,1058,40,square
135,100,Random,1000,80,square
135,10,Random,671,100,square
135,100,Random,814,60,square
135,10,Random,1064,10,square
135,10,Random,746,80,square
135,100,Random,962,90,square
135,100,Random,2876,30,square
135,10,Random,2474,20,square
135,100,Random,936,50,square
135,100,Random,956,10,square
135,10,Random,842,60,square
135,100,Random,917,70,square
135,10,Random,816,90,square
135,100,Random,1005,20,square
135,100,Random,2674,80,house
135,10,Random,1101,50,house
135,10,Random,671,90,house
135,10,Random,884,60,house
135,100,Random,1089,20,house
135,10,Random,745,70,house
135,10,Random,1354,40,house
135,10,Random,1213,30,house
135,100,Random,1959,30,house
135,100,Random,1853,40,house
135,100,Random,633,60,house
135,100,Random,961,10,house
135,10,Random,1229,10,house
135,10,Random,632,80,house
135,10,Random,1110,0,house
135,100,Random,857,90,house
135,100,Random,885,70,house
135,100,Random,1542,50,house
135,10,Random,969,20,house
136,100,NA,3385,20,naturalFrequency
136,100,NA,11192,40,naturalFrequency
136,10,NA,1674,0,naturalFrequency
136,100,NA,1047,80,naturalFrequency
136,10,NA,1875,40,naturalFrequency
136,10,NA,3973,50,naturalFrequency
136,100,NA,2192,70,naturalFrequency
136,10,NA,2018,70,naturalFrequency
136,10,NA,2484,30,naturalFrequency
136,10,NA,715,90,naturalFrequency
136,10,NA,810,60,naturalFrequency
136,100,NA,1127,50,naturalFrequency
136,100,NA,1331,10,naturalFrequency
136,10,NA,865,10,naturalFrequency
136,100,NA,1385,90,naturalFrequency
136,100,NA,1372,60,naturalFrequency
136,10,NA,1104,80,naturalFrequency
136,10,NA,1441,20,naturalFrequency
136,100,NA,4192,30,naturalFrequency
136,10,Ordered,4323,90,square
136,100,Ordered,1212,100,square
136,100,Ordered,1220,70,square
136,100,Ordered,1145,60,square
136,10,Ordered,1954,80,square
136,100,Ordered,2750,20,square
136,100,Ordered,1712,10,square
136,100,Ordered,1142,50,square
136,100,Ordered,1431,30,square
136,10,Ordered,1894,30,square
136,10,Ordered,1515,20,square
136,10,Ordered,1390,40,square
136,100,Ordered,1034,40,square
136,100,Ordered,752,90,square
136,10,Ordered,1033,10,square
136,10,Ordered,1033,70,square
136,100,Ordered,1142,80,square
136,10,Ordered,1279,60,square
136,10,Ordered,1229,50,square
136,100,Ordered,54935,90,house
136,100,Ordered,5988,10,house
136,100,Ordered,1656,20,house
136,100,Ordered,2269,70,house
136,100,Ordered,3049,40,house
136,100,Ordered,1844,80,house
136,10,Ordered,2068,0,house
136,100,Ordered,1339,30,house
136,10,Ordered,2551,20,house
136,10,Ordered,1154,60,house
136,10,Ordered,1041,40,house
136,100,Ordered,838,50,house
136,10,Ordered,1268,50,house
136,10,Ordered,1364,80,house
136,10,Ordered,972,30,house
136,10,Ordered,1116,10,house
136,10,Ordered,725,70,house
136,100,Ordered,853,60,house
136,10,Ordered,971,90,house
136,10,Random,4107,70,square
136,100,Random,1066,70,square
136,100,Random,654,10,square
136,100,Random,1905,30,square
136,100,Random,1782,80,square
136,100,Random,1358,20,square
136,10,Random,1562,80,square
136,100,Random,2100,90,square
136,100,Random,1913,60,square
136,100,Random,1303,40,square
136,10,Random,8331,100,square
136,100,Random,1368,50,square
136,10,Random,1813,90,square
136,10,Random,1206,20,square
136,10,Random,1294,40,square
136,10,Random,2968,30,square
136,10,Random,1224,50,square
136,10,Random,764,10,square
136,10,Random,1218,60,square
136,10,Random,1476,10,house
136,100,Random,2663,60,house
136,100,Random,3304,0,house
136,100,Random,4367,70,house
136,10,Random,1068,20,house
136,100,Random,6645,20,house
136,10,Random,974,50,house
136,100,Random,1103,40,house
136,100,Random,916,50,house
136,100,Random,686,80,house
136,100,Random,640,90,house
136,100,Random,614,10,house
136,10,Random,1295,70,house
136,10,Random,893,40,house
136,10,Random,833,90,house
136,10,Random,589,80,house
136,100,Random,870,30,house
136,10,Random,908,30,house
136,10,Random,896,60,house
137,10,NA,13335,50,naturalFrequency
137,100,NA,6525,40,naturalFrequency
137,100,NA,3697,50,naturalFrequency
137,10,NA,2298,10,naturalFrequency
137,10,NA,2717,40,naturalFrequency
137,100,NA,2963,60,naturalFrequency
137,10,NA,1968,20,naturalFrequency
137,100,NA,15754,100,naturalFrequency
137,10,NA,11086,60,naturalFrequency
137,10,NA,7036,80,naturalFrequency
137,100,NA,16766,10,naturalFrequency
137,100,NA,4875,80,naturalFrequency
137,10,NA,11880,30,naturalFrequency
137,100,NA,4122,90,naturalFrequency
137,100,NA,7528,30,naturalFrequency
137,100,NA,3648,70,naturalFrequency
137,10,NA,4435,70,naturalFrequency
137,10,NA,3841,90,naturalFrequency
137,100,NA,3611,20,naturalFrequency
137,10,Ordered,21552,40,square
137,100,Ordered,27374,30,square
137,10,Ordered,21923,50,square
137,10,Ordered,3010,80,square
137,100,Ordered,3242,70,square
137,10,Ordered,9432,30,square
137,100,Ordered,3229,90,square
137,10,Ordered,11458,70,square
137,100,Ordered,3575,100,square
137,10,Ordered,2928,20,square
137,10,Ordered,7623,10,square
137,10,Ordered,3817,90,square
137,100,Ordered,4006,10,square
137,100,Ordered,12388,50,square
137,100,Ordered,5648,60,square
137,100,Ordered,3486,40,square
137,10,Ordered,2669,60,square
137,100,Ordered,3025,20,square
137,100,Ordered,2800,80,square
137,10,Ordered,12013,30,house
137,100,Ordered,3901,40,house
137,100,Ordered,2320,20,house
137,10,Ordered,2445,70,house
137,10,Ordered,3121,40,house
137,10,Ordered,2179,20,house
137,100,Ordered,2939,0,house
137,10,Ordered,1836,80,house
137,100,Ordered,2043,70,house
137,100,Ordered,3246,50,house
137,10,Ordered,3018,10,house
137,10,Ordered,1894,90,house
137,10,Ordered,4459,50,house
137,10,Ordered,2843,60,house
137,100,Ordered,2288,30,house
137,100,Ordered,2286,90,house
137,100,Ordered,1975,80,house
137,100,Ordered,2023,10,house
137,100,Ordered,3891,60,house
137,10,Random,5299,50,square
137,10,Random,2460,70,square
137,10,Random,3414,10,square
137,100,Random,2646,70,square
137,100,Random,4113,10,square
137,10,Random,2484,90,square
137,10,Random,4560,80,square
137,10,Random,2237,40,square
137,100,Random,5017,30,square
137,100,Random,2414,40,square
137,100,Random,2675,90,square
137,10,Random,2586,0,square
137,100,Random,3111,60,square
137,100,Random,27910,50,square
137,100,Random,2701,20,square
137,10,Random,5241,60,square
137,100,Random,2789,80,square
137,10,Random,2458,20,square
137,10,Random,2417,30,square
137,10,Random,5607,60,house
137,100,Random,2756,90,house
137,10,Random,2537,30,house
137,100,Random,2512,20,house
137,100,Random,2723,10,house
137,100,Random,25444,50,house
137,10,Random,2685,90,house
137,100,Random,3306,80,house
137,10,Random,2094,40,house
137,100,Random,5250,60,house
137,10,Random,6020,50,house
137,10,Random,4255,20,house
137,10,Random,5504,70,house
137,100,Random,2573,40,house
137,10,Random,2682,80,house
137,100,Random,2451,100,house
137,100,Random,1930,70,house
137,10,Random,2629,10,house
137,100,Random,3038,30,house
138,100,NA,6784,10,naturalFrequency
138,100,NA,1486,20,naturalFrequency
138,10,NA,3621,30,naturalFrequency
138,100,NA,1328,70,naturalFrequency
138,10,NA,1724,10,naturalFrequency
138,10,NA,1039,50,naturalFrequency
138,10,NA,2434,40,naturalFrequency
138,100,NA,2328,50,naturalFrequency
138,10,NA,1402,100,naturalFrequency
138,100,NA,2098,30,naturalFrequency
138,100,NA,1957,40,naturalFrequency
138,100,NA,988,60,naturalFrequency
138,10,NA,974,90,naturalFrequency
138,10,NA,878,80,naturalFrequency
138,100,NA,802,80,naturalFrequency
138,10,NA,1201,20,naturalFrequency
138,10,NA,1042,60,naturalFrequency
138,100,NA,800,90,naturalFrequency
138,10,NA,881,70,naturalFrequency
138,10,Ordered,2651,10,square
138,10,Ordered,1623,70,square
138,10,Ordered,3828,40,square
138,100,Ordered,1575,60,square
138,10,Ordered,1688,60,square
138,10,Ordered,1342,50,square
138,10,Ordered,1378,30,square
138,10,Ordered,1174,80,square
138,100,Ordered,1294,70,square
138,100,Ordered,1142,10,square
138,100,Ordered,1688,50,square
138,100,Ordered,1190,100,square
138,100,Ordered,5465,40,square
138,100,Ordered,1466,30,square
138,100,Ordered,1330,90,square
138,10,Ordered,1337,20,square
138,100,Ordered,1601,20,square
138,100,Ordered,1152,80,square
138,10,Ordered,1278,90,square
138,100,Ordered,3092,90,house
138,100,Ordered,1227,80,house
138,10,Ordered,1596,30,house
138,100,Ordered,1406,60,house
138,100,Ordered,1107,0,house
138,100,Ordered,1404,30,house
138,100,Ordered,1376,10,house
138,10,Ordered,1242,80,house
138,100,Ordered,1261,70,house
138,10,Ordered,1427,70,house
138,100,Ordered,1614,40,house
138,10,Ordered,1325,10,house
138,10,Ordered,1206,20,house
138,10,Ordered,825,60,house
138,10,Ordered,1102,50,house
138,100,Ordered,1353,20,house
138,100,Ordered,1156,50,house
138,10,Ordered,2162,40,house
138,10,Ordered,894,90,house
138,100,Random,3277,40,square
138,10,Random,1378,0,square
138,100,Random,1150,70,square
138,10,Random,1127,70,square
138,100,Random,1123,60,square
138,10,Random,1006,10,square
138,10,Random,1127,50,square
138,100,Random,1162,80,square
138,100,Random,1044,10,square
138,100,Random,1141,20,square
138,100,Random,1106,50,square
138,10,Random,1127,60,square
138,10,Random,1947,40,square
138,10,Random,755,80,square
138,10,Random,948,20,square
138,10,Random,1048,90,square
138,100,Random,1295,90,square
138,100,Random,1996,30,square
138,10,Random,1436,30,square
138,10,Random,3298,40,house
138,10,Random,1195,20,house
138,100,Random,1240,80,house
138,100,Random,1400,50,house
138,10,Random,1137,90,house
138,10,Random,1201,50,house
138,100,Random,1200,60,house
138,10,Random,1259,70,house
138,10,Random,786,80,house
138,100,Random,1139,70,house
138,10,Random,1072,10,house
138,100,Random,2439,30,house
138,10,Random,1221,60,house
138,100,Random,1511,20,house
138,100,Random,981,40,house
138,10,Random,1062,0,house
138,100,Random,1407,10,house
138,100,Random,1052,90,house
138,10,Random,1463,30,house
139,10,NA,6438,10,naturalFrequency
139,100,NA,2545,60,naturalFrequency
139,10,NA,2671,90,naturalFrequency
139,100,NA,1447,40,naturalFrequency
139,100,NA,1397,70,naturalFrequency
139,10,NA,1398,40,naturalFrequency
139,100,NA,1387,20,naturalFrequency
139,10,NA,1282,80,naturalFrequency
139,10,NA,1369,50,naturalFrequency
139,100,NA,1445,90,naturalFrequency
139,100,NA,1196,30,naturalFrequency
139,100,NA,1678,80,naturalFrequency
139,10,NA,1937,30,naturalFrequency
139,100,NA,2874,10,naturalFrequency
139,10,NA,1801,20,naturalFrequency
139,10,NA,2110,60,naturalFrequency
139,100,NA,2872,50,naturalFrequency
139,10,NA,1591,100,naturalFrequency
139,10,NA,1070,70,naturalFrequency
139,10,Ordered,8161,50,square
139,10,Ordered,2351,40,square
139,10,Ordered,1128,20,square
139,100,Ordered,1686,50,square
139,100,Ordered,1820,90,square
139,10,Ordered,4732,100,square
139,100,Ordered,3517,80,square
139,10,Ordered,1407,90,square
139,10,Ordered,1677,30,square
139,100,Ordered,3508,70,square
139,100,Ordered,1213,30,square
139,100,Ordered,1041,20,square
139,100,Ordered,1050,10,square
139,10,Ordered,2188,60,square
139,10,Ordered,1340,80,square
139,10,Ordered,2901,10,square
139,10,Ordered,1754,70,square
139,100,Ordered,1705,60,square
139,100,Ordered,1638,40,square
139,100,Ordered,4527,90,house
139,10,Ordered,1589,80,house
139,100,Ordered,1905,30,house
139,100,Ordered,1751,80,house
139,10,Ordered,2118,50,house
139,100,Ordered,1847,20,house
139,10,Ordered,2158,10,house
139,100,Ordered,1682,50,house
139,10,Ordered,1463,60,house
139,10,Ordered,1166,70,house
139,100,Ordered,1982,40,house
139,10,Ordered,1704,20,house
139,10,Ordered,1792,30,house
139,10,Ordered,1899,90,house
139,100,Ordered,1701,100,house
139,10,Ordered,1821,40,house
139,100,Ordered,1982,60,house
139,100,Ordered,1943,70,house
139,100,Ordered,1432,10,house
139,100,Random,4297,70,square
139,10,Random,5049,20,square
139,10,Random,1233,90,square
139,100,Random,1906,10,square
139,10,Random,18277,40,square
139,10,Random,1377,10,square
139,10,Random,1397,50,square
139,10,Random,1609,80,square
139,10,Random,1502,60,square
139,100,Random,2274,60,square
139,10,Random,1590,100,square
139,100,Random,1821,20,square
139,100,Random,2023,40,square
139,10,Random,1369,30,square
139,100,Random,1541,30,square
139,100,Random,1445,90,square
139,100,Random,1060,80,square
139,10,Random,1600,70,square
139,100,Random,1426,50,square
139,10,Random,2994,70,house
139,100,Random,2559,30,house
139,100,Random,1440,80,house
139,100,Random,2270,60,house
139,10,Random,1667,20,house
139,100,Random,1770,40,house
139,100,Random,1480,50,house
139,10,Random,2582,80,house
139,10,Random,1570,10,house
139,10,Random,1041,30,house
139,100,Random,1471,90,house
139,100,Random,1239,70,house
139,100,Random,1616,100,house
139,100,Random,1230,10,house
139,10,Random,1541,90,house
139,100,Random,1567,20,house
139,10,Random,1851,60,house
139,10,Random,1291,50,house
139,10,Random,1406,40,house
142,10,NA,19173,40,naturalFrequency
142,100,NA,8293,10,naturalFrequency
142,10,NA,3529,80,naturalFrequency
142,10,NA,3938,90,naturalFrequency
142,10,NA,2721,100,naturalFrequency
142,10,NA,1692,60,naturalFrequency
142,100,NA,3110,40,naturalFrequency
142,100,NA,4191,20,naturalFrequency
142,10,NA,1788,70,naturalFrequency
142,10,NA,2098,20,naturalFrequency
142,100,NA,1585,60,naturalFrequency
142,10,NA,1381,50,naturalFrequency
142,100,NA,1254,90,naturalFrequency
142,100,NA,1477,50,naturalFrequency
142,10,NA,5726,30,naturalFrequency
142,10,NA,2078,10,naturalFrequency
142,100,NA,1386,70,naturalFrequency
142,100,NA,2148,30,naturalFrequency
142,100,NA,994,80,naturalFrequency
142,10,Ordered,6027,20,square
142,10,Ordered,1108,60,square
142,100,Ordered,2429,100,square
142,100,Ordered,1146,80,square
142,100,Ordered,3179,20,square
142,10,Ordered,2223,40,square
142,10,Ordered,1790,30,square
142,100,Ordered,1380,40,square
142,100,Ordered,943,50,square
142,100,Ordered,873,60,square
142,10,Ordered,1274,70,square
142,100,Ordered,1516,10,square
142,10,Ordered,1138,90,square
142,100,Ordered,1418,30,square
142,10,Ordered,1350,10,square
142,100,Ordered,1252,70,square
142,10,Ordered,1185,80,square
142,100,Ordered,1157,90,square
142,10,Ordered,1001,50,square
142,10,Ordered,2773,30,house
142,100,Ordered,1385,80,house
142,100,Ordered,948,70,house
142,100,Ordered,896,50,house
142,100,Ordered,938,90,house
142,100,Ordered,1094,40,house
142,10,Ordered,1840,60,house
142,10,Ordered,1739,10,house
142,100,Ordered,2785,20,house
142,100,Ordered,1235,10,house
142,10,Ordered,1531,40,house
142,10,Ordered,2675,20,house
142,10,Ordered,1048,90,house
142,100,Ordered,1383,30,house
142,100,Ordered,978,60,house
142,10,Ordered,1214,70,house
142,10,Ordered,1060,50,house
142,10,Ordered,912,100,house
142,10,Ordered,873,80,house
142,10,Random,4295,70,square
142,100,Random,1174,60,square
142,10,Random,1897,20,square
142,10,Random,961,50,square
142,100,Random,1311,40,square
142,100,Random,844,70,square
142,10,Random,2653,40,square
142,100,Random,1361,10,square
142,10,Random,2975,30,square
142,100,Random,1194,50,square
142,100,Random,815,100,square
142,10,Random,1478,10,square
142,100,Random,1778,20,square
142,10,Random,1545,80,square
142,100,Random,1155,80,square
142,100,Random,835,90,square
142,10,Random,1168,60,square
142,10,Random,827,90,square
142,100,Random,1178,30,square
142,10,Random,1765,100,house
142,100,Random,1443,70,house
142,100,Random,845,90,house
142,10,Random,1100,90,house
142,10,Random,1736,10,house
142,100,Random,1561,30,house
142,10,Random,3420,20,house
142,100,Random,1114,80,house
142,100,Random,1742,10,house
142,100,Random,888,50,house
142,100,Random,797,60,house
142,10,Random,1378,30,house
142,10,Random,813,70,house
142,10,Random,817,80,house
142,100,Random,1154,40,house
142,100,Random,812,20,house
142,10,Random,1146,60,house
142,10,Random,863,50,house
142,10,Random,893,40,house
143,100,NA,7468,50,naturalFrequency
143,10,NA,9806,30,naturalFrequency
143,10,NA,2117,90,naturalFrequency
143,10,NA,1218,20,naturalFrequency
143,10,NA,1940,40,naturalFrequency
143,100,NA,1965,30,naturalFrequency
143,10,NA,1605,10,naturalFrequency
143,10,NA,2759,50,naturalFrequency
143,100,NA,2585,90,naturalFrequency
143,100,NA,2086,70,naturalFrequency
143,100,NA,1990,20,naturalFrequency
143,100,NA,1791,60,naturalFrequency
143,10,NA,1597,60,naturalFrequency
143,100,NA,1393,80,naturalFrequency
143,10,NA,1500,70,naturalFrequency
143,100,NA,1652,40,naturalFrequency
143,10,NA,1998,80,naturalFrequency
143,10,NA,1372,100,naturalFrequency
143,100,NA,1553,10,naturalFrequency
143,100,Ordered,5953,0,square
143,10,Ordered,2286,90,square
143,10,Ordered,14324,50,square
143,100,Ordered,1336,50,square
143,10,Ordered,1442,10,square
143,10,Ordered,1898,30,square
143,10,Ordered,1334,80,square
143,10,Ordered,1073,40,square
143,10,Ordered,1261,70,square
143,100,Ordered,1233,90,square
143,100,Ordered,1065,70,square
143,100,Ordered,1220,80,square
143,100,Ordered,934,60,square
143,100,Ordered,1019,40,square
143,100,Ordered,933,10,square
143,10,Ordered,1558,60,square
143,10,Ordered,1571,20,square
143,100,Ordered,1697,20,square
143,100,Ordered,1184,30,square
143,10,Ordered,4528,50,house
143,100,Ordered,2177,10,house
143,100,Ordered,1202,80,house
143,100,Ordered,1587,60,house
143,10,Ordered,2048,70,house
143,100,Ordered,1484,30,house
143,10,Ordered,1334,10,house
143,10,Ordered,1114,30,house
143,100,Ordered,1550,20,house
143,100,Ordered,1080,50,house
143,10,Ordered,2292,40,house
143,100,Ordered,1656,40,house
143,10,Ordered,2061,60,house
143,10,Ordered,1885,0,house
143,10,Ordered,996,20,house
143,10,Ordered,1503,80,house
143,100,Ordered,1389,90,house
143,100,Ordered,1028,70,house
143,10,Ordered,1759,90,house
143,100,Random,2349,10,square
143,100,Random,1088,90,square
143,100,Random,1366,70,square
143,10,Random,1551,80,square
143,100,Random,1355,20,square
143,10,Random,1334,70,square
143,10,Random,1768,50,square
143,100,Random,2179,80,square
143,10,Random,1218,10,square
143,100,Random,1226,60,square
143,100,Random,1574,30,square
143,10,Random,2225,60,square
143,100,Random,1664,40,square
143,10,Random,1509,90,square
143,10,Random,920,30,square
143,100,Random,1170,100,square
143,100,Random,1293,50,square
143,10,Random,3535,40,square
143,10,Random,2145,20,square
143,100,Random,2476,40,house
143,100,Random,1240,10,house
143,10,Random,1893,10,house
143,100,Random,1474,30,house
143,10,Random,4133,50,house
143,10,Random,2272,20,house
143,100,Random,1979,60,house
143,100,Random,1364,20,house
143,100,Random,1310,90,house
143,10,Random,1480,30,house
143,10,Random,1191,90,house
143,100,Random,1492,80,house
143,10,Random,2124,60,house
143,10,Random,1225,70,house
143,100,Random,1721,70,house
143,10,Random,1550,80,house
143,10,Random,1447,0,house
143,10,Random,1275,40,house
143,100,Random,1515,50,house
144,100,NA,10224,70,naturalFrequency
144,100,NA,12449,50,naturalFrequency
144,10,NA,6129,60,naturalFrequency
144,100,NA,11084,40,naturalFrequency
144,10,NA,4631,40,naturalFrequency
144,100,NA,4989,80,naturalFrequency
144,10,NA,26209,0,naturalFrequency
144,100,NA,11724,10,naturalFrequency
144,100,NA,2251,90,naturalFrequency
144,100,NA,2162,20,naturalFrequency
144,10,NA,2510,90,naturalFrequency
144,10,NA,4426,50,naturalFrequency
144,10,NA,3092,20,naturalFrequency
144,10,NA,1725,30,naturalFrequency
144,100,NA,3408,60,naturalFrequency
144,10,NA,1767,10,naturalFrequency
144,10,NA,1610,80,naturalFrequency
144,10,NA,1560,70,naturalFrequency
144,100,NA,1744,30,naturalFrequency
144,100,Ordered,9618,70,square
144,100,Ordered,2700,20,square
144,10,Ordered,2524,90,square
144,10,Ordered,2870,50,square
144,10,Ordered,2324,60,square
144,10,Ordered,3609,20,square
144,100,Ordered,5660,60,square
144,10,Ordered,5728,100,square
144,10,Ordered,2086,10,square
144,100,Ordered,1561,80,square
144,10,Ordered,2039,40,square
144,100,Ordered,2024,40,square
144,100,Ordered,1705,90,square
144,100,Ordered,1570,10,square
144,10,Ordered,2004,70,square
144,100,Ordered,2694,50,square
144,100,Ordered,2062,30,square
144,10,Ordered,1900,80,square
144,10,Ordered,1864,30,square
144,10,Ordered,7829,30,house
144,10,Ordered,1715,10,house
144,10,Ordered,1676,70,house
144,100,Ordered,1851,30,house
144,10,Ordered,2265,50,house
144,10,Ordered,1838,40,house
144,100,Ordered,3889,100,house
144,10,Ordered,2388,90,house
144,100,Ordered,1407,80,house
144,10,Ordered,41262,80,house
144,100,Ordered,1505,50,house
144,100,Ordered,1864,20,house
144,100,Ordered,2797,70,house
144,100,Ordered,2523,60,house
144,10,Ordered,1615,60,house
144,100,Ordered,1062,40,house
144,100,Ordered,1569,90,house
144,100,Ordered,1632,10,house
144,10,Ordered,1886,20,house
144,10,Random,2683,10,square
144,10,Random,1872,30,square
144,100,Random,9699,40,square
144,100,Random,1407,100,square
144,10,Random,4704,50,square
144,100,Random,2445,20,square
144,100,Random,21170,10,square
144,100,Random,2577,70,square
144,10,Random,2590,60,square
144,10,Random,3536,40,square
144,10,Random,1699,70,square
144,100,Random,1197,80,square
144,100,Random,1709,50,square
144,100,Random,2443,60,square
144,10,Random,1647,20,square
144,100,Random,1654,30,square
144,100,Random,1204,90,square
144,10,Random,3396,80,square
144,10,Random,1935,90,square
144,10,Random,5701,30,house
144,10,Random,1507,80,house
144,100,Random,2362,60,house
144,100,Random,1583,20,house
144,100,Random,1119,70,house
144,10,Random,1729,50,house
144,100,Random,5675,10,house
144,10,Random,32894,60,house
144,10,Random,1742,20,house
144,100,Random,1794,50,house
144,10,Random,1425,70,house
144,100,Random,1061,90,house
144,10,Random,1418,90,house
144,100,Random,1526,30,house
144,10,Random,1561,10,house
144,100,Random,1279,80,house
144,10,Random,17046,100,house
144,10,Random,40288,40,house
144,100,Random,10922,40,house
145,10,NA,5097,50,naturalFrequency
145,10,NA,1786,10,naturalFrequency
145,10,NA,2867,20,naturalFrequency
145,10,NA,1625,40,naturalFrequency
145,100,NA,2792,60,naturalFrequency
145,100,NA,2298,70,naturalFrequency
145,10,NA,2344,30,naturalFrequency
145,100,NA,2360,50,naturalFrequency
145,100,NA,3620,30,naturalFrequency
145,10,NA,1688,60,naturalFrequency
145,10,NA,1856,70,naturalFrequency
145,100,NA,2251,40,naturalFrequency
145,100,NA,1456,90,naturalFrequency
145,100,NA,3111,80,naturalFrequency
145,10,NA,2240,80,naturalFrequency
145,10,NA,1601,100,naturalFrequency
145,10,NA,1576,90,naturalFrequency
145,100,NA,1936,20,naturalFrequency
145,100,NA,1647,10,naturalFrequency
145,100,Ordered,3354,80,square
145,100,Ordered,6422,10,square
145,100,Ordered,2285,30,square
145,10,Ordered,2271,50,square
145,10,Ordered,5761,80,square
145,100,Ordered,1960,50,square
145,10,Ordered,2016,30,square
145,10,Ordered,1502,60,square
145,100,Ordered,2759,60,square
145,10,Ordered,1600,70,square
145,10,Ordered,2396,40,square
145,100,Ordered,2688,20,square
145,10,Ordered,1965,20,square
145,100,Ordered,2211,70,square
145,10,Ordered,1505,10,square
145,100,Ordered,1503,100,square
145,10,Ordered,1784,90,square
145,100,Ordered,2679,40,square
145,100,Ordered,1631,90,square
145,100,Ordered,4398,60,house
145,10,Ordered,2365,40,house
145,10,Ordered,1183,80,house
145,10,Ordered,1196,60,house
145,100,Ordered,1506,90,house
145,10,Ordered,1733,50,house
145,100,Ordered,1374,70,house
145,100,Ordered,2054,30,house
145,100,Ordered,1125,50,house
145,10,Ordered,1688,70,house
145,10,Ordered,1352,90,house
145,100,Ordered,1305,10,house
145,100,Ordered,1861,40,house
145,10,Ordered,1410,20,house
145,100,Ordered,1701,80,house
145,10,Ordered,1297,10,house
145,10,Ordered,1105,0,house
145,10,Ordered,1746,30,house
145,100,Ordered,1861,20,house
145,10,Random,2734,30,square
145,10,Random,1199,40,square
145,10,Random,1130,90,square
145,10,Random,1231,10,square
145,100,Random,1785,70,square
145,10,Random,1607,70,square
145,10,Random,1698,20,square
145,100,Random,2490,30,square
145,10,Random,1730,60,square
145,10,Random,1410,50,square
145,100,Random,1695,50,square
145,100,Random,1224,10,square
145,100,Random,1009,60,square
145,100,Random,1537,40,square
145,100,Random,1151,90,square
145,10,Random,1766,80,square
145,100,Random,1457,20,square
145,100,Random,1498,0,square
145,100,Random,1577,80,square
145,10,Random,2366,40,house
145,100,Random,1790,40,house
145,100,Random,1499,60,house
145,100,Random,2004,50,house
145,10,Random,1495,60,house
145,100,Random,1485,70,house
145,10,Random,1339,80,house
145,100,Random,1268,90,house
145,10,Random,1117,90,house
145,10,Random,1370,50,house
145,10,Random,1247,70,house
145,10,Random,1172,20,house
145,10,Random,1065,10,house
145,10,Random,905,0,house
145,10,Random,1281,30,house
145,100,Random,1734,30,house
145,100,Random,1204,10,house
145,100,Random,1063,80,house
145,100,Random,1692,20,house
146,100,NA,18461,20,naturalFrequency
146,10,NA,9030,20,naturalFrequency
146,10,NA,7927,60,naturalFrequency
146,100,NA,8432,30,naturalFrequency
146,10,NA,5882,50,naturalFrequency
146,100,NA,5324,90,naturalFrequency
146,10,NA,6878,90,naturalFrequency
146,100,NA,1630,50,naturalFrequency
146,10,NA,2811,70,naturalFrequency
146,100,NA,2371,60,naturalFrequency
146,10,NA,1633,10,naturalFrequency
146,100,NA,2776,80,naturalFrequency
146,10,NA,15828,40,naturalFrequency
146,10,NA,1308,30,naturalFrequency
146,100,NA,1265,70,naturalFrequency
146,10,NA,1251,80,naturalFrequency
146,100,NA,1280,10,naturalFrequency
146,100,NA,9402,100,naturalFrequency
146,100,NA,2667,40,naturalFrequency
146,10,Ordered,10800,30,square
146,10,Ordered,2086,40,square
146,100,Ordered,3213,60,square
146,10,Ordered,1820,20,square
146,100,Ordered,3274,80,square
146,10,Ordered,3137,90,square
146,100,Ordered,2173,70,square
146,100,Ordered,2275,20,square
146,100,Ordered,1749,90,square
146,10,Ordered,1783,10,square
146,100,Ordered,2117,40,square
146,10,Ordered,1451,50,square
146,10,Ordered,1268,60,square
146,10,Ordered,1216,80,square
146,100,Ordered,1834,10,square
146,100,Ordered,1450,30,square
146,100,Ordered,10679,50,square
146,10,Ordered,2229,100,square
146,10,Ordered,1327,70,square
146,10,Ordered,17480,70,house
146,100,Ordered,3380,60,house
146,10,Ordered,2643,30,house
146,100,Ordered,2561,20,house
146,100,Ordered,6396,50,house
146,10,Ordered,2965,90,house
146,100,Ordered,3580,30,house
146,10,Ordered,2116,100,house
146,100,Ordered,2183,40,house
146,10,Ordered,4199,50,house
146,10,Ordered,4280,20,house
146,100,Ordered,3196,80,house
146,100,Ordered,7249,10,house
146,10,Ordered,2826,60,house
146,10,Ordered,1469,40,house
146,100,Ordered,3913,90,house
146,100,Ordered,2713,70,house
146,10,Ordered,3874,80,house
146,10,Ordered,2750,10,house
146,100,Random,4022,20,square
146,10,Random,1844,90,square
146,10,Random,2700,0,square
146,100,Random,4099,50,square
146,100,Random,2766,80,square
146,10,Random,4483,80,square
146,10,Random,6533,50,square
146,100,Random,2597,90,square
146,10,Random,2249,30,square
146,100,Random,2118,40,square
146,100,Random,7530,60,square
146,100,Random,1334,30,square
146,100,Random,1783,10,square
146,10,Random,2199,20,square
146,10,Random,2119,40,square
146,10,Random,2200,70,square
146,10,Random,1722,10,square
146,10,Random,2821,60,square
146,100,Random,2150,70,square
146,10,Random,2464,10,house
146,10,Random,2004,40,house
146,100,Random,2432,80,house
146,10,Random,3606,80,house
146,100,Random,2913,60,house
146,100,Random,15577,40,house
146,10,Random,3550,20,house
146,10,Random,1907,30,house
146,100,Random,1956,30,house
146,100,Random,1909,70,house
146,10,Random,3299,50,house
146,10,Random,1731,60,house
146,100,Random,2114,10,house
146,100,Random,2111,90,house
146,100,Random,20244,50,house
146,10,Random,2812,70,house
146,100,Random,1971,100,house
146,100,Random,2490,20,house
146,10,Random,3533,90,house
147,100,NA,8205,70,naturalFrequency
147,100,NA,2512,90,naturalFrequency
147,10,NA,5142,10,naturalFrequency
147,100,NA,5582,30,naturalFrequency
147,10,NA,1842,80,naturalFrequency
147,10,NA,4512,40,naturalFrequency
147,10,NA,1472,90,naturalFrequency
147,100,NA,1502,80,naturalFrequency
147,10,NA,1752,20,naturalFrequency
147,100,NA,1932,40,naturalFrequency
147,10,NA,1952,50,naturalFrequency
147,10,NA,1502,60,naturalFrequency
147,10,NA,1522,30,naturalFrequency
147,100,NA,3472,10,naturalFrequency
147,100,NA,1502,20,naturalFrequency
147,100,NA,1382,50,naturalFrequency
147,10,NA,1272,70,naturalFrequency
147,100,NA,1792,60,naturalFrequency
147,100,NA,1192,0,naturalFrequency
147,100,Ordered,24641,20,square
147,10,Ordered,1732,60,square
147,10,Ordered,2721,70,square
147,10,Ordered,4092,20,square
147,100,Ordered,3792,0,square
147,10,Ordered,1342,90,square
147,10,Ordered,1891,40,square
147,100,Ordered,1732,60,square
147,10,Ordered,2392,30,square
147,100,Ordered,2082,10,square
147,10,Ordered,1483,10,square
147,100,Ordered,2051,90,square
147,100,Ordered,3132,30,square
147,100,Ordered,1941,70,square
147,10,Ordered,1841,50,square
147,100,Ordered,1501,40,square
147,100,Ordered,1332,80,square
147,10,Ordered,1211,80,square
147,100,Ordered,2041,50,square
147,100,Ordered,3121,20,house
147,100,Ordered,1351,70,house
147,10,Ordered,1352,40,house
147,100,Ordered,1941,50,house
147,100,Ordered,1071,80,house
147,100,Ordered,1441,60,house
147,100,Ordered,1241,90,house
147,10,Ordered,1481,30,house
147,100,Ordered,1231,30,house
147,100,Ordered,1832,40,house
147,10,Ordered,1242,80,house
147,10,Ordered,1122,60,house
147,10,Ordered,1212,90,house
147,10,Ordered,1212,10,house
147,100,Ordered,1551,0,house
147,10,Ordered,1452,20,house
147,10,Ordered,1382,50,house
147,100,Ordered,7781,10,house
147,10,Ordered,1071,70,house
147,10,Random,3421,90,square
147,100,Random,4342,50,square
147,100,Random,3442,10,square
147,100,Random,1341,70,square
147,10,Random,1592,10,square
147,10,Random,2612,60,square
147,10,Random,1212,40,square
147,10,Random,1222,30,square
147,100,Random,1732,30,square
147,10,Random,1842,20,square
147,100,Random,2352,60,square
147,100,Random,4472,20,square
147,100,Random,1341,90,square
147,100,Random,1422,40,square
147,10,Random,1322,80,square
147,100,Random,1582,0,square
147,10,Random,1742,50,square
147,100,Random,1662,80,square
147,10,Random,1472,70,square
147,100,Random,2701,10,house
147,10,Random,1372,90,house
147,100,Random,1461,30,house
147,100,Random,1911,70,house
147,100,Random,1421,60,house
147,100,Random,1521,90,house
147,10,Random,1342,10,house
147,10,Random,1462,80,house
147,10,Random,1272,70,house
147,100,Random,1341,0,house
147,10,Random,2152,20,house
147,10,Random,1272,30,house
147,10,Random,1332,40,house
147,10,Random,1362,50,house
147,100,Random,2921,20,house
147,100,Random,1421,80,house
147,100,Random,1471,50,house
147,10,Random,1251,60,house
147,100,Random,1261,40,house
148,10,NA,10278,50,naturalFrequency
148,100,NA,5465,100,naturalFrequency
148,10,NA,4849,30,naturalFrequency
148,100,NA,3161,50,naturalFrequency
148,100,NA,2939,70,naturalFrequency
148,100,NA,3513,90,naturalFrequency
148,100,NA,1979,60,naturalFrequency
148,10,NA,1619,80,naturalFrequency
148,100,NA,1884,80,naturalFrequency
148,10,NA,1829,60,naturalFrequency
148,100,NA,2386,30,naturalFrequency
148,100,NA,1690,20,naturalFrequency
148,10,NA,5288,20,naturalFrequency
148,10,NA,1347,40,naturalFrequency
148,100,NA,1662,40,naturalFrequency
148,10,NA,2489,10,naturalFrequency
148,10,NA,3116,90,naturalFrequency
148,100,NA,5676,10,naturalFrequency
148,10,NA,3213,70,naturalFrequency
148,100,Ordered,14608,40,square
148,100,Ordered,5885,50,square
148,100,Ordered,2339,100,square
148,10,Ordered,6860,30,square
148,100,Ordered,5376,90,square
148,100,Ordered,3350,30,square
148,10,Ordered,4010,70,square
148,100,Ordered,8929,80,square
148,10,Ordered,2903,60,square
148,10,Ordered,2297,90,square
148,100,Ordered,3290,10,square
148,100,Ordered,3694,70,square
148,100,Ordered,2602,60,square
148,10,Ordered,2892,80,square
148,100,Ordered,4953,20,square
148,10,Ordered,3642,10,square
148,10,Ordered,18867,50,square
148,10,Ordered,4813,40,square
148,10,Ordered,3439,20,square
148,10,Ordered,6736,70,house
148,100,Ordered,2576,10,house
148,10,Ordered,2461,60,house
148,100,Ordered,2418,20,house
148,100,Ordered,2566,90,house
148,100,Ordered,2251,30,house
148,10,Ordered,3270,80,house
148,100,Ordered,4249,60,house
148,100,Ordered,1767,70,house
148,10,Ordered,2585,100,house
148,100,Ordered,2030,80,house
148,100,Ordered,5260,40,house
148,10,Ordered,2769,40,house
148,100,Ordered,4593,50,house
148,10,Ordered,2751,10,house
148,10,Ordered,2057,30,house
148,10,Ordered,2832,50,house
148,10,Ordered,3332,90,house
148,10,Ordered,2320,20,house
148,10,Random,5219,10,square
148,10,Random,4228,70,square
148,100,Random,4749,40,square
148,10,Random,5050,40,square
148,10,Random,6694,30,square
148,100,Random,1943,0,square
148,10,Random,2112,20,square
148,10,Random,1564,80,square
148,100,Random,4208,20,square
148,100,Random,2433,80,square
148,10,Random,2578,60,square
148,100,Random,1697,90,square
148,100,Random,3092,50,square
148,100,Random,2841,60,square
148,10,Random,17601,50,square
148,100,Random,3183,30,square
148,100,Random,1836,10,square
148,100,Random,1704,70,square
148,10,Random,2111,90,square
148,100,Random,4051,10,house
148,100,Random,1765,80,house
148,100,Random,1670,30,house
148,100,Random,1923,70,house
148,10,Random,2645,100,house
148,100,Random,1565,90,house
148,10,Random,3817,40,house
148,100,Random,1813,40,house
148,100,Random,1715,60,house
148,10,Random,6501,50,house
148,10,Random,4329,30,house
148,100,Random,1929,20,house
148,10,Random,2102,90,house
148,10,Random,1548,10,house
148,10,Random,1489,20,house
148,100,Random,2511,50,house
148,10,Random,5186,60,house
148,10,Random,1811,70,house
148,10,Random,1873,80,house
149,100,NA,9320,30,naturalFrequency
149,10,NA,3365,70,naturalFrequency
149,100,NA,7378,100,naturalFrequency
149,10,NA,8592,60,naturalFrequency
149,100,NA,4459,10,naturalFrequency
149,100,NA,4996,50,naturalFrequency
149,10,NA,4326,10,naturalFrequency
149,100,NA,2324,20,naturalFrequency
149,10,NA,1457,90,naturalFrequency
149,10,NA,2322,30,naturalFrequency
149,100,NA,1711,90,naturalFrequency
149,100,NA,999,70,naturalFrequency
149,100,NA,1187,80,naturalFrequency
149,100,NA,2024,40,naturalFrequency
149,10,NA,2042,40,naturalFrequency
149,10,NA,1430,20,naturalFrequency
149,10,NA,1350,80,naturalFrequency
149,10,NA,1887,50,naturalFrequency
149,100,NA,1837,60,naturalFrequency
149,100,Ordered,9975,70,square
149,100,Ordered,4051,50,square
149,100,Ordered,1147,90,square
149,100,Ordered,1212,30,square
149,10,Ordered,2559,90,square
149,100,Ordered,1009,80,square
149,10,Ordered,3715,40,square
149,10,Ordered,1488,30,square
149,100,Ordered,4242,10,square
149,10,Ordered,1261,100,square
149,10,Ordered,2037,10,square
149,10,Ordered,1861,60,square
149,100,Ordered,2345,40,square
149,10,Ordered,4611,80,square
149,100,Ordered,1566,60,square
149,100,Ordered,11149,20,square
149,10,Ordered,3532,50,square
149,10,Ordered,14330,20,square
149,10,Ordered,2156,70,square
149,10,Ordered,4793,60,house
149,10,Ordered,1455,90,house
149,100,Ordered,1101,80,house
149,100,Ordered,1189,20,house
149,100,Ordered,936,90,house
149,10,Ordered,1629,10,house
149,100,Ordered,1428,10,house
149,100,Ordered,1115,70,house
149,100,Ordered,2516,30,house
149,10,Ordered,1800,30,house
149,100,Ordered,1977,50,house
149,10,Ordered,1145,80,house
149,10,Ordered,1500,40,house
149,10,Ordered,1350,70,house
149,10,Ordered,1079,20,house
149,100,Ordered,7267,40,house
149,10,Ordered,2180,100,house
149,100,Ordered,1432,60,house
149,10,Ordered,1288,50,house
149,10,Random,3389,50,square
149,100,Random,14757,30,square
149,100,Random,1284,80,square
149,100,Random,5228,20,square
149,10,Random,1660,10,square
149,100,Random,1096,90,square
149,10,Random,2149,30,square
149,100,Random,9961,40,square
149,100,Random,974,100,square
149,10,Random,1331,20,square
149,10,Random,832,90,square
149,100,Random,1885,50,square
149,10,Random,7318,40,square
149,10,Random,806,70,square
149,10,Random,1417,60,square
149,100,Random,914,60,square
149,10,Random,907,80,square
149,100,Random,1089,10,square
149,100,Random,960,70,square
149,100,Random,3979,90,house
149,10,Random,1457,70,house
149,10,Random,1073,10,house
149,10,Random,1709,60,house
149,100,Random,2069,10,house
149,100,Random,944,100,house
149,100,Random,874,70,house
149,100,Random,1558,20,house
149,10,Random,1066,80,house
149,100,Random,1065,40,house
149,10,Random,1512,90,house
149,100,Random,1712,30,house
149,100,Random,673,80,house
149,10,Random,2637,20,house
149,100,Random,1567,50,house
149,10,Random,1350,30,house
149,10,Random,1118,40,house
149,100,Random,964,60,house
149,10,Random,3825,50,house
150,100,NA,4196,50,naturalFrequency
150,100,NA,6089,10,naturalFrequency
150,100,NA,1369,0,naturalFrequency
150,10,NA,1701,90,naturalFrequency
150,10,NA,1924,60,naturalFrequency
150,100,NA,1637,60,naturalFrequency
150,10,NA,1759,40,naturalFrequency
150,10,NA,1558,20,naturalFrequency
150,10,NA,2294,30,naturalFrequency
150,100,NA,1380,70,naturalFrequency
150,100,NA,1531,40,naturalFrequency
150,100,NA,1738,80,naturalFrequency
150,100,NA,2022,20,naturalFrequency
150,100,NA,1704,30,naturalFrequency
150,10,NA,2523,10,naturalFrequency
150,10,NA,1786,70,naturalFrequency
150,100,NA,1497,90,naturalFrequency
150,10,NA,1643,80,naturalFrequency
150,10,NA,1683,50,naturalFrequency
150,10,Ordered,4278,80,square
150,10,Ordered,1502,90,square
150,10,Ordered,1308,60,square
150,10,Ordered,2896,30,square
150,10,Ordered,1629,50,square
150,100,Ordered,2146,10,square
150,100,Ordered,1804,70,square
150,100,Ordered,1407,50,square
150,100,Ordered,1093,80,square
150,10,Ordered,1632,70,square
150,10,Ordered,1224,10,square
150,100,Ordered,1860,40,square
150,10,Ordered,1473,0,square
150,100,Ordered,1426,30,square
150,100,Ordered,925,60,square
150,10,Ordered,1819,40,square
150,10,Ordered,1123,20,square
150,100,Ordered,1110,20,square
150,100,Ordered,1066,90,square
150,10,Ordered,3868,50,house
150,100,Ordered,1141,50,house
150,100,Ordered,877,90,house
150,100,Ordered,1406,10,house
150,100,Ordered,1858,30,house
150,10,Ordered,1380,30,house
150,10,Ordered,1278,80,house
150,10,Ordered,1107,10,house
150,10,Ordered,1153,100,house
150,10,Ordered,1169,70,house
150,100,Ordered,1356,70,house
150,10,Ordered,1550,20,house
150,10,Ordered,1188,90,house
150,10,Ordered,1252,40,house
150,100,Ordered,1403,20,house
150,100,Ordered,1468,80,house
150,10,Ordered,1201,60,house
150,100,Ordered,1637,40,house
150,100,Ordered,839,60,house
150,100,Random,2441,50,square
150,10,Random,1590,40,square
150,10,Random,1198,20,square
150,100,Random,2629,10,square
150,10,Random,1060,60,square
150,10,Random,993,10,square
150,100,Random,1103,40,square
150,10,Random,1053,90,square
150,100,Random,1121,70,square
150,100,Random,798,80,square
150,10,Random,1349,70,square
150,100,Random,1360,60,square
150,100,Random,1273,30,square
150,10,Random,1565,30,square
150,10,Random,1135,50,square
150,10,Random,987,80,square
150,100,Random,1331,20,square
150,10,Random,1354,100,square
150,100,Random,1134,90,square
150,10,Random,2443,90,house
150,10,Random,1437,50,house
150,100,Random,1954,80,house
150,10,Random,4023,20,house
150,100,Random,1003,40,house
150,100,Random,946,100,house
150,10,Random,1206,10,house
150,100,Random,1356,20,house
150,10,Random,1312,40,house
150,10,Random,1017,30,house
150,100,Random,1074,50,house
150,10,Random,1475,80,house
150,10,Random,933,70,house
150,100,Random,1245,30,house
150,100,Random,837,90,house
150,100,Random,1007,60,house
150,10,Random,1163,60,house
150,100,Random,1012,70,house
150,100,Random,2789,10,house
151,10,NA,5912,80,naturalFrequency
151,100,NA,3696,10,naturalFrequency
151,10,NA,5049,70,naturalFrequency
151,100,NA,4813,80,naturalFrequency
151,100,NA,1918,20,naturalFrequency
151,100,NA,1646,70,naturalFrequency
151,100,NA,1392,40,naturalFrequency
151,10,NA,1733,30,naturalFrequency
151,10,NA,3439,90,naturalFrequency
151,10,NA,2463,50,naturalFrequency
151,100,NA,1530,30,naturalFrequency
151,10,NA,1514,40,naturalFrequency
151,100,NA,2673,50,naturalFrequency
151,100,NA,1508,60,naturalFrequency
151,100,NA,2521,90,naturalFrequency
151,10,NA,1213,20,naturalFrequency
151,10,NA,3270,60,naturalFrequency
151,10,NA,2404,100,naturalFrequency
151,10,NA,1498,10,naturalFrequency
151,100,Ordered,7205,10,square
151,100,Ordered,8155,50,square
151,10,Ordered,2077,70,square
151,10,Ordered,1047,90,square
151,100,Ordered,2696,60,square
151,100,Ordered,1600,30,square
151,100,Ordered,3762,0,square
151,10,Ordered,1536,60,square
151,100,Ordered,2109,90,square
151,10,Ordered,2107,50,square
151,100,Ordered,2131,70,square
151,100,Ordered,1769,40,square
151,100,Ordered,1529,80,square
151,10,Ordered,2804,10,square
151,10,Ordered,1422,30,square
151,10,Ordered,1128,20,square
151,100,Ordered,2139,20,square
151,10,Ordered,1622,40,square
151,10,Ordered,796,80,square
151,100,Ordered,3820,50,house
151,100,Ordered,1989,40,house
151,10,Ordered,2631,90,house
151,100,Ordered,2122,10,house
151,10,Ordered,1560,60,house
151,10,Ordered,1721,80,house
151,100,Ordered,2118,20,house
151,100,Ordered,1378,100,house
151,10,Ordered,1614,40,house
151,100,Ordered,1827,90,house
151,100,Ordered,1340,70,house
151,10,Ordered,1295,70,house
151,10,Ordered,1522,30,house
151,100,Ordered,2374,60,house
151,10,Ordered,1381,20,house
151,10,Ordered,750,10,house
151,100,Ordered,2052,80,house
151,10,Ordered,2062,50,house
151,100,Ordered,1964,30,house
151,100,Random,2301,50,square
151,10,Random,1814,50,square
151,100,Random,3605,40,square
151,10,Random,2308,10,square
151,100,Random,2578,10,square
151,100,Random,1443,20,square
151,100,Random,1095,30,square
151,10,Random,1444,70,square
151,10,Random,910,90,square
151,10,Random,1992,60,square
151,10,Random,1986,40,square
151,10,Random,1112,0,square
151,10,Random,1189,80,square
151,100,Random,1767,70,square
151,100,Random,1049,90,square
151,10,Random,1868,30,square
151,100,Random,1754,80,square
151,100,Random,1260,60,square
151,10,Random,2084,20,square
151,100,Random,1915,60,house
151,10,Random,2013,20,house
151,100,Random,1910,30,house
151,100,Random,1713,20,house
151,10,Random,1227,70,house
151,10,Random,1468,10,house
151,10,Random,1544,50,house
151,10,Random,1637,30,house
151,100,Random,1966,90,house
151,10,Random,1328,90,house
151,10,Random,1389,40,house
151,10,Random,1257,80,house
151,100,Random,1850,10,house
151,100,Random,1133,40,house
151,100,Random,1309,70,house
151,100,Random,1565,50,house
151,10,Random,1266,60,house
151,100,Random,1813,0,house
151,100,Random,1447,80,house
152,10,NA,18673,40,naturalFrequency
152,100,NA,8298,80,naturalFrequency
152,10,NA,4301,10,naturalFrequency
152,10,NA,4310,50,naturalFrequency
152,10,NA,4747,90,naturalFrequency
152,100,NA,4689,10,naturalFrequency
152,10,NA,3282,80,naturalFrequency
152,100,NA,3941,20,naturalFrequency
152,100,NA,3026,40,naturalFrequency
152,100,NA,3073,90,naturalFrequency
152,10,NA,4280,20,naturalFrequency
152,10,NA,3455,60,naturalFrequency
152,10,NA,2796,30,naturalFrequency
152,100,NA,3014,30,naturalFrequency
152,100,NA,3494,50,naturalFrequency
152,10,NA,2826,70,naturalFrequency
152,100,NA,3217,60,naturalFrequency
152,100,NA,2418,70,naturalFrequency
152,10,NA,2629,0,naturalFrequency
152,10,Ordered,10446,70,square
152,100,Ordered,2029,80,square
152,100,Ordered,2205,30,square
152,100,Ordered,8270,50,square
152,10,Ordered,5490,60,square
152,10,Ordered,2088,50,square
152,100,Ordered,2843,20,square
152,100,Ordered,2783,40,square
152,10,Ordered,5229,10,square
152,100,Ordered,4689,90,square
152,100,Ordered,2864,10,square
152,100,Ordered,9570,60,square
152,100,Ordered,9732,70,square
152,10,Ordered,6042,40,square
152,10,Ordered,4680,0,square
152,10,Ordered,5310,30,square
152,10,Ordered,4514,80,square
152,10,Ordered,7116,90,square
152,10,Ordered,5750,20,square
152,10,Ordered,5703,40,house
152,10,Ordered,1981,20,house
152,10,Ordered,2632,80,house
152,100,Ordered,3429,70,house
152,100,Ordered,2907,10,house
152,100,Ordered,2172,40,house
152,10,Ordered,8341,10,house
152,10,Ordered,2841,90,house
152,10,Ordered,3050,50,house
152,100,Ordered,2164,100,house
152,10,Ordered,2387,70,house
152,100,Ordered,1809,80,house
152,100,Ordered,2070,30,house
152,100,Ordered,1729,90,house
152,100,Ordered,2689,60,house
152,10,Ordered,2375,30,house
152,100,Ordered,2084,20,house
152,10,Ordered,3907,60,house
152,100,Ordered,2255,50,house
152,10,Random,12181,90,square
152,10,Random,2297,100,square
152,100,Random,3091,80,square
152,100,Random,2330,90,square
152,10,Random,4684,40,square
152,100,Random,2568,40,square
152,10,Random,9700,50,square
152,10,Random,2985,20,square
152,10,Random,2792,30,square
152,10,Random,1944,10,square
152,100,Random,7119,50,square
152,100,Random,3563,60,square
152,100,Random,2053,30,square
152,100,Random,1838,10,square
152,100,Random,1836,20,square
152,10,Random,5216,70,square
152,10,Random,2523,60,square
152,10,Random,2603,80,square
152,100,Random,1726,70,square
152,10,Random,6926,70,house
152,100,Random,5616,50,house
152,10,Random,2298,80,house
152,10,Random,3186,20,house
152,100,Random,2104,80,house
152,100,Random,4387,60,house
152,100,Random,6770,40,house
152,100,Random,2532,90,house
152,100,Random,2574,20,house
152,10,Random,2802,30,house
152,10,Random,5695,50,house
152,10,Random,1906,10,house
152,100,Random,3379,30,house
152,10,Random,2386,40,house
152,100,Random,2459,100,house
152,10,Random,7523,60,house
152,100,Random,5198,70,house
152,10,Random,2199,90,house
152,100,Random,2193,10,house
