participant_id,item,iconicity,arrangement,decisionTime
S001,I01,natural,Ordered,1121.0103519725044
S002,I01,natural,Ordered,848.3685377730951
S003,I01,natural,Ordered,645.2028761499568
S004,I01,natural,Ordered,1378.5080648834007
S005,I01,natural,Ordered,234.87748511902964
S006,I01,natural,Ordered,-461.12597328716106
S007,I01,natural,Ordered,780.6053807060234
S008,I01,natural,Ordered,-106.88833525533278
S009,I01,natural,Ordered,1904.6646942095053
S010,I01,natural,Ordered,1457.166349323649
S011,I01,natural,Ordered,2473.9476725249397
S012,I01,natural,Ordered,1783.4561590241042
S013,I01,natural,Ordered,67.55388627919365
S014,I01,natural,Ordered,761.282737701852
S015,I01,natural,Ordered,837.7335765207324
S016,I01,natural,Ordered,687.8887717277859
S017,I01,natural,Ordered,1063.0756646544005
S018,I01,natural,Ordered,609.1128844086488
S019,I01,natural,Ordered,2096.0369285479314
S020,I01,natural,Ordered,1294.588302314124
S021,I01,natural,Ordered,180.58503113819052
S022,I01,natural,Ordered,138.27479381956869
S023,I01,natural,Ordered,-751.3329861271964
S024,I01,natural,Ordered,750.7631072133572
S025,I01,natural,Ordered,1600.3184472268551
S026,I01,natural,Ordered,1817.0932381417629
S027,I01,natural,Ordered,573.4668924003009
S028,I01,natural,Ordered,1984.9811142964245
S029,I01,natural,Ordered,-173.15324479632955
S030,I01,natural,Ordered,1198.415035076289
S031,I01,natural,Ordered,1527.5094004308949
S032,I01,natural,Ordered,362.65924139865115
S033,I01,natural,Ordered,-64.23736552695527
S034,I01,natural,Ordered,541.9927397090348
S035,I01,natural,Ordered,1341.2526119487802
S036,I01,natural,Ordered,693.1571019921772
S037,I01,natural,Ordered,1341.2139728119757
S038,I01,natural,Ordered,1610.8722657586427
S039,I01,natural,Ordered,476.9564973027443
S040,I01,natural,Ordered,1428.8100469650242
S041,I01,natural,Ordered,743.489551826566
S042,I01,natural,Ordered,2111.521593728124
S043,I01,natural,Ordered,2343.502419095139
S044,I01,natural,Ordered,532.0299987973063
S045,I01,natural,Ordered,1023.0347467399827
S046,I01,natural,Ordered,1528.0443641862723
S047,I01,natural,Ordered,1968.3727400421271
S048,I01,natural,Ordered,1574.1024783168154
S049,I01,natural,Ordered,-671.215086804968
S050,I01,natural,Ordered,2045.4795779338547
S051,I01,natural,Ordered,1432.0327222190874
S052,I01,natural,Ordered,376.9957527542131
S053,I01,natural,Ordered,414.2912731610784
S054,I01,natural,Ordered,1235.876389988514
S055,I01,natural,Ordered,1823.7449557448558
S056,I01,natural,Ordered,1062.4785847598446
S057,I01,natural,Ordered,1332.4059504097984
S058,I01,natural,Ordered,1212.266824033109
S059,I01,natural,Ordered,1224.8224904312735
S060,I01,natural,Ordered,1857.4556184355129
S061,I01,natural,Ordered,1691.3006026266594
S062,I01,natural,Ordered,1177.931218354859
S063,I01,natural,Ordered,1595.943381590012
S064,I01,natural,Ordered,3033.8295729582564
S065,I01,natural,Ordered,2140.4470191766886
S066,I01,natural,Ordered,2144.7310055623875
S067,I01,natural,Ordered,1684.2216325024117
S068,I01,natural,Ordered,1934.7994713525973
S069,I01,natural,Ordered,1005.1645643220302
S070,I01,natural,Ordered,1467.6632209572342
S071,I01,natural,Ordered,-54.477498881057045
S072,I01,natural,Ordered,1934.3061333366495
S073,I01,natural,Ordered,1116.2367465142506
S074,I01,natural,Ordered,1322.1258464495181
S075,I01,natural,Ordered,286.14901295832715
S076,I01,natural,Ordered,557.1356384542615
S077,I01,natural,Ordered,1214.937606030286
S078,I01,natural,Ordered,810.3580717810314
S079,I01,natural,Ordered,164.90042849848192
S080,I01,natural,Ordered,1327.8353497918831
S081,I01,natural,Ordered,375.9085048284262
S082,I01,natural,Ordered,1681.5783506933365
S083,I01,natural,Ordered,1646.3670933557228
S084,I01,natural,Ordered,1115.0333784298266
S085,I01,natural,Ordered,1404.6966820165133
S086,I01,natural,Ordered,1076.5965367640379
S087,I01,natural,Ordered,668.2262174659445
S088,I01,natural,Ordered,-186.86456684305995
S089,I01,natural,Ordered,1520.052772698137
S090,I01,natural,Ordered,1806.8934161829088
S091,I01,natural,Ordered,-357.9135482037773
S092,I01,natural,Ordered,1216.4244869062002
S093,I01,natural,Ordered,1087.6416895943746
S094,I01,natural,Ordered,1480.9394990316505
S095,I01,natural,Ordered,1291.4811221470152
S096,I01,natural,Ordered,362.9269594687819
S097,I01,natural,Ordered,2048.6921883459504
S098,I01,natural,Ordered,683.0216323513822
S099,I01,natural,Ordered,2084.9954212002326
S100,I01,natural,Ordered,1116.3167187377567
S101,I01,natural,Ordered,420.03537506542045
S102,I01,natural,Ordered,553.423175775172
S103,I01,natural,Ordered,1681.571184181376
S104,I01,natural,Ordered,173.27042115773406
S105,I01,natural,Ordered,476.560279283956
S106,I01,natural,Ordered,1333.2027156512427
S107,I01,natural,Ordered,2623.3972016241614
S108,I01,natural,Ordered,1067.9298187163
S109,I01,natural,Ordered,1595.2091254533427
S110,I01,natural,Ordered,2119.2949737042363
S111,I01,natural,Ordered,1676.1900172633448
S112,I01,natural,Ordered,1251.7051818625162
S113,I01,natural,Ordered,1171.295879181446
S114,I01,natural,Ordered,644.9451965243258
S115,I01,natural,Ordered,53.20257893794201
S116,I01,natural,Ordered,-569.8173870769308
S117,I01,natural,Ordered,76.98348759276382
S118,I01,natural,Ordered,635.2478473607113
S119,I01,natural,Ordered,2494.2918970131386
S120,I01,natural,Ordered,713.1672213852723
S121,I01,natural,Ordered,70.37306039987061
S122,I01,natural,Ordered,44.86081636165727
S123,I01,natural,Ordered,1306.2857120662616
S124,I01,natural,Ordered,59.52559460135126
S125,I01,natural,Ordered,777.416634473039
S126,I01,natural,Ordered,1084.1802391346343
S127,I01,natural,Ordered,2259.412508230945
S128,I01,natural,Ordered,887.1910518697882
S129,I01,natural,Ordered,1813.7308274456977
S130,I01,natural,Ordered,2410.2852595371464
S131,I01,natural,Ordered,2408.566112547602
S132,I01,natural,Ordered,1670.030903622824
S133,I01,natural,Ordered,573.4498684250086
S134,I01,natural,Ordered,1154.797790695045
S135,I01,natural,Ordered,410.69193470893254
S136,I01,natural,Ordered,671.2218653367962
S137,I01,natural,Ordered,1291.3898274407723
S138,I01,natural,Ordered,-214.03944380768212
S139,I01,natural,Ordered,-62.93541340622596
S140,I01,natural,Ordered,2195.77696316424
S141,I01,natural,Ordered,418.75389339056994
S142,I01,natural,Ordered,1963.3773311974264
S143,I01,natural,Ordered,1827.054416739153
S144,I01,natural,Ordered,770.4877754626573
S145,I01,natural,Ordered,1615.899672840144
S146,I01,natural,Ordered,159.2432640103159
S147,I01,natural,Ordered,2455.435520389322
S001,I02,house,Ordered,1151.996387658407
S002,I02,house,Ordered,787.4627840343575
S003,I02,house,Ordered,1681.3551725350385
S004,I02,house,Ordered,407.02058580572884
S005,I02,house,Ordered,145.24244271784892
S006,I02,house,Ordered,39.035969125668316
S007,I02,house,Ordered,1093.951451579874
S008,I02,house,Ordered,-595.9366180446509
S009,I02,house,Ordered,689.1425997829475
S010,I02,house,Ordered,894.4601088380241
S011,I02,house,Ordered,1999.076052559164
S012,I02,house,Ordered,708.6686213027134
S013,I02,house,Ordered,205.66987636924773
S014,I02,house,Ordered,1242.65901949633
S015,I02,house,Ordered,593.8326653540823
S016,I02,house,Ordered,1142.489014460512
S017,I02,house,Ordered,722.4467448945693
S018,I02,house,Ordered,77.74535720667723
S019,I02,house,Ordered,-3.641551093481212
S020,I02,house,Ordered,513.1220126008482
S021,I02,house,Ordered,171.4342099360647
S022,I02,house,Ordered,1496.3795523583294
S023,I02,house,Ordered,1370.671751097638
S024,I02,house,Ordered,315.65691842753995
S025,I02,house,Ordered,1345.8837098972067
S026,I02,house,Ordered,1004.697029763185
S027,I02,house,Ordered,-256.1567072261996
S028,I02,house,Ordered,955.9356373534138
S029,I02,house,Ordered,-218.6874831142302
S030,I02,house,Ordered,742.2711733563428
S031,I02,house,Ordered,1675.424102278433
S032,I02,house,Ordered,250.10298361721266
S033,I02,house,Ordered,-883.6252128794699
S034,I02,house,Ordered,813.1475725640943
S035,I02,house,Ordered,1016.3167759026987
S036,I02,house,Ordered,1242.1087795102458
S037,I02,house,Ordered,1837.7991512423534
S038,I02,house,Ordered,1069.042705171199
S039,I02,house,Ordered,-122.38963437901566
S040,I02,house,Ordered,1213.4779738176046
S041,I02,house,Ordered,746.750884822921
S042,I02,house,Ordered,2217.089900044032
S043,I02,house,Ordered,1560.5274185263509
S044,I02,house,Ordered,-93.03438157485243
S045,I02,house,Ordered,3008.0533380808974
S046,I02,house,Ordered,1212.8148969789675
S047,I02,house,Ordered,1742.3379929632524
S048,I02,house,Ordered,985.4947701452136
S049,I02,house,Ordered,396.658656653389
S050,I02,house,Ordered,1906.1587127248736
S051,I02,house,Ordered,212.59397648032518
S052,I02,house,Ordered,957.4775617936505
S053,I02,house,Ordered,53.958569244653745
S054,I02,house,Ordered,-88.80910182926186
S055,I02,house,Ordered,2757.9352509865184
S056,I02,house,Ordered,1154.9830435098863
S057,I02,house,Ordered,394.8416240573756
S058,I02,house,Ordered,1683.3286155921742
S059,I02,house,Ordered,1356.989180111411
S060,I02,house,Ordered,1825.6837458783937
S061,I02,house,Ordered,-39.79920442901539
S062,I02,house,Ordered,615.5855805305018
S063,I02,house,Ordered,1186.5299402441133
S064,I02,house,Ordered,3393.2291871559264
S065,I02,house,Ordered,-526.0206582010269
S066,I02,house,Ordered,2292.2131115108577
S067,I02,house,Ordered,1456.3757189912774
S068,I02,house,Ordered,1058.2506128036032
S069,I02,house,Ordered,425.82859712903223
S070,I02,house,Ordered,1821.770595697975
S071,I02,house,Ordered,224.56694995017688
S072,I02,house,Ordered,1848.9034958557645
S073,I02,house,Ordered,843.8571910034442
S074,I02,house,Ordered,2189.6812149079883
S075,I02,house,Ordered,558.3362180825613
S076,I02,house,Ordered,734.1236305931536
S077,I02,house,Ordered,723.1248196174828
S078,I02,house,Ordered,61.611856346549075
S079,I02,house,Ordered,901.7339557515206
S080,I02,house,Ordered,1253.6384752506915
S081,I02,house,Ordered,1936.1350873926135
S082,I02,house,Ordered,1016.481224717129
S083,I02,house,Ordered,891.932289462934
S084,I02,house,Ordered,736.1712135231161
S085,I02,house,Ordered,899.7345011524387
S086,I02,house,Ordered,299.30616317613067
S087,I02,house,Ordered,-598.0434611258092
S088,I02,house,Ordered,627.1445515144846
S089,I02,house,Ordered,668.5485741146526
S090,I02,house,Ordered,1481.0332467826713
S091,I02,house,Ordered,425.092106969066
S092,I02,house,Ordered,445.0662559828852
S093,I02,house,Ordered,1691.7926546942497
S094,I02,house,Ordered,1800.8373030819425
S095,I02,house,Ordered,156.80481314854865
S096,I02,house,Ordered,1046.9691709808408
S097,I02,house,Ordered,1910.3705967492554
S098,I02,house,Ordered,-122.6904300180986
S099,I02,house,Ordered,1636.707867638751
S100,I02,house,Ordered,1299.1169484911534
S101,I02,house,Ordered,-391.9360379105342
S102,I02,house,Ordered,686.4123792330272
S103,I02,house,Ordered,274.34265821418535
S104,I02,house,Ordered,-533.638952609118
S105,I02,house,Ordered,1889.3013224555007
S106,I02,house,Ordered,735.0663569434242
S107,I02,house,Ordered,1811.9840599148388
S108,I02,house,Ordered,1415.7665784588817
S109,I02,house,Ordered,2175.688056940102
S110,I02,house,Ordered,2086.6669919056117
S111,I02,house,Ordered,1144.2691200010202
S112,I02,house,Ordered,1175.7718779382046
S113,I02,house,Ordered,727.8080359450355
S114,I02,house,Ordered,-168.76622691148737
S115,I02,house,Ordered,808.0790394617924
S116,I02,house,Ordered,-454.12829552640096
S117,I02,house,Ordered,-1030.4251148867884
S118,I02,house,Ordered,517.8095068674725
S119,I02,house,Ordered,1715.4436180164485
S120,I02,house,Ordered,1212.1333186769325
S121,I02,house,Ordered,871.2185764814806
S122,I02,house,Ordered,-169.7910777211539
S123,I02,house,Ordered,2063.2465085119184
S124,I02,house,Ordered,-213.5241825425362
S125,I02,house,Ordered,-60.66021200518867
S126,I02,house,Ordered,2056.576754863281
S127,I02,house,Ordered,2352.834530963591
S128,I02,house,Ordered,-75.97072799136481
S129,I02,house,Ordered,1245.0830226185012
S130,I02,house,Ordered,2644.992883188188
S131,I02,house,Ordered,477.6513891436234
S132,I02,house,Ordered,2357.6674825874884
S133,I02,house,Ordered,361.944094055847
S134,I02,house,Ordered,808.6273883825684
S135,I02,house,Ordered,-1224.8692476685796
S136,I02,house,Ordered,810.2843346744548
S137,I02,house,Ordered,947.5567276464895
S138,I02,house,Ordered,100.44624333974616
S139,I02,house,Ordered,136.48016386783434
S140,I02,house,Ordered,1710.8851169869831
S141,I02,house,Ordered,1909.3112855173738
S142,I02,house,Ordered,1969.1320562158849
S143,I02,house,Ordered,2380.144616576774
S144,I02,house,Ordered,211.6243520348728
S145,I02,house,Ordered,376.14988837549436
S146,I02,house,Ordered,769.8995472285746
S147,I02,house,Ordered,2728.039200684402
S001,I03,square,Ordered,2646.3268508693673
S002,I03,square,Ordered,1718.6540407348978
S003,I03,square,Ordered,2440.391887920593
S004,I03,square,Ordered,1656.222896753694
S005,I03,square,Ordered,3157.8558416082865
S006,I03,square,Ordered,241.86082881173684
S007,I03,square,Ordered,2962.1126383639676
S008,I03,square,Ordered,589.8709336126947
S009,I03,square,Ordered,1678.7776594042707
S010,I03,square,Ordered,2592.2074897742414
S011,I03,square,Ordered,4521.299647152496
S012,I03,square,Ordered,1727.2192347867112
S013,I03,square,Ordered,2726.201501067593
S014,I03,square,Ordered,3101.1001178943734
S015,I03,square,Ordered,3907.1603474672625
S016,I03,square,Ordered,2668.2460410596236
S017,I03,square,Ordered,3464.218336906577
S018,I03,square,Ordered,1709.9667805264205
S019,I03,square,Ordered,2766.80205311572
S020,I03,square,Ordered,2435.427512506061
S021,I03,square,Ordered,1752.650657167222
S022,I03,square,Ordered,4114.793361840168
S023,I03,square,Ordered,1417.1663284503932
S024,I03,square,Ordered,2169.1282745638273
S025,I03,square,Ordered,3409.534150217897
S026,I03,square,Ordered,2840.9531369094293
S027,I03,square,Ordered,774.3647353415279
S028,I03,square,Ordered,3566.724736034584
S029,I03,square,Ordered,1683.0607116212434
S030,I03,square,Ordered,2434.934430856909
S031,I03,square,Ordered,3381.719417222528
S032,I03,square,Ordered,1595.180708938201
S033,I03,square,Ordered,653.4562799718865
S034,I03,square,Ordered,3021.6421333451826
S035,I03,square,Ordered,3168.5183689853557
S036,I03,square,Ordered,3217.6595672502945
S037,I03,square,Ordered,1946.027072897468
S038,I03,square,Ordered,3142.7197472153166
S039,I03,square,Ordered,2141.241928948659
S040,I03,square,Ordered,2907.532624485949
S041,I03,square,Ordered,2275.7698299881613
S042,I03,square,Ordered,3317.6769406432004
S043,I03,square,Ordered,4419.040943655496
S044,I03,square,Ordered,1494.737186826087
S045,I03,square,Ordered,3888.8107551151948
S046,I03,square,Ordered,2231.7093244566795
S047,I03,square,Ordered,3986.3814836640445
S048,I03,square,Ordered,2824.0486975423346
S049,I03,square,Ordered,1712.8868405842627
S050,I03,square,Ordered,3377.146778173792
S051,I03,square,Ordered,3701.448102354796
S052,I03,square,Ordered,2132.2320078680286
S053,I03,square,Ordered,2527.702750640311
S054,I03,square,Ordered,1057.9991051167553
S055,I03,square,Ordered,2993.5521991326673
S056,I03,square,Ordered,2754.8036419640316
S057,I03,square,Ordered,2720.5694112658302
S058,I03,square,Ordered,2678.9527407891974
S059,I03,square,Ordered,3571.9748488206105
S060,I03,square,Ordered,2683.6788215308293
S061,I03,square,Ordered,1790.182111903801
S062,I03,square,Ordered,1063.4890745898274
S063,I03,square,Ordered,3051.2457582626625
S064,I03,square,Ordered,3819.8995406886197
S065,I03,square,Ordered,3060.3357029689905
S066,I03,square,Ordered,3486.4709394727024
S067,I03,square,Ordered,3494.8544962048827
S068,I03,square,Ordered,4212.188397524114
S069,I03,square,Ordered,3250.1019912347365
S070,I03,square,Ordered,4177.555670053283
S071,I03,square,Ordered,2366.7583851956542
S072,I03,square,Ordered,2818.4445740922956
S073,I03,square,Ordered,3032.4304784806036
S074,I03,square,Ordered,2531.039080104325
S075,I03,square,Ordered,599.8840079793329
S076,I03,square,Ordered,2637.824519418751
S077,I03,square,Ordered,2226.108880054998
S078,I03,square,Ordered,1743.3672227283298
S079,I03,square,Ordered,2339.770794070554
S080,I03,square,Ordered,2290.6803753297972
S081,I03,square,Ordered,1963.2294759784254
S082,I03,square,Ordered,2751.8746991635444
S083,I03,square,Ordered,1617.2609259859807
S084,I03,square,Ordered,1718.8547182873792
S085,I03,square,Ordered,3081.0900182079513
S086,I03,square,Ordered,1861.2499324244855
S087,I03,square,Ordered,592.0333635693405
S088,I03,square,Ordered,1282.3957377529714
S089,I03,square,Ordered,2823.2931125920345
S090,I03,square,Ordered,2990.9515872258007
S091,I03,square,Ordered,1733.529822424643
S092,I03,square,Ordered,2522.5785067074903
S093,I03,square,Ordered,2278.7897073317217
S094,I03,square,Ordered,2582.1412256665653
S095,I03,square,Ordered,1882.706680612437
S096,I03,square,Ordered,1923.575803009406
S097,I03,square,Ordered,2480.773306572918
S098,I03,square,Ordered,1034.8516552935484
S099,I03,square,Ordered,3670.630996922667
S100,I03,square,Ordered,1841.4119841001711
S101,I03,square,Ordered,1745.5983919515293
S102,I03,square,Ordered,3243.620419917219
S103,I03,square,Ordered,2566.117999755471
S104,I03,square,Ordered,928.7257863931752
S105,I03,square,Ordered,2826.959830712337
S106,I03,square,Ordered,2971.3207239827952
S107,I03,square,Ordered,3658.8121785697126
S108,I03,square,Ordered,2161.518064153686
S109,I03,square,Ordered,4120.680200780201
S110,I03,square,Ordered,2330.83230773994
S111,I03,square,Ordered,2373.632465676399
S112,I03,square,Ordered,3508.423382697455
S113,I03,square,Ordered,2297.708737203756
S114,I03,square,Ordered,393.70764665151
S115,I03,square,Ordered,3177.1124386948013
S116,I03,square,Ordered,1476.052267385857
S117,I03,square,Ordered,1998.5120898825655
S118,I03,square,Ordered,2560.219741042932
S119,I03,square,Ordered,3186.5885442258214
S120,I03,square,Ordered,1694.4784308056069
S121,I03,square,Ordered,1397.4953991020566
S122,I03,square,Ordered,1635.8551145699653
S123,I03,square,Ordered,2546.7244634128847
S124,I03,square,Ordered,1897.2523894364485
S125,I03,square,Ordered,1380.2193193659095
S126,I03,square,Ordered,2953.7566009133743
S127,I03,square,Ordered,2819.376957854286
S128,I03,square,Ordered,4297.713391655398
S129,I03,square,Ordered,3842.7088595600235
S130,I03,square,Ordered,2457.195458499571
S131,I03,square,Ordered,3781.3126469870763
S132,I03,square,Ordered,3711.4995141810214
S133,I03,square,Ordered,1474.0908249141457
S134,I03,square,Ordered,2696.4442138177883
S135,I03,square,Ordered,1506.9691836425184
S136,I03,square,Ordered,2483.409373989274
S137,I03,square,Ordered,2559.496738143981
S138,I03,square,Ordered,2085.0804135504577
S139,I03,square,Ordered,3013.8891642852413
S140,I03,square,Ordered,2141.3413843076496
S141,I03,square,Ordered,2980.839701038079
S142,I03,square,Ordered,3173.9576629675867
S143,I03,square,Ordered,4215.721880534775
S144,I03,square,Ordered,3724.890441735679
S145,I03,square,Ordered,2241.9225600444006
S146,I03,square,Ordered,2738.014777154116
S147,I03,square,Ordered,2657.817699815312
S001,I04,natural,Ordered,2391.3348675885063
S002,I04,natural,Ordered,972.1581015893978
S003,I04,natural,Ordered,658.9175309075337
S004,I04,natural,Ordered,416.4962484262363
S005,I04,natural,Ordered,2725.460283402269
S006,I04,natural,Ordered,-109.26171340601536
S007,I04,natural,Ordered,2252.1393000461485
S008,I04,natural,Ordered,1414.9151555738167
S009,I04,natural,Ordered,2204.648475165215
S010,I04,natural,Ordered,2857.466600299731
S011,I04,natural,Ordered,3057.225220299768
S012,I04,natural,Ordered,1180.1538920094213
S013,I04,natural,Ordered,327.62344133530837
S014,I04,natural,Ordered,2006.635398593195
S015,I04,natural,Ordered,2419.747519210751
S016,I04,natural,Ordered,1357.839233930504
S017,I04,natural,Ordered,3038.2062647109346
S018,I04,natural,Ordered,1134.3436329204683
S019,I04,natural,Ordered,2128.7263866461676
S020,I04,natural,Ordered,2205.151356651105
S021,I04,natural,Ordered,482.59454224600927
S022,I04,natural,Ordered,1663.1271485051723
S023,I04,natural,Ordered,745.940750967646
S024,I04,natural,Ordered,2495.426015516352
S025,I04,natural,Ordered,2761.4252411637335
S026,I04,natural,Ordered,3040.951965631679
S027,I04,natural,Ordered,1452.050653588355
S028,I04,natural,Ordered,1618.060585628325
S029,I04,natural,Ordered,391.2162677167131
S030,I04,natural,Ordered,2481.101021812198
S031,I04,natural,Ordered,1515.4148040848897
S032,I04,natural,Ordered,345.4474743851547
S033,I04,natural,Ordered,786.1006930323779
S034,I04,natural,Ordered,1550.3789432590543
S035,I04,natural,Ordered,2293.2086857508293
S036,I04,natural,Ordered,1414.6271212620372
S037,I04,natural,Ordered,2919.6539125647364
S038,I04,natural,Ordered,1634.8126105172282
S039,I04,natural,Ordered,1617.8205122927316
S040,I04,natural,Ordered,2635.286742668896
S041,I04,natural,Ordered,2699.247010777255
S042,I04,natural,Ordered,1875.9410218598578
S043,I04,natural,Ordered,3324.153841499972
S044,I04,natural,Ordered,1518.084546505691
S045,I04,natural,Ordered,2115.8879823979405
S046,I04,natural,Ordered,2461.985063889966
S047,I04,natural,Ordered,3069.0594224639935
S048,I04,natural,Ordered,2461.9973341337045
S049,I04,natural,Ordered,424.1448802552661
S050,I04,natural,Ordered,3600.6867641702456
S051,I04,natural,Ordered,3300.1635860778265
S052,I04,natural,Ordered,1766.6811059127226
S053,I04,natural,Ordered,1238.1894943014786
S054,I04,natural,Ordered,543.4378443469714
S055,I04,natural,Ordered,2623.6248483466575
S056,I04,natural,Ordered,1019.2736787528668
S057,I04,natural,Ordered,2161.4386896124383
S058,I04,natural,Ordered,1620.5647346550872
S059,I04,natural,Ordered,2777.8690753985466
S060,I04,natural,Ordered,2543.72369627485
S061,I04,natural,Ordered,228.31793508510486
S062,I04,natural,Ordered,2049.2064685056175
S063,I04,natural,Ordered,2180.151490157938
S064,I04,natural,Ordered,3837.691082919462
S065,I04,natural,Ordered,2421.17955760007
S066,I04,natural,Ordered,2031.7152089757533
S067,I04,natural,Ordered,2440.5168059106336
S068,I04,natural,Ordered,2185.9692672718834
S069,I04,natural,Ordered,1329.2973933927867
S070,I04,natural,Ordered,2484.394235773857
S071,I04,natural,Ordered,1206.2648950182888
S072,I04,natural,Ordered,1695.1329833112798
S073,I04,natural,Ordered,1556.862835333814
S074,I04,natural,Ordered,2233.1939502575515
S075,I04,natural,Ordered,1391.749694976528
S076,I04,natural,Ordered,961.672515277553
S077,I04,natural,Ordered,2259.0074358087068
S078,I04,natural,Ordered,2117.4264580822655
S079,I04,natural,Ordered,1185.8165464178192
S080,I04,natural,Ordered,1990.3456907217605
S081,I04,natural,Ordered,2493.35646432508
S082,I04,natural,Ordered,2762.784549924988
S083,I04,natural,Ordered,1946.821369292947
S084,I04,natural,Ordered,1472.112004894662
S085,I04,natural,Ordered,2443.9668118549907
S086,I04,natural,Ordered,1515.828696445177
S087,I04,natural,Ordered,1078.9345845090256
S088,I04,natural,Ordered,1409.8980983118545
S089,I04,natural,Ordered,2822.4792647438207
S090,I04,natural,Ordered,2758.2351323565763
S091,I04,natural,Ordered,841.9728771129794
S092,I04,natural,Ordered,1323.858752634897
S093,I04,natural,Ordered,2091.5569428720455
S094,I04,natural,Ordered,2007.6186228467695
S095,I04,natural,Ordered,1700.9811813993497
S096,I04,natural,Ordered,1499.551814078798
S097,I04,natural,Ordered,3444.871518835823
S098,I04,natural,Ordered,1270.7870009133414
S099,I04,natural,Ordered,2833.5588625220284
S100,I04,natural,Ordered,2250.7777832131333
S101,I04,natural,Ordered,-126.70836968263893
S102,I04,natural,Ordered,1891.4865292245286
S103,I04,natural,Ordered,1998.1470074405051
S104,I04,natural,Ordered,838.440138409901
S105,I04,natural,Ordered,1606.8292152630306
S106,I04,natural,Ordered,1768.0296791219403
S107,I04,natural,Ordered,2316.1853585687586
S108,I04,natural,Ordered,2839.756905540108
S109,I04,natural,Ordered,3564.236350837678
S110,I04,natural,Ordered,2418.074061145632
S111,I04,natural,Ordered,1813.0124736433136
S112,I04,natural,Ordered,2203.5989270486652
S113,I04,natural,Ordered,2133.308681090121
S114,I04,natural,Ordered,1205.6345308174527
S115,I04,natural,Ordered,1753.0959878963859
S116,I04,natural,Ordered,1183.7026273595704
S117,I04,natural,Ordered,-251.513193158763
S118,I04,natural,Ordered,1538.5835515188578
S119,I04,natural,Ordered,2178.5269214807813
S120,I04,natural,Ordered,942.6187007959047
S121,I04,natural,Ordered,793.7616852930703
S122,I04,natural,Ordered,1080.4978748750232
S123,I04,natural,Ordered,2171.705068676261
S124,I04,natural,Ordered,1355.4838722187058
S125,I04,natural,Ordered,949.3658820620844
S126,I04,natural,Ordered,1484.1607368265663
S127,I04,natural,Ordered,2280.538026860543
S128,I04,natural,Ordered,691.013140857928
S129,I04,natural,Ordered,2133.031309786061
S130,I04,natural,Ordered,2800.8285665909566
S131,I04,natural,Ordered,2361.8367397227994
S132,I04,natural,Ordered,2385.9495209523016
S133,I04,natural,Ordered,521.600295056627
S134,I04,natural,Ordered,1146.4731279606033
S135,I04,natural,Ordered,175.65325793726151
S136,I04,natural,Ordered,1981.2808967855817
S137,I04,natural,Ordered,2096.520638902127
S138,I04,natural,Ordered,2007.5749980286428
S139,I04,natural,Ordered,2468.1388411296493
S140,I04,natural,Ordered,3351.5974026458784
S141,I04,natural,Ordered,2014.380940534686
S142,I04,natural,Ordered,3018.450195960949
S143,I04,natural,Ordered,2935.6415194313013
S144,I04,natural,Ordered,3277.4529201542455
S145,I04,natural,Ordered,954.7898163572386
S146,I04,natural,Ordered,2636.5648719767023
S147,I04,natural,Ordered,4465.293171887945
S001,I05,house,Ordered,2763.942747635703
S002,I05,house,Ordered,1780.1931526124702
S003,I05,house,Ordered,1093.5773482483503
S004,I05,house,Ordered,381.69577453576176
S005,I05,house,Ordered,1464.1389435408046
S006,I05,house,Ordered,160.2176863465752
S007,I05,house,Ordered,2393.494769157032
S008,I05,house,Ordered,516.6907564625724
S009,I05,house,Ordered,1886.026369813393
S010,I05,house,Ordered,1731.9211125421684
S011,I05,house,Ordered,2199.794329738811
S012,I05,house,Ordered,1342.0991735410532
S013,I05,house,Ordered,1312.8102732784441
S014,I05,house,Ordered,1680.4657315828974
S015,I05,house,Ordered,1614.3728809006845
S016,I05,house,Ordered,2108.372525394988
S017,I05,house,Ordered,1569.5795037884604
S018,I05,house,Ordered,1756.209225912949
S019,I05,house,Ordered,1765.4216700281547
S020,I05,house,Ordered,2476.2176227111104
S021,I05,house,Ordered,1357.29402930188
S022,I05,house,Ordered,2270.750421469899
S023,I05,house,Ordered,455.132037016082
S024,I05,house,Ordered,2166.84016769383
S025,I05,house,Ordered,3441.1125010760256
S026,I05,house,Ordered,2060.9781230465182
S027,I05,house,Ordered,893.241133087695
S028,I05,house,Ordered,2427.6971030056643
S029,I05,house,Ordered,1015.3462922155747
S030,I05,house,Ordered,2132.2760875893055
S031,I05,house,Ordered,3141.6732300772965
S032,I05,house,Ordered,575.9482278046653
S033,I05,house,Ordered,366.2811866275922
S034,I05,house,Ordered,1947.7377304895165
S035,I05,house,Ordered,2125.5316628232044
S036,I05,house,Ordered,2126.622297150574
S037,I05,house,Ordered,2411.421114129993
S038,I05,house,Ordered,2285.2491738576937
S039,I05,house,Ordered,902.5552499789975
S040,I05,house,Ordered,1997.0293185506273
S041,I05,house,Ordered,1525.9928766020778
S042,I05,house,Ordered,2161.3421469770246
S043,I05,house,Ordered,2649.7667113634457
S044,I05,house,Ordered,1050.73789625754
S045,I05,house,Ordered,2584.4987785263506
S046,I05,house,Ordered,1625.8835786177701
S047,I05,house,Ordered,4165.876375404156
S048,I05,house,Ordered,1806.8123816399109
S049,I05,house,Ordered,883.9211236520504
S050,I05,house,Ordered,2717.567128430831
S051,I05,house,Ordered,2979.3510269361896
S052,I05,house,Ordered,859.4044157972183
S053,I05,house,Ordered,1489.4324225967262
S054,I05,house,Ordered,1802.8350451770941
S055,I05,house,Ordered,3156.23157128248
S056,I05,house,Ordered,1811.286246194323
S057,I05,house,Ordered,977.1361371762637
S058,I05,house,Ordered,1793.3650582293317
S059,I05,house,Ordered,2828.5044916335532
S060,I05,house,Ordered,2627.5360559750043
S061,I05,house,Ordered,843.9566177240248
S062,I05,house,Ordered,1845.097148798173
S063,I05,house,Ordered,1700.0448522950694
S064,I05,house,Ordered,3385.1030488713513
S065,I05,house,Ordered,2308.792281372381
S066,I05,house,Ordered,3062.5176933654893
S067,I05,house,Ordered,2206.6091746714237
S068,I05,house,Ordered,2852.3313871771034
S069,I05,house,Ordered,793.0838988307612
S070,I05,house,Ordered,2785.414840394951
S071,I05,house,Ordered,1156.7797927322363
S072,I05,house,Ordered,2188.491915389143
S073,I05,house,Ordered,2353.1176061462447
S074,I05,house,Ordered,881.969799990077
S075,I05,house,Ordered,2147.0784728737617
S076,I05,house,Ordered,1080.5543678859653
S077,I05,house,Ordered,2679.014145416202
S078,I05,house,Ordered,2125.5687354218476
S079,I05,house,Ordered,1641.243308513352
S080,I05,house,Ordered,2164.657882363143
S081,I05,house,Ordered,2758.378598328828
S082,I05,house,Ordered,3139.0962477095472
S083,I05,house,Ordered,2323.4192325636145
S084,I05,house,Ordered,1514.4693544187805
S085,I05,house,Ordered,2079.192927723322
S086,I05,house,Ordered,1376.143429716805
S087,I05,house,Ordered,919.1606338058189
S088,I05,house,Ordered,1469.813467871549
S089,I05,house,Ordered,2495.6707817856595
S090,I05,house,Ordered,3172.4439796430183
S091,I05,house,Ordered,703.9812461271795
S092,I05,house,Ordered,962.5803935570835
S093,I05,house,Ordered,2898.2097319126888
S094,I05,house,Ordered,2205.0934804822664
S095,I05,house,Ordered,2895.556970892148
S096,I05,house,Ordered,2052.602980776006
S097,I05,house,Ordered,3658.0609038286984
S098,I05,house,Ordered,1879.0552509245858
S099,I05,house,Ordered,2187.4747187456123
S100,I05,house,Ordered,2085.20813451457
S101,I05,house,Ordered,885.1139077056667
S102,I05,house,Ordered,2087.796401194503
S103,I05,house,Ordered,1699.7201589050376
S104,I05,house,Ordered,1955.1368325872927
S105,I05,house,Ordered,2334.0954731775173
S106,I05,house,Ordered,2659.8514622316516
S107,I05,house,Ordered,2770.629888030873
S108,I05,house,Ordered,2143.026444027669
S109,I05,house,Ordered,3327.6737019307707
S110,I05,house,Ordered,2590.6484688147607
S111,I05,house,Ordered,2511.389259338201
S112,I05,house,Ordered,3510.564106130916
S113,I05,house,Ordered,460.10896094988607
S114,I05,house,Ordered,1845.8243932560363
S115,I05,house,Ordered,1213.4015561534086
S116,I05,house,Ordered,1386.8640891286145
S117,I05,house,Ordered,-365.96460182966393
S118,I05,house,Ordered,2393.2929690595693
S119,I05,house,Ordered,3037.633318258932
S120,I05,house,Ordered,2144.0214859332054
S121,I05,house,Ordered,903.1668019007801
S122,I05,house,Ordered,459.26945266507596
S123,I05,house,Ordered,2566.9657927953067
S124,I05,house,Ordered,1344.516910298792
S125,I05,house,Ordered,388.70063293230805
S126,I05,house,Ordered,1691.6487952158348
S127,I05,house,Ordered,2820.823650393504
S128,I05,house,Ordered,2487.354503932232
S129,I05,house,Ordered,2005.3635413662137
S130,I05,house,Ordered,4050.1841174979195
S131,I05,house,Ordered,2495.628763546631
S132,I05,house,Ordered,4321.641534274746
S133,I05,house,Ordered,1609.3480936240117
S134,I05,house,Ordered,1650.6255168058924
S135,I05,house,Ordered,224.27013317509113
S136,I05,house,Ordered,2573.100475202744
S137,I05,house,Ordered,2556.6477511589674
S138,I05,house,Ordered,636.6139779435937
S139,I05,house,Ordered,1973.3904209696698
S140,I05,house,Ordered,2557.718801252962
S141,I05,house,Ordered,2420.7306723623396
S142,I05,house,Ordered,3065.9115824945634
S143,I05,house,Ordered,2663.456990277041
S144,I05,house,Ordered,2834.5353469460633
S145,I05,house,Ordered,1602.2371434198408
S146,I05,house,Ordered,2566.445124429939
S147,I05,house,Ordered,3668.753076761477
S001,I06,square,Ordered,1946.5909950324851
S002,I06,square,Ordered,1478.7134448034135
S003,I06,square,Ordered,2045.6574924663632
S004,I06,square,Ordered,1077.850882408719
S005,I06,square,Ordered,2082.9031167487838
S006,I06,square,Ordered,-66.04747840028654
S007,I06,square,Ordered,2753.7532629123666
S008,I06,square,Ordered,-26.262106754219985
S009,I06,square,Ordered,673.3091369317531
S010,I06,square,Ordered,2692.43869355453
S011,I06,square,Ordered,2727.3495641586132
S012,I06,square,Ordered,1609.475775660378
S013,I06,square,Ordered,2015.5464664109647
S014,I06,square,Ordered,1138.1527013006998
S015,I06,square,Ordered,2561.5799790138985
S016,I06,square,Ordered,2366.7842664581894
S017,I06,square,Ordered,2354.7780735109973
S018,I06,square,Ordered,1095.1900996657994
S019,I06,square,Ordered,2392.371588108883
S020,I06,square,Ordered,2376.7697033080303
S021,I06,square,Ordered,-152.21512904445717
S022,I06,square,Ordered,3046.7787830523366
S023,I06,square,Ordered,1794.5582379647128
S024,I06,square,Ordered,730.7265464260661
S025,I06,square,Ordered,3156.353602569812
S026,I06,square,Ordered,3081.4645001667536
S027,I06,square,Ordered,643.3371926825644
S028,I06,square,Ordered,2772.233021898148
S029,I06,square,Ordered,478.1576815143976
S030,I06,square,Ordered,790.8434412557147
S031,I06,square,Ordered,2779.9651006322238
S032,I06,square,Ordered,402.39634218085234
S033,I06,square,Ordered,338.48882083221133
S034,I06,square,Ordered,1370.6635329476358
S035,I06,square,Ordered,2392.8037448085283
S036,I06,square,Ordered,2522.527075086753
S037,I06,square,Ordered,1944.9587114692106
S038,I06,square,Ordered,2471.0451317382367
S039,I06,square,Ordered,57.32932022917544
S040,I06,square,Ordered,2454.8193625631093
S041,I06,square,Ordered,1394.8095045932816
S042,I06,square,Ordered,2505.7557767009707
S043,I06,square,Ordered,2870.0738880807216
S044,I06,square,Ordered,2234.9369098518464
S045,I06,square,Ordered,3219.7842394081044
S046,I06,square,Ordered,1556.9730265454168
S047,I06,square,Ordered,2933.8078234509285
S048,I06,square,Ordered,2501.477520747015
S049,I06,square,Ordered,795.6200423521293
S050,I06,square,Ordered,2432.163551275725
S051,I06,square,Ordered,2412.337730381874
S052,I06,square,Ordered,1331.18439670567
S053,I06,square,Ordered,1386.3426812536738
S054,I06,square,Ordered,701.7904279387847
S055,I06,square,Ordered,2870.502471142084
S056,I06,square,Ordered,1520.7017659510839
S057,I06,square,Ordered,938.2973661324795
S058,I06,square,Ordered,2534.0351974344685
S059,I06,square,Ordered,2389.1927287643107
S060,I06,square,Ordered,2936.9630420267576
S061,I06,square,Ordered,596.7442258839055
S062,I06,square,Ordered,904.8767168893248
S063,I06,square,Ordered,1164.396042946466
S064,I06,square,Ordered,3545.778945717007
S065,I06,square,Ordered,2363.4541764496666
S066,I06,square,Ordered,3102.560185054628
S067,I06,square,Ordered,1602.6980008957441
S068,I06,square,Ordered,2808.073962078208
S069,I06,square,Ordered,1593.6404439804483
S070,I06,square,Ordered,2523.6487741134792
S071,I06,square,Ordered,827.0887555404759
S072,I06,square,Ordered,1352.5018287871726
S073,I06,square,Ordered,967.8044051581054
S074,I06,square,Ordered,2144.434839032345
S075,I06,square,Ordered,963.069964568788
S076,I06,square,Ordered,1173.774876665309
S077,I06,square,Ordered,1678.976534455013
S078,I06,square,Ordered,1023.4506212729913
S079,I06,square,Ordered,1576.2318871810076
S080,I06,square,Ordered,882.9179171553504
S081,I06,square,Ordered,2502.5465880032853
S082,I06,square,Ordered,1869.2628350031464
S083,I06,square,Ordered,1311.2728999059582
S084,I06,square,Ordered,1727.217042453189
S085,I06,square,Ordered,1890.5820814921724
S086,I06,square,Ordered,-75.78357472256425
S087,I06,square,Ordered,869.4904346664221
S088,I06,square,Ordered,1332.3629552638522
S089,I06,square,Ordered,1153.8777624534423
S090,I06,square,Ordered,2352.687938321733
S091,I06,square,Ordered,1618.7339973442972
S092,I06,square,Ordered,1926.5122435788498
S093,I06,square,Ordered,2099.1593010851448
S094,I06,square,Ordered,3258.4151013558785
S095,I06,square,Ordered,1575.1289522721863
S096,I06,square,Ordered,1967.6051068473657
S097,I06,square,Ordered,2515.2513555942382
S098,I06,square,Ordered,1372.9240080770726
S099,I06,square,Ordered,2577.7956098268755
S100,I06,square,Ordered,621.6550509729043
S101,I06,square,Ordered,376.00940859931984
S102,I06,square,Ordered,2940.5554251591393
S103,I06,square,Ordered,990.6213775687929
S104,I06,square,Ordered,977.6759514738279
S105,I06,square,Ordered,2093.212567787602
S106,I06,square,Ordered,2247.8399038969
S107,I06,square,Ordered,2504.259813347483
S108,I06,square,Ordered,2627.1628288657485
S109,I06,square,Ordered,2714.918324037658
S110,I06,square,Ordered,2378.899128729579
S111,I06,square,Ordered,2645.0322881401785
S112,I06,square,Ordered,3407.0854913920994
S113,I06,square,Ordered,1892.1494560876893
S114,I06,square,Ordered,-232.56346884555342
S115,I06,square,Ordered,2305.238926824898
S116,I06,square,Ordered,248.07334404730932
S117,I06,square,Ordered,578.9351783705799
S118,I06,square,Ordered,2134.683927856026
S119,I06,square,Ordered,2274.0027489316544
S120,I06,square,Ordered,1253.1452360361068
S121,I06,square,Ordered,1633.785079747695
S122,I06,square,Ordered,1431.8046173532753
S123,I06,square,Ordered,2788.3565509822765
S124,I06,square,Ordered,715.936211608725
S125,I06,square,Ordered,548.2100215322914
S126,I06,square,Ordered,1950.081379307934
S127,I06,square,Ordered,2336.1932815478935
S128,I06,square,Ordered,1716.0538449952855
S129,I06,square,Ordered,2286.9737600917338
S130,I06,square,Ordered,2930.4661739710164
S131,I06,square,Ordered,2407.9992027926114
S132,I06,square,Ordered,2478.988085071989
S133,I06,square,Ordered,371.1529412080829
S134,I06,square,Ordered,2318.073477724023
S135,I06,square,Ordered,480.2029910075232
S136,I06,square,Ordered,1902.032181147959
S137,I06,square,Ordered,83.93487159178494
S138,I06,square,Ordered,879.4507720052492
S139,I06,square,Ordered,2725.1160492067092
S140,I06,square,Ordered,680.9948340433443
S141,I06,square,Ordered,1943.4965141440769
S142,I06,square,Ordered,3636.1889292186374
S143,I06,square,Ordered,2260.5759529742213
S144,I06,square,Ordered,2311.3341585061908
S145,I06,square,Ordered,984.7635573362313
S146,I06,square,Ordered,2254.1893389134175
S147,I06,square,Ordered,2989.4956618026354
S001,I07,natural,Ordered,2026.3760486471729
S002,I07,natural,Ordered,1366.5258191434832
S003,I07,natural,Ordered,1481.3596397436916
S004,I07,natural,Ordered,1121.9924355718863
S005,I07,natural,Ordered,2657.0207625808252
S006,I07,natural,Ordered,423.0867876327384
S007,I07,natural,Ordered,3025.0081649540716
S008,I07,natural,Ordered,2327.9783540282356
S009,I07,natural,Ordered,1342.303334049476
S010,I07,natural,Ordered,2042.6800168259256
S011,I07,natural,Ordered,3156.4596663321004
S012,I07,natural,Ordered,1563.5644091794907
S013,I07,natural,Ordered,1155.6092890025334
S014,I07,natural,Ordered,2141.675633124621
S015,I07,natural,Ordered,1597.3756969923352
S016,I07,natural,Ordered,2837.846958330664
S017,I07,natural,Ordered,3174.95696319699
S018,I07,natural,Ordered,1686.2596442530007
S019,I07,natural,Ordered,1866.3817784295143
S020,I07,natural,Ordered,2470.774341397798
S021,I07,natural,Ordered,1200.8075459183626
S022,I07,natural,Ordered,2409.5817530441855
S023,I07,natural,Ordered,528.8449649635652
S024,I07,natural,Ordered,1427.1559379999014
S025,I07,natural,Ordered,2330.625467446305
S026,I07,natural,Ordered,2455.1774381858977
S027,I07,natural,Ordered,560.7421131764041
S028,I07,natural,Ordered,1746.0705561026296
S029,I07,natural,Ordered,368.7423991855087
S030,I07,natural,Ordered,1930.93162855857
S031,I07,natural,Ordered,3407.9270530368067
S032,I07,natural,Ordered,847.2113845425113
S033,I07,natural,Ordered,1119.8438359245158
S034,I07,natural,Ordered,1944.8050084003344
S035,I07,natural,Ordered,2414.917081564824
S036,I07,natural,Ordered,1851.2084644853112
S037,I07,natural,Ordered,3055.9670885343676
S038,I07,natural,Ordered,1491.1558570547986
S039,I07,natural,Ordered,983.035868948215
S040,I07,natural,Ordered,2618.8424437134636
S041,I07,natural,Ordered,2175.300076290755
S042,I07,natural,Ordered,2237.8721833078625
S043,I07,natural,Ordered,3072.194264842411
S044,I07,natural,Ordered,1691.4724101723225
S045,I07,natural,Ordered,2842.9635513291096
S046,I07,natural,Ordered,2648.4666295397
S047,I07,natural,Ordered,3314.993549406445
S048,I07,natural,Ordered,1910.0816168920405
S049,I07,natural,Ordered,771.6164391884276
S050,I07,natural,Ordered,3444.6932757988006
S051,I07,natural,Ordered,3384.6256944085835
S052,I07,natural,Ordered,2191.9729088784866
S053,I07,natural,Ordered,1495.5636180173508
S054,I07,natural,Ordered,1728.2794043993777
S055,I07,natural,Ordered,1860.61119155494
S056,I07,natural,Ordered,2142.4434335347487
S057,I07,natural,Ordered,1320.9314291867142
S058,I07,natural,Ordered,2675.5913638484235
S059,I07,natural,Ordered,2836.960547085389
S060,I07,natural,Ordered,2678.683491302022
S061,I07,natural,Ordered,1317.799025163085
S062,I07,natural,Ordered,1714.8517740071677
S063,I07,natural,Ordered,2547.4241396546267
S064,I07,natural,Ordered,3342.8497902187946
S065,I07,natural,Ordered,2213.560796425355
S066,I07,natural,Ordered,2689.573901578934
S067,I07,natural,Ordered,2807.6080808202023
S068,I07,natural,Ordered,3398.198436916383
S069,I07,natural,Ordered,1398.6142810980723
S070,I07,natural,Ordered,2431.248498062003
S071,I07,natural,Ordered,1536.9019556361634
S072,I07,natural,Ordered,2132.7814746897748
S073,I07,natural,Ordered,2533.9155759335044
S074,I07,natural,Ordered,1167.7201448382452
S075,I07,natural,Ordered,2565.942809063504
S076,I07,natural,Ordered,1517.0382110789892
S077,I07,natural,Ordered,2127.8566996576137
S078,I07,natural,Ordered,2154.884357360981
S079,I07,natural,Ordered,1856.2346255070715
S080,I07,natural,Ordered,2430.3830765455887
S081,I07,natural,Ordered,1704.5003024206749
S082,I07,natural,Ordered,2552.1140709887077
S083,I07,natural,Ordered,2777.642176674076
S084,I07,natural,Ordered,1103.4707172084823
S085,I07,natural,Ordered,2285.982693434359
S086,I07,natural,Ordered,1291.055741379351
S087,I07,natural,Ordered,1082.4622092298541
S088,I07,natural,Ordered,1708.2902624018948
S089,I07,natural,Ordered,2184.44864906218
S090,I07,natural,Ordered,2743.6030621184345
S091,I07,natural,Ordered,296.71020575763623
S092,I07,natural,Ordered,1897.1446492220612
S093,I07,natural,Ordered,2384.812184954475
S094,I07,natural,Ordered,2106.4330056500685
S095,I07,natural,Ordered,1761.4030481095483
S096,I07,natural,Ordered,2287.075177371042
S097,I07,natural,Ordered,3585.536500711844
S098,I07,natural,Ordered,2387.4048368514464
S099,I07,natural,Ordered,2193.4933406489918
S100,I07,natural,Ordered,1767.2720397120656
S101,I07,natural,Ordered,664.7874489520349
S102,I07,natural,Ordered,2013.811553077855
S103,I07,natural,Ordered,2853.2756437080707
S104,I07,natural,Ordered,937.3095432584307
S105,I07,natural,Ordered,1574.269257868123
S106,I07,natural,Ordered,1656.8721575307818
S107,I07,natural,Ordered,3537.0995277236743
S108,I07,natural,Ordered,2559.566019530578
S109,I07,natural,Ordered,4543.45115912713
S110,I07,natural,Ordered,1932.972562707043
S111,I07,natural,Ordered,4152.898910128024
S112,I07,natural,Ordered,2573.823293853169
S113,I07,natural,Ordered,2256.3334591247035
S114,I07,natural,Ordered,1457.636424711975
S115,I07,natural,Ordered,1121.992260569681
S116,I07,natural,Ordered,965.5598215346463
S117,I07,natural,Ordered,620.8618125419417
S118,I07,natural,Ordered,1758.2393172667075
S119,I07,natural,Ordered,2448.958889971603
S120,I07,natural,Ordered,2431.223579354872
S121,I07,natural,Ordered,96.61583633564032
S122,I07,natural,Ordered,1167.2270008126613
S123,I07,natural,Ordered,1836.7682482591895
S124,I07,natural,Ordered,1293.8190647827796
S125,I07,natural,Ordered,-113.9348029828177
S126,I07,natural,Ordered,2416.766215959794
S127,I07,natural,Ordered,3286.5416201900516
S128,I07,natural,Ordered,2165.4066757085825
S129,I07,natural,Ordered,2991.0094802441017
S130,I07,natural,Ordered,3782.938361978884
S131,I07,natural,Ordered,1881.5060119325499
S132,I07,natural,Ordered,2792.734958079218
S133,I07,natural,Ordered,-151.36478507701372
S134,I07,natural,Ordered,919.0353027657061
S135,I07,natural,Ordered,391.82847417882556
S136,I07,natural,Ordered,1378.9257172116827
S137,I07,natural,Ordered,1988.3332322998504
S138,I07,natural,Ordered,1357.1994069228458
S139,I07,natural,Ordered,2307.9153184732545
S140,I07,natural,Ordered,2946.2334229764656
S141,I07,natural,Ordered,1694.4506072244292
S142,I07,natural,Ordered,2759.0314897000226
S143,I07,natural,Ordered,2544.0491963753107
S144,I07,natural,Ordered,1882.751270484251
S145,I07,natural,Ordered,1258.2919943528664
S146,I07,natural,Ordered,2053.1570682704532
S147,I07,natural,Ordered,3934.6255925687174
S001,I08,house,Ordered,1920.746529027916
S002,I08,house,Ordered,566.567828062909
S003,I08,house,Ordered,862.3444327663922
S004,I08,house,Ordered,64.28796577731555
S005,I08,house,Ordered,289.6846899679126
S006,I08,house,Ordered,-1050.4837843834985
S007,I08,house,Ordered,1851.962323596316
S008,I08,house,Ordered,-518.1463079527384
S009,I08,house,Ordered,782.4548050108588
S010,I08,house,Ordered,1458.4231375446789
S011,I08,house,Ordered,1380.8441523289716
S012,I08,house,Ordered,624.0711992899453
S013,I08,house,Ordered,199.58181211020042
S014,I08,house,Ordered,401.7985486042014
S015,I08,house,Ordered,771.8583257233287
S016,I08,house,Ordered,1182.231490736698
S017,I08,house,Ordered,1189.4924502104536
S018,I08,house,Ordered,1428.898752191161
S019,I08,house,Ordered,1048.0448230918992
S020,I08,house,Ordered,916.6464642027895
S021,I08,house,Ordered,-149.41772374342167
S022,I08,house,Ordered,1007.9823764058075
S023,I08,house,Ordered,981.3822205790525
S024,I08,house,Ordered,594.9648718344245
S025,I08,house,Ordered,2296.175457136277
S026,I08,house,Ordered,737.2441837850096
S027,I08,house,Ordered,168.95270492641248
S028,I08,house,Ordered,2162.3016757003497
S029,I08,house,Ordered,-691.9149896885865
S030,I08,house,Ordered,1759.500839457687
S031,I08,house,Ordered,1282.8656304447306
S032,I08,house,Ordered,-277.28075785907663
S033,I08,house,Ordered,-181.9438894834641
S034,I08,house,Ordered,1818.0586793916807
S035,I08,house,Ordered,1450.5448993420066
S036,I08,house,Ordered,1734.5427532674532
S037,I08,house,Ordered,1349.575655688907
S038,I08,house,Ordered,862.3067136674335
S039,I08,house,Ordered,602.834718737656
S040,I08,house,Ordered,765.9992079147468
S041,I08,house,Ordered,318.9537440199058
S042,I08,house,Ordered,1937.67302799497
S043,I08,house,Ordered,1028.7381846946935
S044,I08,house,Ordered,-71.62796451781401
S045,I08,house,Ordered,1779.5240475723285
S046,I08,house,Ordered,497.46321353405483
S047,I08,house,Ordered,1535.223757528372
S048,I08,house,Ordered,2405.4262663643926
S049,I08,house,Ordered,-497.4573067687252
S050,I08,house,Ordered,2337.1544072528363
S051,I08,house,Ordered,676.9285290386343
S052,I08,house,Ordered,802.1827271023642
S053,I08,house,Ordered,18.30660791491914
S054,I08,house,Ordered,518.2165166370592
S055,I08,house,Ordered,590.3858025355073
S056,I08,house,Ordered,707.0774987047006
S057,I08,house,Ordered,172.21113716549758
S058,I08,house,Ordered,980.3867140102931
S059,I08,house,Ordered,1540.8043560248655
S060,I08,house,Ordered,1672.256465062372
S061,I08,house,Ordered,-545.9040624627455
S062,I08,house,Ordered,403.9046213901647
S063,I08,house,Ordered,1193.3200533135687
S064,I08,house,Ordered,2196.2467154184856
S065,I08,house,Ordered,769.7042436961232
S066,I08,house,Ordered,709.2521610051384
S067,I08,house,Ordered,1794.0192901171768
S068,I08,house,Ordered,1629.5997339972002
S069,I08,house,Ordered,475.54039283208704
S070,I08,house,Ordered,1026.7741360183152
S071,I08,house,Ordered,-189.07690483308693
S072,I08,house,Ordered,1274.3126569509561
S073,I08,house,Ordered,769.3957406201397
S074,I08,house,Ordered,1136.1856006560201
S075,I08,house,Ordered,238.35677972910548
S076,I08,house,Ordered,-80.84838585713169
S077,I08,house,Ordered,1452.7651362199226
S078,I08,house,Ordered,1025.8396789068784
S079,I08,house,Ordered,346.6724178722302
S080,I08,house,Ordered,1084.9645854615937
S081,I08,house,Ordered,1413.7250987775064
S082,I08,house,Ordered,1317.6640691667628
S083,I08,house,Ordered,1693.4694123399174
S084,I08,house,Ordered,84.23359576164603
S085,I08,house,Ordered,1372.3413043380906
S086,I08,house,Ordered,568.0621248284222
S087,I08,house,Ordered,-0.8383977169087302
S088,I08,house,Ordered,-367.7291256297699
S089,I08,house,Ordered,1195.5148923277948
S090,I08,house,Ordered,2798.611059990859
S091,I08,house,Ordered,380.372304093798
S092,I08,house,Ordered,438.3365359847114
S093,I08,house,Ordered,1195.0053136932615
S094,I08,house,Ordered,1742.5173666263786
S095,I08,house,Ordered,1140.185216028522
S096,I08,house,Ordered,221.90849865827386
S097,I08,house,Ordered,1846.1828500456738
S098,I08,house,Ordered,97.00220312869874
S099,I08,house,Ordered,1081.52331146488
S100,I08,house,Ordered,841.2825892627478
S101,I08,house,Ordered,1113.363127139801
S102,I08,house,Ordered,723.7521959439713
S103,I08,house,Ordered,623.6526271774062
S104,I08,house,Ordered,-482.4005851385914
S105,I08,house,Ordered,1798.5604901598128
S106,I08,house,Ordered,725.7926286694645
S107,I08,house,Ordered,2227.086534505573
S108,I08,house,Ordered,1058.0329394723892
S109,I08,house,Ordered,2376.172309690029
S110,I08,house,Ordered,1628.5525997766924
S111,I08,house,Ordered,1859.2371697498954
S112,I08,house,Ordered,1169.4534260826238
S113,I08,house,Ordered,789.722416465157
S114,I08,house,Ordered,437.0216419806468
S115,I08,house,Ordered,141.17386073169632
S116,I08,house,Ordered,-474.9401870585302
S117,I08,house,Ordered,-395.5708644143119
S118,I08,house,Ordered,678.7859772474826
S119,I08,house,Ordered,1185.3724064862545
S120,I08,house,Ordered,1179.7860032168396
S121,I08,house,Ordered,-367.6019509745124
S122,I08,house,Ordered,-176.1375820397866
S123,I08,house,Ordered,1269.5821291377756
S124,I08,house,Ordered,327.260117774714
S125,I08,house,Ordered,-1148.6841281009288
S126,I08,house,Ordered,1853.1447306255907
S127,I08,house,Ordered,1521.097454222505
S128,I08,house,Ordered,492.9456790433344
S129,I08,house,Ordered,1682.6162614518557
S130,I08,house,Ordered,1940.6360071555832
S131,I08,house,Ordered,662.1293554637837
S132,I08,house,Ordered,2034.5710477544908
S133,I08,house,Ordered,942.3441171670435
S134,I08,house,Ordered,242.4456679982536
S135,I08,house,Ordered,-831.3448646098309
S136,I08,house,Ordered,829.9859145082421
S137,I08,house,Ordered,773.8339968991563
S138,I08,house,Ordered,497.9150405686978
S139,I08,house,Ordered,555.36711605442
S140,I08,house,Ordered,837.5088758922908
S141,I08,house,Ordered,1879.6791730996501
S142,I08,house,Ordered,2471.9238591405156
S143,I08,house,Ordered,2309.8138685951367
S144,I08,house,Ordered,1602.9845218862383
S145,I08,house,Ordered,340.68549542665914
S146,I08,house,Ordered,369.0634759447257
S147,I08,house,Ordered,1680.621824618964
S001,I09,square,Ordered,1458.0284454184293
S002,I09,square,Ordered,1819.3388340610193
S003,I09,square,Ordered,1838.6806823754298
S004,I09,square,Ordered,679.1090685803588
S005,I09,square,Ordered,1629.424215381041
S006,I09,square,Ordered,183.98987635369872
S007,I09,square,Ordered,2747.1198604457795
S008,I09,square,Ordered,-309.3981756522535
S009,I09,square,Ordered,1322.6339116921254
S010,I09,square,Ordered,2711.900439674414
S011,I09,square,Ordered,1935.6183963470548
S012,I09,square,Ordered,1261.7949298952767
S013,I09,square,Ordered,1657.2218561176512
S014,I09,square,Ordered,1486.9155504867567
S015,I09,square,Ordered,2434.6346102213834
S016,I09,square,Ordered,2849.0942138593878
S017,I09,square,Ordered,1587.4619370892303
S018,I09,square,Ordered,1089.0228502273812
S019,I09,square,Ordered,2908.914564175975
S020,I09,square,Ordered,2217.10937971559
S021,I09,square,Ordered,-332.3571026780646
S022,I09,square,Ordered,3289.645503298968
S023,I09,square,Ordered,1248.3899104344969
S024,I09,square,Ordered,1921.5257480476332
S025,I09,square,Ordered,2067.207469741408
S026,I09,square,Ordered,2857.9888481598186
S027,I09,square,Ordered,98.73833899335341
S028,I09,square,Ordered,3139.9377075606753
S029,I09,square,Ordered,704.8096985407649
S030,I09,square,Ordered,1383.4851289986032
S031,I09,square,Ordered,2743.082600766638
S032,I09,square,Ordered,-204.20329340061562
S033,I09,square,Ordered,-403.40264721170024
S034,I09,square,Ordered,1670.4828884296594
S035,I09,square,Ordered,3250.6505447075415
S036,I09,square,Ordered,2881.8937663552083
S037,I09,square,Ordered,2244.6450283122117
S038,I09,square,Ordered,2631.7199515189923
S039,I09,square,Ordered,1414.8716741600142
S040,I09,square,Ordered,1772.1576641069457
S041,I09,square,Ordered,694.4282829348963
S042,I09,square,Ordered,2799.1899234289876
S043,I09,square,Ordered,2144.4542984444743
S044,I09,square,Ordered,1409.1921107564358
S045,I09,square,Ordered,3815.5939622454125
S046,I09,square,Ordered,746.6700204644544
S047,I09,square,Ordered,3182.8391683452655
S048,I09,square,Ordered,2877.1220685039107
S049,I09,square,Ordered,876.8768827586028
S050,I09,square,Ordered,2220.203259015906
S051,I09,square,Ordered,2277.794515681212
S052,I09,square,Ordered,836.9741018325753
S053,I09,square,Ordered,2040.3715372728584
S054,I09,square,Ordered,1696.7626803936619
S055,I09,square,Ordered,2633.971758831842
S056,I09,square,Ordered,1678.6069360238992
S057,I09,square,Ordered,1715.9328974227578
S058,I09,square,Ordered,2490.1949779154847
S059,I09,square,Ordered,2840.6105091147338
S060,I09,square,Ordered,2543.740119145915
S061,I09,square,Ordered,829.1953943014555
S062,I09,square,Ordered,869.603799718954
S063,I09,square,Ordered,2041.0167180249066
S064,I09,square,Ordered,2381.527343820612
S065,I09,square,Ordered,2135.029656501445
S066,I09,square,Ordered,2429.8121242576754
S067,I09,square,Ordered,2247.7247997776667
S068,I09,square,Ordered,2941.2707470783275
S069,I09,square,Ordered,1877.5483786322432
S070,I09,square,Ordered,2466.852918227151
S071,I09,square,Ordered,886.9881667107214
S072,I09,square,Ordered,2869.452649224289
S073,I09,square,Ordered,1850.2580230548972
S074,I09,square,Ordered,1616.3420353177673
S075,I09,square,Ordered,1556.3380763087227
S076,I09,square,Ordered,781.3408300442268
S077,I09,square,Ordered,1718.918195924895
S078,I09,square,Ordered,748.2876075681679
S079,I09,square,Ordered,2058.3499101643247
S080,I09,square,Ordered,1355.349097951026
S081,I09,square,Ordered,3163.854653880344
S082,I09,square,Ordered,2601.7243191054895
S083,I09,square,Ordered,2766.688886604585
S084,I09,square,Ordered,1141.0045635373417
S085,I09,square,Ordered,2081.902979503098
S086,I09,square,Ordered,1237.3511545717092
S087,I09,square,Ordered,1981.4667088716205
S088,I09,square,Ordered,762.6279182828202
S089,I09,square,Ordered,1474.000835734716
S090,I09,square,Ordered,3263.972434327487
S091,I09,square,Ordered,564.3208384349969
S092,I09,square,Ordered,1081.2969919677776
S093,I09,square,Ordered,2064.1003051245007
S094,I09,square,Ordered,3541.3181025675394
S095,I09,square,Ordered,829.5505046296787
S096,I09,square,Ordered,921.4446191557282
S097,I09,square,Ordered,2515.3758581607626
S098,I09,square,Ordered,1913.9252595121452
S099,I09,square,Ordered,2600.561185439594
S100,I09,square,Ordered,1196.47476578753
S101,I09,square,Ordered,949.6741673171458
S102,I09,square,Ordered,2078.3402191429195
S103,I09,square,Ordered,1965.3164843025595
S104,I09,square,Ordered,1122.2045204827857
S105,I09,square,Ordered,1725.3366506152547
S106,I09,square,Ordered,3040.8879200972788
S107,I09,square,Ordered,2095.0639022817145
S108,I09,square,Ordered,1588.1378845932297
S109,I09,square,Ordered,2875.4024812252214
S110,I09,square,Ordered,2309.3829115982703
S111,I09,square,Ordered,2450.5475061198617
S112,I09,square,Ordered,2649.2858715332104
S113,I09,square,Ordered,1733.5901943190183
S114,I09,square,Ordered,1103.5027779409406
S115,I09,square,Ordered,1158.3700229909768
S116,I09,square,Ordered,1432.147338724595
S117,I09,square,Ordered,-368.12906644325403
S118,I09,square,Ordered,1418.6309663781292
S119,I09,square,Ordered,2421.6586719201687
S120,I09,square,Ordered,3008.9614880223917
S121,I09,square,Ordered,2538.154977023369
S122,I09,square,Ordered,2240.788601258105
S123,I09,square,Ordered,1918.9946848469563
S124,I09,square,Ordered,786.5191588423206
S125,I09,square,Ordered,684.194024870362
S126,I09,square,Ordered,1991.6805900267564
S127,I09,square,Ordered,2717.3938937537123
S128,I09,square,Ordered,2012.7464925930365
S129,I09,square,Ordered,2165.8323014288694
S130,I09,square,Ordered,3141.3209479414973
S131,I09,square,Ordered,3221.9906723423946
S132,I09,square,Ordered,1894.0717438052388
S133,I09,square,Ordered,183.97432347238123
S134,I09,square,Ordered,1754.6954408144918
S135,I09,square,Ordered,1737.4275930308345
S136,I09,square,Ordered,2075.337487179814
S137,I09,square,Ordered,76.00987075206422
S138,I09,square,Ordered,1487.412869430124
S139,I09,square,Ordered,2612.7981331411083
S140,I09,square,Ordered,2072.760421849152
S141,I09,square,Ordered,2279.958029358301
S142,I09,square,Ordered,3868.390503525799
S143,I09,square,Ordered,3224.321735737835
S144,I09,square,Ordered,2764.4386544049826
S145,I09,square,Ordered,1597.556405060508
S146,I09,square,Ordered,1618.1473479478718
S147,I09,square,Ordered,2382.8894828918123
S001,I10,natural,Ordered,323.583706105132
S002,I10,natural,Ordered,-475.39467672112823
S003,I10,natural,Ordered,926.109881686707
S004,I10,natural,Ordered,-781.0648896684229
S005,I10,natural,Ordered,984.8646823149911
S006,I10,natural,Ordered,-114.04193523180743
S007,I10,natural,Ordered,1992.6481082636233
S008,I10,natural,Ordered,367.76137128514074
S009,I10,natural,Ordered,878.4732027217988
S010,I10,natural,Ordered,948.7279528158974
S011,I10,natural,Ordered,2082.4619400594565
S012,I10,natural,Ordered,542.8180384853715
S013,I10,natural,Ordered,-618.7443178317335
S014,I10,natural,Ordered,658.0615880656263
S015,I10,natural,Ordered,1101.4136310290426
S016,I10,natural,Ordered,1950.5740983910373
S017,I10,natural,Ordered,840.5439835156149
S018,I10,natural,Ordered,34.07694523316718
S019,I10,natural,Ordered,1205.918346410765
S020,I10,natural,Ordered,1378.2948664194885
S021,I10,natural,Ordered,86.17797711936987
S022,I10,natural,Ordered,911.2218844194385
S023,I10,natural,Ordered,828.9579799700634
S024,I10,natural,Ordered,502.70631758181173
S025,I10,natural,Ordered,1014.3369922860152
S026,I10,natural,Ordered,1081.0743107139576
S027,I10,natural,Ordered,203.38936180312294
S028,I10,natural,Ordered,837.7457132513498
S029,I10,natural,Ordered,-628.5384766549114
S030,I10,natural,Ordered,546.2317125842181
S031,I10,natural,Ordered,862.7792821441622
S032,I10,natural,Ordered,-482.0920712200268
S033,I10,natural,Ordered,-551.8719954610781
S034,I10,natural,Ordered,417.8389845628358
S035,I10,natural,Ordered,261.30420359226923
S036,I10,natural,Ordered,388.21465772265617
S037,I10,natural,Ordered,1895.3159324772214
S038,I10,natural,Ordered,922.2740620834743
S039,I10,natural,Ordered,-135.8316265641513
S040,I10,natural,Ordered,559.0672926916207
S041,I10,natural,Ordered,937.4855046301109
S042,I10,natural,Ordered,955.9724995782778
S043,I10,natural,Ordered,1663.6393829151707
S044,I10,natural,Ordered,117.97178864917942
S045,I10,natural,Ordered,1185.5807914362363
S046,I10,natural,Ordered,1469.4044672714315
S047,I10,natural,Ordered,2433.2219577866163
S048,I10,natural,Ordered,653.9277005345211
S049,I10,natural,Ordered,-1574.4204905056558
S050,I10,natural,Ordered,1047.3203466930954
S051,I10,natural,Ordered,541.0411432670073
S052,I10,natural,Ordered,104.90095778293335
S053,I10,natural,Ordered,417.5886221636538
S054,I10,natural,Ordered,627.5940402329785
S055,I10,natural,Ordered,1427.62743368655
S056,I10,natural,Ordered,254.22450883363354
S057,I10,natural,Ordered,1294.680505293496
S058,I10,natural,Ordered,491.9996123700005
S059,I10,natural,Ordered,1993.7539073778553
S060,I10,natural,Ordered,1372.3345849174275
S061,I10,natural,Ordered,420.4065400675489
S062,I10,natural,Ordered,52.32109440869999
S063,I10,natural,Ordered,1869.928747832555
S064,I10,natural,Ordered,2261.9559432509072
S065,I10,natural,Ordered,1247.435666800071
S066,I10,natural,Ordered,1168.7885630210692
S067,I10,natural,Ordered,1677.0342412204382
S068,I10,natural,Ordered,823.838892007629
S069,I10,natural,Ordered,497.2813996146566
S070,I10,natural,Ordered,1749.788278034246
S071,I10,natural,Ordered,239.14465796385434
S072,I10,natural,Ordered,603.9457243379989
S073,I10,natural,Ordered,394.26488686752396
S074,I10,natural,Ordered,1675.5704495819532
S075,I10,natural,Ordered,57.195416955205246
S076,I10,natural,Ordered,240.88089743802198
S077,I10,natural,Ordered,402.4747150547165
S078,I10,natural,Ordered,767.4297330208169
S079,I10,natural,Ordered,105.0704204513072
S080,I10,natural,Ordered,172.2547734331763
S081,I10,natural,Ordered,1330.2683319333519
S082,I10,natural,Ordered,1932.406837792089
S083,I10,natural,Ordered,465.4839222504762
S084,I10,natural,Ordered,949.569887023775
S085,I10,natural,Ordered,1006.4250201476698
S086,I10,natural,Ordered,640.4504922497816
S087,I10,natural,Ordered,-941.7284060354391
S088,I10,natural,Ordered,306.12429909807133
S089,I10,natural,Ordered,856.3647611898618
S090,I10,natural,Ordered,1227.8787802137485
S091,I10,natural,Ordered,843.2552025824889
S092,I10,natural,Ordered,274.08947883063206
S093,I10,natural,Ordered,-118.02126143049236
S094,I10,natural,Ordered,1230.2510741621516
S095,I10,natural,Ordered,814.6726856681803
S096,I10,natural,Ordered,948.8104637216732
S097,I10,natural,Ordered,1521.2057978913165
S098,I10,natural,Ordered,-247.19084759551833
S099,I10,natural,Ordered,1502.5747323701114
S100,I10,natural,Ordered,1123.9562102792033
S101,I10,natural,Ordered,-824.2868056310872
S102,I10,natural,Ordered,989.8145564215749
S103,I10,natural,Ordered,841.0876284760134
S104,I10,natural,Ordered,300.7362477095455
S105,I10,natural,Ordered,210.5964290914335
S106,I10,natural,Ordered,336.1211398439232
S107,I10,natural,Ordered,2012.1608929023791
S108,I10,natural,Ordered,488.1207744806186
S109,I10,natural,Ordered,2965.962045691007
S110,I10,natural,Ordered,985.661245755135
S111,I10,natural,Ordered,953.7616132434787
S112,I10,natural,Ordered,1354.4498223143007
S113,I10,natural,Ordered,197.0659381473829
S114,I10,natural,Ordered,-780.2903492382266
S115,I10,natural,Ordered,-486.01690980062085
S116,I10,natural,Ordered,-155.24568502412671
S117,I10,natural,Ordered,-1753.6822597089504
S118,I10,natural,Ordered,-114.86772240503001
S119,I10,natural,Ordered,908.9520510808127
S120,I10,natural,Ordered,212.19429274479467
S121,I10,natural,Ordered,-951.7653838994129
S122,I10,natural,Ordered,-755.7903219175241
S123,I10,natural,Ordered,702.8108381536782
S124,I10,natural,Ordered,161.95508409561694
S125,I10,natural,Ordered,-54.61926041613265
S126,I10,natural,Ordered,308.0406309846426
S127,I10,natural,Ordered,1524.8921782100592
S128,I10,natural,Ordered,-636.2801101614816
S129,I10,natural,Ordered,825.4157668066318
S130,I10,natural,Ordered,1744.5949828649836
S131,I10,natural,Ordered,1534.9558472710223
S132,I10,natural,Ordered,1553.5513848473392
S133,I10,natural,Ordered,353.23388690984916
S134,I10,natural,Ordered,-370.0708989994912
S135,I10,natural,Ordered,105.3280316391465
S136,I10,natural,Ordered,-412.9576428472542
S137,I10,natural,Ordered,1036.0615170643414
S138,I10,natural,Ordered,-216.35701983381227
S139,I10,natural,Ordered,1148.2753979475278
S140,I10,natural,Ordered,2594.074038055952
S141,I10,natural,Ordered,537.6054580347313
S142,I10,natural,Ordered,1670.6355327541132
S143,I10,natural,Ordered,1081.3356239391662
S144,I10,natural,Ordered,599.0629793105824
S145,I10,natural,Ordered,536.0019300366936
S146,I10,natural,Ordered,-228.1860854725353
S147,I10,natural,Ordered,2064.651463770523
S001,I11,house,Ordered,2184.1362488893974
S002,I11,house,Ordered,1356.6270492787248
S003,I11,house,Ordered,767.93114698954
S004,I11,house,Ordered,424.1239087300596
S005,I11,house,Ordered,761.5126317238553
S006,I11,house,Ordered,271.72406537973256
S007,I11,house,Ordered,1637.6415867369403
S008,I11,house,Ordered,612.7800419349344
S009,I11,house,Ordered,1381.417771074757
S010,I11,house,Ordered,2115.483590557066
S011,I11,house,Ordered,2366.330221828488
S012,I11,house,Ordered,1323.8472550577262
S013,I11,house,Ordered,446.98560038196933
S014,I11,house,Ordered,1141.2584645004995
S015,I11,house,Ordered,2673.4566860689774
S016,I11,house,Ordered,655.2643949947249
S017,I11,house,Ordered,1879.9519476110456
S018,I11,house,Ordered,1017.6325190215397
S019,I11,house,Ordered,1644.8049050256232
S020,I11,house,Ordered,811.0278495976614
S021,I11,house,Ordered,854.8671306714875
S022,I11,house,Ordered,1795.6638141534077
S023,I11,house,Ordered,871.782268928512
S024,I11,house,Ordered,1140.9926598844438
S025,I11,house,Ordered,2019.8812858961044
S026,I11,house,Ordered,1697.8002219738025
S027,I11,house,Ordered,1797.4190327732958
S028,I11,house,Ordered,1770.6936146594498
S029,I11,house,Ordered,885.2065649577652
S030,I11,house,Ordered,607.3116992586156
S031,I11,house,Ordered,2419.049454049773
S032,I11,house,Ordered,-241.18493669408826
S033,I11,house,Ordered,-249.97568039833232
S034,I11,house,Ordered,1519.195767696906
S035,I11,house,Ordered,2219.3577089753635
S036,I11,house,Ordered,1496.9381173849783
S037,I11,house,Ordered,2322.1706915821896
S038,I11,house,Ordered,1971.4752384892179
S039,I11,house,Ordered,848.1553451021124
S040,I11,house,Ordered,1868.4757796756194
S041,I11,house,Ordered,2063.9575719915856
S042,I11,house,Ordered,2229.2335937787016
S043,I11,house,Ordered,2377.7093554051953
S044,I11,house,Ordered,527.4964196383899
S045,I11,house,Ordered,2592.029742688826
S046,I11,house,Ordered,1835.765037310601
S047,I11,house,Ordered,2805.127686028529
S048,I11,house,Ordered,1427.4223727978774
S049,I11,house,Ordered,-214.37421543448158
S050,I11,house,Ordered,2530.9040975018634
S051,I11,house,Ordered,2284.6512180297445
S052,I11,house,Ordered,1741.1785082406188
S053,I11,house,Ordered,1778.702860581032
S054,I11,house,Ordered,1091.7806469976738
S055,I11,house,Ordered,3487.7555707073207
S056,I11,house,Ordered,1885.9145025700898
S057,I11,house,Ordered,1911.6786165092772
S058,I11,house,Ordered,1960.8069826018275
S059,I11,house,Ordered,2551.6765122217776
S060,I11,house,Ordered,1542.838725554192
S061,I11,house,Ordered,-159.29387714950622
S062,I11,house,Ordered,569.3249477922839
S063,I11,house,Ordered,1770.41206209561
S064,I11,house,Ordered,3172.8467293551225
S065,I11,house,Ordered,1265.3631159086692
S066,I11,house,Ordered,2385.856739018812
S067,I11,house,Ordered,1040.5800792319856
S068,I11,house,Ordered,1461.1266999524414
S069,I11,house,Ordered,15.430552708358391
S070,I11,house,Ordered,2841.6756538202317
S071,I11,house,Ordered,347.26124079649935
S072,I11,house,Ordered,1638.34167568253
S073,I11,house,Ordered,1070.0661547568989
S074,I11,house,Ordered,3012.306093213332
S075,I11,house,Ordered,890.6494441600261
S076,I11,house,Ordered,748.9235372426414
S077,I11,house,Ordered,1323.0082388551482
S078,I11,house,Ordered,620.1269141856947
S079,I11,house,Ordered,674.8021238119047
S080,I11,house,Ordered,1270.4773347735866
S081,I11,house,Ordered,596.5241650378118
S082,I11,house,Ordered,1132.2656002377664
S083,I11,house,Ordered,2019.8428342366751
S084,I11,house,Ordered,712.517207114611
S085,I11,house,Ordered,1849.0444739210661
S086,I11,house,Ordered,285.97006492010587
S087,I11,house,Ordered,992.0492357040655
S088,I11,house,Ordered,1119.8478350440332
S089,I11,house,Ordered,1277.9765258777893
S090,I11,house,Ordered,1536.339294678844
S091,I11,house,Ordered,454.93833311644494
S092,I11,house,Ordered,1321.400844406058
S093,I11,house,Ordered,1031.6500420709049
S094,I11,house,Ordered,2145.4074255114983
S095,I11,house,Ordered,648.8686064935237
S096,I11,house,Ordered,1856.4448144218209
S097,I11,house,Ordered,2916.151255106897
S098,I11,house,Ordered,310.2994921876341
S099,I11,house,Ordered,2150.155978584551
S100,I11,house,Ordered,1813.5387773802768
S101,I11,house,Ordered,1237.9452101693214
S102,I11,house,Ordered,2161.808504759729
S103,I11,house,Ordered,2506.037812060602
S104,I11,house,Ordered,192.4797890593086
S105,I11,house,Ordered,1921.9058182927004
S106,I11,house,Ordered,1831.660202299147
S107,I11,house,Ordered,2652.793257987214
S108,I11,house,Ordered,1806.2184058926694
S109,I11,house,Ordered,2865.016727084939
S110,I11,house,Ordered,1815.1805742555753
S111,I11,house,Ordered,2819.252615907867
S112,I11,house,Ordered,1716.7595505119473
S113,I11,house,Ordered,1631.0806186216519
S114,I11,house,Ordered,465.6259126841712
S115,I11,house,Ordered,783.1564627732544
S116,I11,house,Ordered,459.4703940971001
S117,I11,house,Ordered,171.07617137331818
S118,I11,house,Ordered,2038.6251648938667
S119,I11,house,Ordered,1866.591828260175
S120,I11,house,Ordered,1401.1038584519315
S121,I11,house,Ordered,1189.9016395874448
S122,I11,house,Ordered,-142.6464716499936
S123,I11,house,Ordered,918.0834253339167
S124,I11,house,Ordered,1518.6183188030534
S125,I11,house,Ordered,-628.1913147055102
S126,I11,house,Ordered,2054.9667829462887
S127,I11,house,Ordered,2611.109541757818
S128,I11,house,Ordered,736.7083616422011
S129,I11,house,Ordered,1432.9799698767413
S130,I11,house,Ordered,2827.371725032097
S131,I11,house,Ordered,1850.4455437016306
S132,I11,house,Ordered,2424.142685991481
S133,I11,house,Ordered,965.3412510816611
S134,I11,house,Ordered,1560.3205470653718
S135,I11,house,Ordered,-598.7794408206946
S136,I11,house,Ordered,561.8765921965603
S137,I11,house,Ordered,1200.6297201919292
S138,I11,house,Ordered,115.96259597012158
S139,I11,house,Ordered,1089.6248480731567
S140,I11,house,Ordered,1809.253371148083
S141,I11,house,Ordered,1686.8828058442882
S142,I11,house,Ordered,3063.534056586492
S143,I11,house,Ordered,2443.9711655190986
S144,I11,house,Ordered,1684.5608611074604
S145,I11,house,Ordered,1282.77596283021
S146,I11,house,Ordered,991.7694777455577
S147,I11,house,Ordered,3249.226957086239
S001,I12,square,Ordered,1943.4681901065342
S002,I12,square,Ordered,1020.0440752244666
S003,I12,square,Ordered,2917.7177845181723
S004,I12,square,Ordered,577.3963989170131
S005,I12,square,Ordered,1174.9432631441746
S006,I12,square,Ordered,-1223.3849467742389
S007,I12,square,Ordered,3232.313982039889
S008,I12,square,Ordered,451.8358574544259
S009,I12,square,Ordered,545.1896047672192
S010,I12,square,Ordered,2927.8963421076696
S011,I12,square,Ordered,2797.1531292045547
S012,I12,square,Ordered,660.050392105898
S013,I12,square,Ordered,1463.8040733954588
S014,I12,square,Ordered,1341.1117805326367
S015,I12,square,Ordered,2334.216453665938
S016,I12,square,Ordered,3024.364500188206
S017,I12,square,Ordered,2549.84110242808
S018,I12,square,Ordered,874.9468491719786
S019,I12,square,Ordered,2084.5083720056073
S020,I12,square,Ordered,2073.668676768673
S021,I12,square,Ordered,636.7804045195269
S022,I12,square,Ordered,2657.9043000217616
S023,I12,square,Ordered,1721.6150848381055
S024,I12,square,Ordered,1808.9527046716669
S025,I12,square,Ordered,1344.4735562400256
S026,I12,square,Ordered,2707.770923372205
S027,I12,square,Ordered,2076.3029635216058
S028,I12,square,Ordered,2575.2792124904427
S029,I12,square,Ordered,-96.36004275589698
S030,I12,square,Ordered,886.1878739609971
S031,I12,square,Ordered,2361.9678901273933
S032,I12,square,Ordered,547.6947954388136
S033,I12,square,Ordered,704.7962932351143
S034,I12,square,Ordered,1245.3921333089477
S035,I12,square,Ordered,2826.7399638647753
S036,I12,square,Ordered,1654.470710475081
S037,I12,square,Ordered,2208.705033428902
S038,I12,square,Ordered,3594.429751983853
S039,I12,square,Ordered,509.87790732486656
S040,I12,square,Ordered,1743.3544848044176
S041,I12,square,Ordered,1543.8669658714905
S042,I12,square,Ordered,2456.4494982672927
S043,I12,square,Ordered,2126.8132562848104
S044,I12,square,Ordered,1419.3731691045639
S045,I12,square,Ordered,3314.100174467915
S046,I12,square,Ordered,1854.2447357463896
S047,I12,square,Ordered,3256.1541556227203
S048,I12,square,Ordered,1935.5323929449153
S049,I12,square,Ordered,2152.230573566302
S050,I12,square,Ordered,1650.2410097083284
S051,I12,square,Ordered,3922.414293142314
S052,I12,square,Ordered,773.1839914642164
S053,I12,square,Ordered,1561.8407044594978
S054,I12,square,Ordered,1570.7647611394668
S055,I12,square,Ordered,2002.8491557223397
S056,I12,square,Ordered,1475.4706199854215
S057,I12,square,Ordered,1221.019125752329
S058,I12,square,Ordered,2209.475314520574
S059,I12,square,Ordered,1819.4468099751116
S060,I12,square,Ordered,2519.127720131267
S061,I12,square,Ordered,1269.8097224210662
S062,I12,square,Ordered,934.0727226433174
S063,I12,square,Ordered,2936.664164829559
S064,I12,square,Ordered,2584.364990212398
S065,I12,square,Ordered,2297.027304533568
S066,I12,square,Ordered,2661.247442237835
S067,I12,square,Ordered,1762.6464550609403
S068,I12,square,Ordered,3674.6254296576753
S069,I12,square,Ordered,1893.142346178632
S070,I12,square,Ordered,3145.0709206275055
S071,I12,square,Ordered,1386.3242549276445
S072,I12,square,Ordered,2581.6338747804693
S073,I12,square,Ordered,1523.876911005461
S074,I12,square,Ordered,2579.5667214689147
S075,I12,square,Ordered,602.8189241713476
S076,I12,square,Ordered,1458.142199842157
S077,I12,square,Ordered,2215.5941136044476
S078,I12,square,Ordered,409.5613075507965
S079,I12,square,Ordered,2199.3263606331907
S080,I12,square,Ordered,1341.006292696318
S081,I12,square,Ordered,2153.667104898939
S082,I12,square,Ordered,2701.644233628536
S083,I12,square,Ordered,2367.668288049658
S084,I12,square,Ordered,1962.7232972689337
S085,I12,square,Ordered,2215.658048251949
S086,I12,square,Ordered,1032.5522215000167
S087,I12,square,Ordered,414.2683124799048
S088,I12,square,Ordered,871.529035720519
S089,I12,square,Ordered,2098.475305067101
S090,I12,square,Ordered,2946.5820755906543
S091,I12,square,Ordered,1282.375832232419
S092,I12,square,Ordered,1266.8292611368329
S093,I12,square,Ordered,2014.8421070644845
S094,I12,square,Ordered,2510.8773039785124
S095,I12,square,Ordered,1103.6218935939157
S096,I12,square,Ordered,1451.52958731738
S097,I12,square,Ordered,2666.6094219527604
S098,I12,square,Ordered,1322.0728502281595
S099,I12,square,Ordered,2655.123110886152
S100,I12,square,Ordered,1659.8745301581855
S101,I12,square,Ordered,729.9881612092854
S102,I12,square,Ordered,2526.4299970322236
S103,I12,square,Ordered,990.0173532247605
S104,I12,square,Ordered,118.84891742867944
S105,I12,square,Ordered,1427.5732579356127
S106,I12,square,Ordered,1558.9187194200877
S107,I12,square,Ordered,2284.2668514818806
S108,I12,square,Ordered,1366.619099340051
S109,I12,square,Ordered,3540.5696999267184
S110,I12,square,Ordered,2611.437011419995
S111,I12,square,Ordered,3022.0380833158915
S112,I12,square,Ordered,3535.6280426402423
S113,I12,square,Ordered,2129.9001212982025
S114,I12,square,Ordered,-234.44556876224442
S115,I12,square,Ordered,1613.792594264344
S116,I12,square,Ordered,2113.695005380321
S117,I12,square,Ordered,548.269611026511
S118,I12,square,Ordered,1942.6478299352004
S119,I12,square,Ordered,2645.5448748311214
S120,I12,square,Ordered,2101.7072096536995
S121,I12,square,Ordered,1428.0452277333357
S122,I12,square,Ordered,1105.880568514458
S123,I12,square,Ordered,3339.6456539692545
S124,I12,square,Ordered,1393.622492983282
S125,I12,square,Ordered,699.830442563835
S126,I12,square,Ordered,2059.828140383235
S127,I12,square,Ordered,3251.485936390212
S128,I12,square,Ordered,1494.4197922378528
S129,I12,square,Ordered,1982.277152990959
S130,I12,square,Ordered,2306.601997450201
S131,I12,square,Ordered,2716.1756262532917
S132,I12,square,Ordered,3117.803778437734
S133,I12,square,Ordered,976.5351799730123
S134,I12,square,Ordered,2696.3994016284905
S135,I12,square,Ordered,944.4526617937851
S136,I12,square,Ordered,1857.364183694802
S137,I12,square,Ordered,656.4558533357276
S138,I12,square,Ordered,728.7274267384173
S139,I12,square,Ordered,2575.326297163194
S140,I12,square,Ordered,1603.100660762631
S141,I12,square,Ordered,2485.8801436159015
S142,I12,square,Ordered,4352.634164662577
S143,I12,square,Ordered,2809.336659674316
S144,I12,square,Ordered,2885.5099849259173
S145,I12,square,Ordered,741.6743521555782
S146,I12,square,Ordered,1897.178672820086
S147,I12,square,Ordered,2096.9153727569615
S001,I01,natural,Random,105.8937239732918
S002,I01,natural,Random,1385.0924542723178
S003,I01,natural,Random,520.8712598221366
S004,I01,natural,Random,929.4470695445175
S005,I01,natural,Random,220.3768654491721
S006,I01,natural,Random,-277.16011551541646
S007,I01,natural,Random,2208.0394374991984
S008,I01,natural,Random,627.9290038036843
S009,I01,natural,Random,1258.4203680207054
S010,I01,natural,Random,622.4401903442733
S011,I01,natural,Random,1420.0782354886035
S012,I01,natural,Random,750.8314036431865
S013,I01,natural,Random,-96.6903587329416
S014,I01,natural,Random,557.3721961331688
S015,I01,natural,Random,-122.80456606658845
S016,I01,natural,Random,774.4064422650126
S017,I01,natural,Random,647.1316123541776
S018,I01,natural,Random,418.85841259193626
S019,I01,natural,Random,-23.247646378306627
S020,I01,natural,Random,768.0838692395583
S021,I01,natural,Random,-575.383167248975
S022,I01,natural,Random,1213.017877908409
S023,I01,natural,Random,-289.27234855587267
S024,I01,natural,Random,1277.0307395635477
S025,I01,natural,Random,1996.6194455120244
S026,I01,natural,Random,462.4082530295218
S027,I01,natural,Random,1626.2575093165735
S028,I01,natural,Random,2133.3190209689533
S029,I01,natural,Random,418.4019311562754
S030,I01,natural,Random,1844.4747028875126
S031,I01,natural,Random,503.40700374698713
S032,I01,natural,Random,-607.2501805191027
S033,I01,natural,Random,-1109.9580237004839
S034,I01,natural,Random,1450.1475463463642
S035,I01,natural,Random,2502.290321248268
S036,I01,natural,Random,790.2099999382873
S037,I01,natural,Random,261.4554164903659
S038,I01,natural,Random,987.6645088232783
S039,I01,natural,Random,993.3849963631296
S040,I01,natural,Random,1481.083744736665
S041,I01,natural,Random,-516.3377064235544
S042,I01,natural,Random,2037.667328179943
S043,I01,natural,Random,569.1828492371319
S044,I01,natural,Random,366.01312750504826
S045,I01,natural,Random,2083.3664655893026
S046,I01,natural,Random,2385.594752545608
S047,I01,natural,Random,1884.501281816361
S048,I01,natural,Random,956.0700197591327
S049,I01,natural,Random,-2422.8729243072157
S050,I01,natural,Random,1684.8504506176373
S051,I01,natural,Random,1675.062583935674
S052,I01,natural,Random,731.2806306456455
S053,I01,natural,Random,640.3216307592625
S054,I01,natural,Random,585.9931425458459
S055,I01,natural,Random,2287.9424782349693
S056,I01,natural,Random,1514.2610148661008
S057,I01,natural,Random,1405.0727763946725
S058,I01,natural,Random,462.3736540741014
S059,I01,natural,Random,1201.8128740185257
S060,I01,natural,Random,2691.4663773926004
S061,I01,natural,Random,91.90969599305663
S062,I01,natural,Random,517.7317500263711
S063,I01,natural,Random,1959.243506793251
S064,I01,natural,Random,2768.123563535687
S065,I01,natural,Random,3286.3882335543676
S066,I01,natural,Random,1765.336759367944
S067,I01,natural,Random,122.71042128649674
S068,I01,natural,Random,1989.6002253768115
S069,I01,natural,Random,223.5734804173976
S070,I01,natural,Random,1232.2505885088844
S071,I01,natural,Random,750.9684135573193
S072,I01,natural,Random,1613.5342386533234
S073,I01,natural,Random,1217.1352038575083
S074,I01,natural,Random,753.610382300502
S075,I01,natural,Random,1917.6016614319005
S076,I01,natural,Random,530.7848573564112
S077,I01,natural,Random,439.7822743641775
S078,I01,natural,Random,564.2308230416315
S079,I01,natural,Random,-235.97461870304687
S080,I01,natural,Random,3067.8258106081594
S081,I01,natural,Random,1350.2287643129525
S082,I01,natural,Random,1796.0581458836996
S083,I01,natural,Random,-272.74567573210334
S084,I01,natural,Random,1363.6710767414825
S085,I01,natural,Random,1643.615035556509
S086,I01,natural,Random,334.9253750500709
S087,I01,natural,Random,2106.749797362548
S088,I01,natural,Random,-673.4103224435398
S089,I01,natural,Random,3189.1231648222647
S090,I01,natural,Random,1993.172578119826
S091,I01,natural,Random,566.6005836988378
S092,I01,natural,Random,-48.7878140578855
S093,I01,natural,Random,1018.1974065972508
S094,I01,natural,Random,1634.2184292028603
S095,I01,natural,Random,-69.28866580438785
S096,I01,natural,Random,567.3376807731344
S097,I01,natural,Random,2112.287916124685
S098,I01,natural,Random,-139.4534555475177
S099,I01,natural,Random,885.025901436652
S100,I01,natural,Random,1783.2318410821495
S101,I01,natural,Random,871.2798525442126
S102,I01,natural,Random,881.003673742872
S103,I01,natural,Random,495.1232981125454
S104,I01,natural,Random,1212.7093354544156
S105,I01,natural,Random,1579.0637081146865
S106,I01,natural,Random,204.0684110540774
S107,I01,natural,Random,20.45978348884023
S108,I01,natural,Random,1206.0159846430038
S109,I01,natural,Random,3688.0509943258585
S110,I01,natural,Random,2782.1650602796517
S111,I01,natural,Random,1406.3403904095633
S112,I01,natural,Random,2071.5537260035762
S113,I01,natural,Random,1096.2534839200512
S114,I01,natural,Random,879.1388419900072
S115,I01,natural,Random,1309.5896373227224
S116,I01,natural,Random,215.54384057080733
S117,I01,natural,Random,44.82623411560985
S118,I01,natural,Random,955.4639716416277
S119,I01,natural,Random,365.8207860493642
S120,I01,natural,Random,282.41756267979235
S121,I01,natural,Random,139.27592593596137
S122,I01,natural,Random,273.69257340345393
S123,I01,natural,Random,-121.09793124779526
S124,I01,natural,Random,-176.22424922612618
S125,I01,natural,Random,679.5675369884174
S126,I01,natural,Random,34.59507887289669
S127,I01,natural,Random,2378.150364159517
S128,I01,natural,Random,-677.6526653490719
S129,I01,natural,Random,179.7525439055039
S130,I01,natural,Random,2215.8789131185795
S131,I01,natural,Random,1381.7600944785809
S132,I01,natural,Random,4406.053114364909
S133,I01,natural,Random,-678.0865152405977
S134,I01,natural,Random,1977.3103862583835
S135,I01,natural,Random,283.7149557066298
S136,I01,natural,Random,1012.8571496426816
S137,I01,natural,Random,1175.7524933410275
S138,I01,natural,Random,909.6991515896866
S139,I01,natural,Random,823.7320295843037
S140,I01,natural,Random,1044.878671142811
S141,I01,natural,Random,1596.5382806033415
S142,I01,natural,Random,1646.651877191347
S143,I01,natural,Random,735.3051320606319
S144,I01,natural,Random,1630.7046097735715
S145,I01,natural,Random,675.1219295662527
S146,I01,natural,Random,1867.7669951254388
S147,I01,natural,Random,2353.8012670946546
S001,I02,house,Random,1929.1746970563954
S002,I02,house,Random,-77.15298258179837
S003,I02,house,Random,940.4489108529442
S004,I02,house,Random,82.38424924406445
S005,I02,house,Random,275.6628586153115
S006,I02,house,Random,-777.0721992822573
S007,I02,house,Random,1707.2469986848998
S008,I02,house,Random,-703.484907579144
S009,I02,house,Random,1577.7174405600672
S010,I02,house,Random,356.4160033543167
S011,I02,house,Random,1338.1695151725733
S012,I02,house,Random,632.9442551619705
S013,I02,house,Random,182.53794062369707
S014,I02,house,Random,1168.5916709528465
S015,I02,house,Random,418.9176848040511
S016,I02,house,Random,1308.7322181646673
S017,I02,house,Random,1575.8482683430216
S018,I02,house,Random,684.6504733799492
S019,I02,house,Random,235.97226562081096
S020,I02,house,Random,795.7906683066191
S021,I02,house,Random,-711.3796018608068
S022,I02,house,Random,1442.0294262782406
S023,I02,house,Random,910.7245301076692
S024,I02,house,Random,607.003934224713
S025,I02,house,Random,1373.2085820583998
S026,I02,house,Random,1124.4372944421652
S027,I02,house,Random,931.6455460742359
S028,I02,house,Random,2241.0113176118507
S029,I02,house,Random,-463.7181396867418
S030,I02,house,Random,877.3583627758081
S031,I02,house,Random,2304.5546825895713
S032,I02,house,Random,682.3098963424987
S033,I02,house,Random,-501.25777721424856
S034,I02,house,Random,407.98165169601816
S035,I02,house,Random,723.712309077379
S036,I02,house,Random,617.7306615311459
S037,I02,house,Random,2531.9524726123905
S038,I02,house,Random,2430.0417385671517
S039,I02,house,Random,-806.6127810168759
S040,I02,house,Random,1424.1041959335005
S041,I02,house,Random,911.97682111208
S042,I02,house,Random,1566.3971337748783
S043,I02,house,Random,1787.8232498253967
S044,I02,house,Random,-86.02358745712286
S045,I02,house,Random,1638.4270661670953
S046,I02,house,Random,360.6209326468572
S047,I02,house,Random,2214.822853398812
S048,I02,house,Random,427.25367736009594
S049,I02,house,Random,-678.0452126552686
S050,I02,house,Random,2152.325426694555
S051,I02,house,Random,1326.9301168495767
S052,I02,house,Random,1402.4048993225852
S053,I02,house,Random,-281.97437920718767
S054,I02,house,Random,911.7114335474478
S055,I02,house,Random,1738.9180284254921
S056,I02,house,Random,1591.9256150941121
S057,I02,house,Random,-190.8190632209055
S058,I02,house,Random,520.9809628711703
S059,I02,house,Random,1268.9452220755484
S060,I02,house,Random,927.0008647847835
S061,I02,house,Random,-1102.3187872544095
S062,I02,house,Random,801.5476785255347
S063,I02,house,Random,1278.9761045714172
S064,I02,house,Random,1644.2759095024044
S065,I02,house,Random,242.27825366716343
S066,I02,house,Random,2270.59044653782
S067,I02,house,Random,393.9239490233274
S068,I02,house,Random,1623.7631579582278
S069,I02,house,Random,222.09907211030782
S070,I02,house,Random,1430.5011303838971
S071,I02,house,Random,335.68222563043514
S072,I02,house,Random,2200.5051586540712
S073,I02,house,Random,694.545794160087
S074,I02,house,Random,1032.100535203623
S075,I02,house,Random,1.3030557403321836
S076,I02,house,Random,342.5741246388325
S077,I02,house,Random,592.7220522624241
S078,I02,house,Random,1668.9063442196707
S079,I02,house,Random,1183.7435598365905
S080,I02,house,Random,1178.6104656388225
S081,I02,house,Random,1067.802976835066
S082,I02,house,Random,2256.2252813452506
S083,I02,house,Random,765.4521534397927
S084,I02,house,Random,643.069210674391
S085,I02,house,Random,1105.3188946792684
S086,I02,house,Random,-485.20590858710375
S087,I02,house,Random,-4.851722823443197
S088,I02,house,Random,173.45638013057874
S089,I02,house,Random,1249.623941817977
S090,I02,house,Random,2052.689683689806
S091,I02,house,Random,1186.40586035394
S092,I02,house,Random,-375.8797505419425
S093,I02,house,Random,710.5725702810298
S094,I02,house,Random,2532.311268229652
S095,I02,house,Random,245.78005555871937
S096,I02,house,Random,359.4586914466779
S097,I02,house,Random,1639.091967700714
S098,I02,house,Random,549.6492998134804
S099,I02,house,Random,1433.7944303231607
S100,I02,house,Random,1928.3921509673796
S101,I02,house,Random,265.4282510449216
S102,I02,house,Random,1700.8573336038774
S103,I02,house,Random,811.4532107076976
S104,I02,house,Random,-564.1964698196543
S105,I02,house,Random,455.1237583591019
S106,I02,house,Random,2443.719389911861
S107,I02,house,Random,793.9165682439179
S108,I02,house,Random,2207.5633816007903
S109,I02,house,Random,1949.586306709498
S110,I02,house,Random,1560.7126348242539
S111,I02,house,Random,1938.2614032429024
S112,I02,house,Random,994.5153762993721
S113,I02,house,Random,287.608488649493
S114,I02,house,Random,-220.22899110959247
S115,I02,house,Random,724.8401012287919
S116,I02,house,Random,-764.4979076579116
S117,I02,house,Random,-642.5535988520323
S118,I02,house,Random,732.2217320451724
S119,I02,house,Random,1152.2791960886361
S120,I02,house,Random,819.4258770385973
S121,I02,house,Random,278.67581858034123
S122,I02,house,Random,-701.7570553906808
S123,I02,house,Random,1435.0502282305793
S124,I02,house,Random,224.6140412179525
S125,I02,house,Random,-563.3095796363737
S126,I02,house,Random,-309.23581886449824
S127,I02,house,Random,1316.0161524209293
S128,I02,house,Random,305.03512744582554
S129,I02,house,Random,605.2507050473264
S130,I02,house,Random,2447.0011062063977
S131,I02,house,Random,1034.5696845839577
S132,I02,house,Random,2739.6635406790833
S133,I02,house,Random,178.49388074308717
S134,I02,house,Random,1323.0925079637937
S135,I02,house,Random,185.66673401131538
S136,I02,house,Random,514.4668315837298
S137,I02,house,Random,638.9832002949269
S138,I02,house,Random,-821.678309704309
S139,I02,house,Random,1367.2772608069654
S140,I02,house,Random,1166.9581561802797
S141,I02,house,Random,1104.7681712950002
S142,I02,house,Random,1733.7599972894745
S143,I02,house,Random,1695.289053652348
S144,I02,house,Random,1293.0655737511572
S145,I02,house,Random,1315.7988443210697
S146,I02,house,Random,1334.4545212679159
S147,I02,house,Random,2775.375603318114
S001,I03,square,Random,3263.111446409056
S002,I03,square,Random,2467.5976053877166
S003,I03,square,Random,3068.759981296612
S004,I03,square,Random,2353.3342007551373
S005,I03,square,Random,2505.350394967355
S006,I03,square,Random,369.39265288027286
S007,I03,square,Random,4255.79170498362
S008,I03,square,Random,877.7746959163419
S009,I03,square,Random,2086.1202519715325
S010,I03,square,Random,2599.2707075341054
S011,I03,square,Random,3981.8303016960235
S012,I03,square,Random,1910.2428044824696
S013,I03,square,Random,2481.1349816878737
S014,I03,square,Random,2153.576218880409
S015,I03,square,Random,2368.5513820649107
S016,I03,square,Random,3318.8586695173626
S017,I03,square,Random,3270.878546602236
S018,I03,square,Random,1989.5614632130146
S019,I03,square,Random,3262.2119755361573
S020,I03,square,Random,2467.8139007113778
S021,I03,square,Random,763.8156632375992
S022,I03,square,Random,3696.044357165634
S023,I03,square,Random,1508.0834384385205
S024,I03,square,Random,1084.619335369576
S025,I03,square,Random,3074.560364009588
S026,I03,square,Random,2988.587939636782
S027,I03,square,Random,2131.9777270868185
S028,I03,square,Random,3140.861148682949
S029,I03,square,Random,1763.4362824837006
S030,I03,square,Random,337.8290835866708
S031,I03,square,Random,4562.721866875769
S032,I03,square,Random,1831.0065496226118
S033,I03,square,Random,2111.2298600276645
S034,I03,square,Random,1335.638402708307
S035,I03,square,Random,2560.6790717539907
S036,I03,square,Random,2282.8077821397505
S037,I03,square,Random,2531.4901261610603
S038,I03,square,Random,3115.4925017484957
S039,I03,square,Random,1385.698650082417
S040,I03,square,Random,3085.193409633909
S041,I03,square,Random,1255.2124132442586
S042,I03,square,Random,2893.128462361313
S043,I03,square,Random,3255.2120226931174
S044,I03,square,Random,2757.3068804509753
S045,I03,square,Random,3755.5504384755923
S046,I03,square,Random,2345.1997627152177
S047,I03,square,Random,4798.273847096958
S048,I03,square,Random,2997.0867692110187
S049,I03,square,Random,1748.6000647602314
S050,I03,square,Random,2994.471866844352
S051,I03,square,Random,3806.877747301245
S052,I03,square,Random,2298.99315406877
S053,I03,square,Random,2600.54890414762
S054,I03,square,Random,1661.3506069544042
S055,I03,square,Random,3541.9169925726924
S056,I03,square,Random,1411.2953763996763
S057,I03,square,Random,1954.6161946101179
S058,I03,square,Random,3300.3437001468546
S059,I03,square,Random,3441.842804679024
S060,I03,square,Random,2334.017067885762
S061,I03,square,Random,1380.2943328877127
S062,I03,square,Random,968.1007361700986
S063,I03,square,Random,3432.025836492383
S064,I03,square,Random,3588.7274998546136
S065,I03,square,Random,2349.961554010323
S066,I03,square,Random,2910.5540433120386
S067,I03,square,Random,2436.352810572794
S068,I03,square,Random,3960.082937758126
S069,I03,square,Random,2199.066533035612
S070,I03,square,Random,3550.8013725073015
S071,I03,square,Random,912.2821741964315
S072,I03,square,Random,2733.7377283218366
S073,I03,square,Random,1770.3493622948288
S074,I03,square,Random,3388.772288483112
S075,I03,square,Random,2041.7586919897922
S076,I03,square,Random,2675.936272553753
S077,I03,square,Random,2225.9459253544337
S078,I03,square,Random,1498.6674426020213
S079,I03,square,Random,1725.1697877756005
S080,I03,square,Random,3207.9938426977888
S081,I03,square,Random,1833.9349454924313
S082,I03,square,Random,4462.70351500582
S083,I03,square,Random,2630.1307444900053
S084,I03,square,Random,1665.9646977026225
S085,I03,square,Random,2140.5039906644342
S086,I03,square,Random,1337.9537792250364
S087,I03,square,Random,1674.4581078936899
S088,I03,square,Random,1178.8626767011383
S089,I03,square,Random,2171.9673966131704
S090,I03,square,Random,3590.017367521788
S091,I03,square,Random,2435.3379924459573
S092,I03,square,Random,2059.524226515081
S093,I03,square,Random,3001.920482488416
S094,I03,square,Random,2691.989418331316
S095,I03,square,Random,3145.7488206007465
S096,I03,square,Random,1331.687537260353
S097,I03,square,Random,4065.4846481271607
S098,I03,square,Random,1655.192099398921
S099,I03,square,Random,1526.766154275321
S100,I03,square,Random,2543.5862468005917
S101,I03,square,Random,2510.166672833872
S102,I03,square,Random,3010.3386036004545
S103,I03,square,Random,1293.8152380975175
S104,I03,square,Random,1761.4922294102068
S105,I03,square,Random,1931.1703388657436
S106,I03,square,Random,4927.004711161637
S107,I03,square,Random,3322.7787929472793
S108,I03,square,Random,2693.8908227873267
S109,I03,square,Random,3074.624328976167
S110,I03,square,Random,3786.1731330092
S111,I03,square,Random,2951.41807731551
S112,I03,square,Random,2776.769489045484
S113,I03,square,Random,1750.069234745214
S114,I03,square,Random,1270.4913030023677
S115,I03,square,Random,2664.97708327825
S116,I03,square,Random,2242.5082085568934
S117,I03,square,Random,1002.466872459117
S118,I03,square,Random,2374.28970062382
S119,I03,square,Random,3524.823470976952
S120,I03,square,Random,2274.502659556842
S121,I03,square,Random,1904.4526363745435
S122,I03,square,Random,2254.115477731439
S123,I03,square,Random,2582.9197991117453
S124,I03,square,Random,1389.6820557315018
S125,I03,square,Random,11.099140551197706
S126,I03,square,Random,2378.0477538863815
S127,I03,square,Random,1636.0859179585293
S128,I03,square,Random,3239.4959617846016
S129,I03,square,Random,2036.4310707350724
S130,I03,square,Random,3526.1802488542007
S131,I03,square,Random,3171.3103741057103
S132,I03,square,Random,4618.395716635758
S133,I03,square,Random,1834.0962601540632
S134,I03,square,Random,3233.677634914695
S135,I03,square,Random,2692.822836135473
S136,I03,square,Random,2880.777345045801
S137,I03,square,Random,1862.6622610199324
S138,I03,square,Random,1961.287207206377
S139,I03,square,Random,2514.533401600116
S140,I03,square,Random,2937.617573691794
S141,I03,square,Random,3461.748158891093
S142,I03,square,Random,3819.036526204657
S143,I03,square,Random,3424.207516377813
S144,I03,square,Random,2356.2762915666067
S145,I03,square,Random,2271.586208901754
S146,I03,square,Random,3156.683946491506
S147,I03,square,Random,4359.537552310575
S001,I04,natural,Random,1183.8129019337275
S002,I04,natural,Random,2518.445735090075
S003,I04,natural,Random,2776.5203039720545
S004,I04,natural,Random,922.6565076823449
S005,I04,natural,Random,1658.6284001020415
S006,I04,natural,Random,395.4889947677582
S007,I04,natural,Random,944.1964120056282
S008,I04,natural,Random,1772.5004704152461
S009,I04,natural,Random,2380.9484558517547
S010,I04,natural,Random,1920.7183325840278
S011,I04,natural,Random,2875.578804337213
S012,I04,natural,Random,1595.2482564135423
S013,I04,natural,Random,967.4218704023594
S014,I04,natural,Random,1897.2737279438807
S015,I04,natural,Random,1945.327011218354
S016,I04,natural,Random,2669.0828678289004
S017,I04,natural,Random,2255.532775715619
S018,I04,natural,Random,912.6509340663415
S019,I04,natural,Random,1261.6042464976001
S020,I04,natural,Random,2015.4722340980943
S021,I04,natural,Random,258.6979124157954
S022,I04,natural,Random,1907.608979099658
S023,I04,natural,Random,-146.45843182799945
S024,I04,natural,Random,1272.3211151547157
S025,I04,natural,Random,3054.985405274627
S026,I04,natural,Random,1477.4665549858462
S027,I04,natural,Random,893.7665865894526
S028,I04,natural,Random,2115.2006987587947
S029,I04,natural,Random,1083.0491498278222
S030,I04,natural,Random,1866.2640227547668
S031,I04,natural,Random,2915.3536034531767
S032,I04,natural,Random,504.18079325862107
S033,I04,natural,Random,-24.170409792675173
S034,I04,natural,Random,2403.156078292821
S035,I04,natural,Random,3032.4829008431234
S036,I04,natural,Random,1407.222924701086
S037,I04,natural,Random,2214.4461669859297
S038,I04,natural,Random,2887.3466096522006
S039,I04,natural,Random,1028.223617327467
S040,I04,natural,Random,2960.2579002174593
S041,I04,natural,Random,859.7408076625989
S042,I04,natural,Random,3357.791848435102
S043,I04,natural,Random,3262.96196908441
S044,I04,natural,Random,1360.7729083372224
S045,I04,natural,Random,3245.1528897165063
S046,I04,natural,Random,2696.747124544947
S047,I04,natural,Random,3847.407931957419
S048,I04,natural,Random,1892.6048001995682
S049,I04,natural,Random,-720.793152297505
S050,I04,natural,Random,3779.8205699298233
S051,I04,natural,Random,3082.800722096818
S052,I04,natural,Random,1985.0210298361399
S053,I04,natural,Random,1004.0074282670755
S054,I04,natural,Random,826.338043423011
S055,I04,natural,Random,3453.2371236569134
S056,I04,natural,Random,1761.8382440964465
S057,I04,natural,Random,2554.1132816748536
S058,I04,natural,Random,1051.7128119111082
S059,I04,natural,Random,3308.531154697366
S060,I04,natural,Random,2799.6911901884223
S061,I04,natural,Random,1235.122611271441
S062,I04,natural,Random,1337.0628463016012
S063,I04,natural,Random,2799.6778548436314
S064,I04,natural,Random,3516.0284021148514
S065,I04,natural,Random,3760.4553933667903
S066,I04,natural,Random,2739.8471343946057
S067,I04,natural,Random,1668.999454897767
S068,I04,natural,Random,3596.5446065171022
S069,I04,natural,Random,272.5391558518022
S070,I04,natural,Random,2108.2901358385593
S071,I04,natural,Random,1126.689242786107
S072,I04,natural,Random,2586.066750613657
S073,I04,natural,Random,2822.7655044106027
S074,I04,natural,Random,2825.245162026096
S075,I04,natural,Random,1990.3543608777695
S076,I04,natural,Random,2352.1635753763208
S077,I04,natural,Random,1432.889201776214
S078,I04,natural,Random,1687.890321051109
S079,I04,natural,Random,230.33791530008284
S080,I04,natural,Random,4003.1186455698644
S081,I04,natural,Random,2644.0482891826014
S082,I04,natural,Random,4257.537444165661
S083,I04,natural,Random,560.0411793674396
S084,I04,natural,Random,2749.3065661933188
S085,I04,natural,Random,2089.8167781031284
S086,I04,natural,Random,929.8004103715757
S087,I04,natural,Random,1783.8170243042675
S088,I04,natural,Random,648.4525033311033
S089,I04,natural,Random,3039.909878165401
S090,I04,natural,Random,3016.1906865157794
S091,I04,natural,Random,1241.5382329558686
S092,I04,natural,Random,973.3512181445192
S093,I04,natural,Random,3053.3697926561044
S094,I04,natural,Random,1796.3475528074234
S095,I04,natural,Random,1468.8121725748238
S096,I04,natural,Random,1313.0798511755156
S097,I04,natural,Random,3055.477802686797
S098,I04,natural,Random,193.9261057600197
S099,I04,natural,Random,2825.9994701409646
S100,I04,natural,Random,2203.717349691318
S101,I04,natural,Random,1650.2103970301466
S102,I04,natural,Random,1937.1482670203231
S103,I04,natural,Random,2616.5019169474435
S104,I04,natural,Random,1111.4139243405345
S105,I04,natural,Random,2438.489831195628
S106,I04,natural,Random,1438.6163469604307
S107,I04,natural,Random,1330.0735832538135
S108,I04,natural,Random,2528.424142193843
S109,I04,natural,Random,3835.5581408101007
S110,I04,natural,Random,3176.0236349869233
S111,I04,natural,Random,3212.3873302131597
S112,I04,natural,Random,3444.2931857283497
S113,I04,natural,Random,2408.1747973615165
S114,I04,natural,Random,657.8648994389639
S115,I04,natural,Random,1777.5065365517369
S116,I04,natural,Random,891.7368091164635
S117,I04,natural,Random,399.0177514398772
S118,I04,natural,Random,1968.9392709150889
S119,I04,natural,Random,817.6941918336775
S120,I04,natural,Random,2247.242317385323
S121,I04,natural,Random,900.1718948069279
S122,I04,natural,Random,1448.9275073455137
S123,I04,natural,Random,1640.13299425027
S124,I04,natural,Random,769.5899469140985
S125,I04,natural,Random,773.9064551467317
S126,I04,natural,Random,1375.4024830308717
S127,I04,natural,Random,2393.7588557891704
S128,I04,natural,Random,1403.1150917473917
S129,I04,natural,Random,1708.5533108552718
S130,I04,natural,Random,3443.525797763149
S131,I04,natural,Random,2410.4717166536384
S132,I04,natural,Random,4629.852633215265
S133,I04,natural,Random,1982.4282659262071
S134,I04,natural,Random,1595.4127616361202
S135,I04,natural,Random,2156.7556937453464
S136,I04,natural,Random,2108.8509425515313
S137,I04,natural,Random,2776.452194239362
S138,I04,natural,Random,1362.6930237565252
S139,I04,natural,Random,1641.1693129348728
S140,I04,natural,Random,3024.2905017628054
S141,I04,natural,Random,1883.230899018498
S142,I04,natural,Random,2167.4127535262623
S143,I04,natural,Random,1466.5417741816516
S144,I04,natural,Random,2879.586482807082
S145,I04,natural,Random,1659.5387470321898
S146,I04,natural,Random,1678.2211058214252
S147,I04,natural,Random,3578.6507416876157
S001,I05,house,Random,2765.3318383060687
S002,I05,house,Random,1304.1819321890748
S003,I05,house,Random,2366.748495846361
S004,I05,house,Random,966.3286055982694
S005,I05,house,Random,956.4953153838787
S006,I05,house,Random,299.16955750967463
S007,I05,house,Random,3777.268394291663
S008,I05,house,Random,1385.1155046079436
S009,I05,house,Random,1191.7648518424135
S010,I05,house,Random,2272.302617486958
S011,I05,house,Random,2432.031932934936
S012,I05,house,Random,2149.12218763866
S013,I05,house,Random,1722.3323196164747
S014,I05,house,Random,1460.1802575405536
S015,I05,house,Random,2073.575278407031
S016,I05,house,Random,1748.6149976534412
S017,I05,house,Random,3113.338261161414
S018,I05,house,Random,2424.124083362596
S019,I05,house,Random,2572.8074071913607
S020,I05,house,Random,982.6506686720354
S021,I05,house,Random,771.1045055148423
S022,I05,house,Random,2265.6031760421456
S023,I05,house,Random,1708.5483506201526
S024,I05,house,Random,1074.510283872395
S025,I05,house,Random,2682.963004338256
S026,I05,house,Random,2805.4941801969294
S027,I05,house,Random,2129.631824083398
S028,I05,house,Random,2979.133359046936
S029,I05,house,Random,264.28819509881123
S030,I05,house,Random,1996.006790112142
S031,I05,house,Random,3044.558415558321
S032,I05,house,Random,1001.8098255619445
S033,I05,house,Random,99.26497240780714
S034,I05,house,Random,2188.3684135428493
S035,I05,house,Random,1643.994712688025
S036,I05,house,Random,1908.9214159468759
S037,I05,house,Random,2385.87650690165
S038,I05,house,Random,2460.6465614979506
S039,I05,house,Random,327.95236535292884
S040,I05,house,Random,2948.721873636584
S041,I05,house,Random,1427.1627739863145
S042,I05,house,Random,2807.8038751119593
S043,I05,house,Random,2319.476733053474
S044,I05,house,Random,1253.962343172243
S045,I05,house,Random,3233.0922063648622
S046,I05,house,Random,1800.9981046350274
S047,I05,house,Random,3807.080673396645
S048,I05,house,Random,2921.161833196329
S049,I05,house,Random,161.06611553724792
S050,I05,house,Random,2312.212683346475
S051,I05,house,Random,2375.4168428014764
S052,I05,house,Random,1669.9913286944004
S053,I05,house,Random,1581.890347763424
S054,I05,house,Random,1719.6063412481717
S055,I05,house,Random,2447.0860015912817
S056,I05,house,Random,1445.8333759309166
S057,I05,house,Random,1411.4299170332515
S058,I05,house,Random,2485.5440692383995
S059,I05,house,Random,2051.5733090098656
S060,I05,house,Random,2240.821726585428
S061,I05,house,Random,2293.241311925079
S062,I05,house,Random,1566.130548024222
S063,I05,house,Random,1914.7117202293143
S064,I05,house,Random,2373.8349205430977
S065,I05,house,Random,645.6233080488622
S066,I05,house,Random,1826.8422770273664
S067,I05,house,Random,2375.027563345604
S068,I05,house,Random,2200.5954211729477
S069,I05,house,Random,1194.7446499330968
S070,I05,house,Random,1818.4160659773663
S071,I05,house,Random,402.81689030816574
S072,I05,house,Random,2116.404140496115
S073,I05,house,Random,2064.396946008676
S074,I05,house,Random,2230.0175171073815
S075,I05,house,Random,1173.7477385646062
S076,I05,house,Random,2060.4436214656116
S077,I05,house,Random,1677.7879101100975
S078,I05,house,Random,2101.936958450431
S079,I05,house,Random,1766.1098876451738
S080,I05,house,Random,2771.066206873751
S081,I05,house,Random,3015.107687325657
S082,I05,house,Random,2412.946039567205
S083,I05,house,Random,2356.4102321814134
S084,I05,house,Random,1537.1499513822496
S085,I05,house,Random,733.9293961822491
S086,I05,house,Random,1439.5778925473016
S087,I05,house,Random,402.83551423986796
S088,I05,house,Random,1378.544074474726
S089,I05,house,Random,2109.2303769347136
S090,I05,house,Random,2724.0429422578354
S091,I05,house,Random,1751.4289134771068
S092,I05,house,Random,1566.1941990107696
S093,I05,house,Random,1627.5122580520238
S094,I05,house,Random,3067.932575304003
S095,I05,house,Random,2444.200458757402
S096,I05,house,Random,975.5575369125381
S097,I05,house,Random,3047.0798825036018
S098,I05,house,Random,138.68656531031593
S099,I05,house,Random,1565.5405291032205
S100,I05,house,Random,3183.5378380012
S101,I05,house,Random,1419.70682898599
S102,I05,house,Random,3245.4651493122224
S103,I05,house,Random,2278.0721100104165
S104,I05,house,Random,1387.7141183912393
S105,I05,house,Random,1534.7856596152274
S106,I05,house,Random,1782.2456178723064
S107,I05,house,Random,3174.0682766773803
S108,I05,house,Random,1766.8870954465528
S109,I05,house,Random,2896.4748243209096
S110,I05,house,Random,3271.0865641207643
S111,I05,house,Random,2884.9692490957887
S112,I05,house,Random,2970.925115111797
S113,I05,house,Random,1355.4862028646692
S114,I05,house,Random,934.3519301977504
S115,I05,house,Random,1357.7202256743847
S116,I05,house,Random,1511.101110043911
S117,I05,house,Random,770.445770730635
S118,I05,house,Random,1404.246284474747
S119,I05,house,Random,2259.882938627291
S120,I05,house,Random,2966.4837955945804
S121,I05,house,Random,1568.4776098419304
S122,I05,house,Random,329.8026462474679
S123,I05,house,Random,1867.8371421276706
S124,I05,house,Random,1177.6295359970393
S125,I05,house,Random,901.7612914621643
S126,I05,house,Random,1268.0748857258836
S127,I05,house,Random,1960.5726086270317
S128,I05,house,Random,1835.8745056598846
S129,I05,house,Random,2291.7142922121025
S130,I05,house,Random,3927.703650447132
S131,I05,house,Random,957.8047264412976
S132,I05,house,Random,3803.891952534284
S133,I05,house,Random,2894.3378085902286
S134,I05,house,Random,1547.7953046437071
S135,I05,house,Random,1311.331240800922
S136,I05,house,Random,2352.315016150352
S137,I05,house,Random,909.0580340568853
S138,I05,house,Random,867.1902230197427
S139,I05,house,Random,2698.471531587632
S140,I05,house,Random,1543.243655388555
S141,I05,house,Random,2398.2149601560504
S142,I05,house,Random,3088.2044919563577
S143,I05,house,Random,3308.6235530677995
S144,I05,house,Random,1866.9539216803319
S145,I05,house,Random,1703.598579623317
S146,I05,house,Random,1216.3096449564061
S147,I05,house,Random,3853.374790159865
S001,I06,square,Random,2399.2969944348874
S002,I06,square,Random,1201.5738903760803
S003,I06,square,Random,1922.5740266266926
S004,I06,square,Random,872.3979701625861
S005,I06,square,Random,868.8039233724942
S006,I06,square,Random,-215.74475867443493
S007,I06,square,Random,2027.283553228549
S008,I06,square,Random,1055.3745139816122
S009,I06,square,Random,281.75938838703314
S010,I06,square,Random,2379.032718424627
S011,I06,square,Random,3272.8575216304307
S012,I06,square,Random,1260.2984072724612
S013,I06,square,Random,2648.975250246227
S014,I06,square,Random,796.7096802585673
S015,I06,square,Random,1021.8805335514458
S016,I06,square,Random,1158.4605000868223
S017,I06,square,Random,1319.4441957919512
S018,I06,square,Random,1266.7878546335403
S019,I06,square,Random,2629.9006664878507
S020,I06,square,Random,661.4100896700918
S021,I06,square,Random,383.2640229432518
S022,I06,square,Random,1769.8649603689112
S023,I06,square,Random,986.3158364472033
S024,I06,square,Random,771.4710258763439
S025,I06,square,Random,2583.9195988784954
S026,I06,square,Random,2413.8367002573714
S027,I06,square,Random,934.3838414991089
S028,I06,square,Random,2330.1246523304917
S029,I06,square,Random,-932.0333978495737
S030,I06,square,Random,520.3931474431297
S031,I06,square,Random,3405.3567817421836
S032,I06,square,Random,100.55732332824073
S033,I06,square,Random,-386.44602057353313
S034,I06,square,Random,1420.9506019028959
S035,I06,square,Random,2955.990555826117
S036,I06,square,Random,1682.6074322853074
S037,I06,square,Random,1091.2931837938697
S038,I06,square,Random,1620.2968945352306
S039,I06,square,Random,664.0316041469553
S040,I06,square,Random,1597.9464356842782
S041,I06,square,Random,821.5703274237243
S042,I06,square,Random,1628.8334587996842
S043,I06,square,Random,3300.8335545436084
S044,I06,square,Random,-52.73268692581473
S045,I06,square,Random,2832.4252921897596
S046,I06,square,Random,1863.7342449883488
S047,I06,square,Random,3999.0071773899344
S048,I06,square,Random,2063.045010790973
S049,I06,square,Random,-135.89931194770816
S050,I06,square,Random,2594.794141201982
S051,I06,square,Random,2684.5559569240313
S052,I06,square,Random,2265.262802798799
S053,I06,square,Random,1384.8532316018418
S054,I06,square,Random,556.1185234348079
S055,I06,square,Random,1904.280765087135
S056,I06,square,Random,669.6445887384402
S057,I06,square,Random,837.6494796517527
S058,I06,square,Random,2212.566994240437
S059,I06,square,Random,2310.2814719831194
S060,I06,square,Random,1914.5953328427888
S061,I06,square,Random,1060.770715598514
S062,I06,square,Random,743.2535013947381
S063,I06,square,Random,1687.0624227356527
S064,I06,square,Random,2589.6522104520523
S065,I06,square,Random,1351.5415573833748
S066,I06,square,Random,2214.9083573321595
S067,I06,square,Random,808.6944521391745
S068,I06,square,Random,3207.5294655209955
S069,I06,square,Random,1674.0928649256284
S070,I06,square,Random,2478.2662968729974
S071,I06,square,Random,131.29793045805218
S072,I06,square,Random,1750.9571781821496
S073,I06,square,Random,294.51340812083345
S074,I06,square,Random,1839.4009250633571
S075,I06,square,Random,490.49918555550835
S076,I06,square,Random,1693.057100569115
S077,I06,square,Random,1852.8409579267811
S078,I06,square,Random,925.7564604434864
S079,I06,square,Random,1333.0927846767854
S080,I06,square,Random,2106.0174232915147
S081,I06,square,Random,2069.040037522645
S082,I06,square,Random,3439.6261733216625
S083,I06,square,Random,1717.8979906069276
S084,I06,square,Random,1463.6126424842178
S085,I06,square,Random,2199.524471560352
S086,I06,square,Random,101.92647550717084
S087,I06,square,Random,-808.8868671924761
S088,I06,square,Random,248.3217314061967
S089,I06,square,Random,1462.8707435127153
S090,I06,square,Random,3265.0378461482546
S091,I06,square,Random,827.9353173614672
S092,I06,square,Random,68.174641564475
S093,I06,square,Random,3358.331891530216
S094,I06,square,Random,1392.3988545467068
S095,I06,square,Random,1225.9834249663381
S096,I06,square,Random,-147.44914608688532
S097,I06,square,Random,2784.2648693603414
S098,I06,square,Random,305.96039653720277
S099,I06,square,Random,1778.9523660219036
S100,I06,square,Random,1757.7023056652627
S101,I06,square,Random,733.6409186804717
S102,I06,square,Random,2296.781136889893
S103,I06,square,Random,522.977681791438
S104,I06,square,Random,600.8201235246636
S105,I06,square,Random,910.933931985763
S106,I06,square,Random,2732.9109087266447
S107,I06,square,Random,1929.8046948836645
S108,I06,square,Random,2475.048829904594
S109,I06,square,Random,2828.67533105056
S110,I06,square,Random,3059.959271762148
S111,I06,square,Random,2480.8712694154146
S112,I06,square,Random,1995.0631776198124
S113,I06,square,Random,1644.3571044871796
S114,I06,square,Random,390.5788822189884
S115,I06,square,Random,2030.8889107253526
S116,I06,square,Random,1661.0280203810262
S117,I06,square,Random,-152.90665729270108
S118,I06,square,Random,1027.6449200121392
S119,I06,square,Random,1919.6932581700605
S120,I06,square,Random,2213.8163426704596
S121,I06,square,Random,1718.66158015627
S122,I06,square,Random,1034.0458513278136
S123,I06,square,Random,2080.871036150183
S124,I06,square,Random,1229.718081787175
S125,I06,square,Random,-412.3675705632586
S126,I06,square,Random,1081.4751050751738
S127,I06,square,Random,1922.3161173727397
S128,I06,square,Random,1324.2350245015004
S129,I06,square,Random,1265.5336280860233
S130,I06,square,Random,2629.910199878007
S131,I06,square,Random,1925.267227262732
S132,I06,square,Random,3682.0068688569577
S133,I06,square,Random,68.59694103516517
S134,I06,square,Random,2260.5444203245306
S135,I06,square,Random,1492.7978872011408
S136,I06,square,Random,1870.124532511776
S137,I06,square,Random,-315.81304303938623
S138,I06,square,Random,684.5866384904677
S139,I06,square,Random,1888.7831002532803
S140,I06,square,Random,947.0730950410637
S141,I06,square,Random,2545.810118333995
S142,I06,square,Random,3912.882327990485
S143,I06,square,Random,2427.7147630847517
S144,I06,square,Random,2769.6308356945824
S145,I06,square,Random,1219.0202068880317
S146,I06,square,Random,1829.0077289276635
S147,I06,square,Random,3798.6950388462683
S001,I07,natural,Random,1704.8803614575543
S002,I07,natural,Random,1864.222994751181
S003,I07,natural,Random,1849.9928288433903
S004,I07,natural,Random,1076.653042740615
S005,I07,natural,Random,781.4218144255523
S006,I07,natural,Random,1417.137893145981
S007,I07,natural,Random,2026.0497415500363
S008,I07,natural,Random,855.4117820724146
S009,I07,natural,Random,1614.0337596319198
S010,I07,natural,Random,1928.0436070376936
S011,I07,natural,Random,2637.268969614658
S012,I07,natural,Random,1985.6192968490727
S013,I07,natural,Random,1161.2069113096986
S014,I07,natural,Random,2223.9183574127464
S015,I07,natural,Random,854.0596737658534
S016,I07,natural,Random,2014.3449070849347
S017,I07,natural,Random,2173.9522502656882
S018,I07,natural,Random,1802.290782133927
S019,I07,natural,Random,659.7973757945913
S020,I07,natural,Random,1160.517646731962
S021,I07,natural,Random,1430.533306751514
S022,I07,natural,Random,1863.9263901199733
S023,I07,natural,Random,-346.49154953240077
S024,I07,natural,Random,826.3907894586523
S025,I07,natural,Random,2367.9702817731895
S026,I07,natural,Random,2523.8324343438453
S027,I07,natural,Random,1221.4481053653408
S028,I07,natural,Random,2072.565818039875
S029,I07,natural,Random,622.3384426735036
S030,I07,natural,Random,1689.272232346901
S031,I07,natural,Random,2062.7559869110005
S032,I07,natural,Random,227.05798060397228
S033,I07,natural,Random,-765.3454518449216
S034,I07,natural,Random,3575.6932123709234
S035,I07,natural,Random,2628.5532948945806
S036,I07,natural,Random,803.0827626046371
S037,I07,natural,Random,2156.6310449812077
S038,I07,natural,Random,2862.9536222591323
S039,I07,natural,Random,981.7877404162539
S040,I07,natural,Random,3133.798976053875
S041,I07,natural,Random,1832.923002581325
S042,I07,natural,Random,3377.924808071965
S043,I07,natural,Random,2815.570813510857
S044,I07,natural,Random,462.60822264976116
S045,I07,natural,Random,2946.521583929986
S046,I07,natural,Random,2829.248440397185
S047,I07,natural,Random,3312.468478429922
S048,I07,natural,Random,2199.0698202214107
S049,I07,natural,Random,-893.593658789323
S050,I07,natural,Random,4035.445025295776
S051,I07,natural,Random,4307.758585017951
S052,I07,natural,Random,1377.8915874759368
S053,I07,natural,Random,665.7475730907032
S054,I07,natural,Random,1126.317377870141
S055,I07,natural,Random,3288.9222955918526
S056,I07,natural,Random,2012.7909963918823
S057,I07,natural,Random,2079.195569100486
S058,I07,natural,Random,2187.8729393099106
S059,I07,natural,Random,3514.4076933296283
S060,I07,natural,Random,3592.2308722945763
S061,I07,natural,Random,1471.2992637625698
S062,I07,natural,Random,1634.0710735202676
S063,I07,natural,Random,2223.134210540212
S064,I07,natural,Random,3763.8859341770626
S065,I07,natural,Random,2656.9020401368534
S066,I07,natural,Random,2900.796729412952
S067,I07,natural,Random,1453.333044332711
S068,I07,natural,Random,3283.2411169274064
S069,I07,natural,Random,667.3032304082593
S070,I07,natural,Random,2479.911094406275
S071,I07,natural,Random,1773.1072534502384
S072,I07,natural,Random,3570.146855679787
S073,I07,natural,Random,2701.104006908201
S074,I07,natural,Random,2022.0346948407714
S075,I07,natural,Random,707.023225042625
S076,I07,natural,Random,420.5907168443216
S077,I07,natural,Random,1008.1903527412478
S078,I07,natural,Random,1356.7618797470252
S079,I07,natural,Random,275.20363580978324
S080,I07,natural,Random,2794.252683621441
S081,I07,natural,Random,1945.1434236514683
S082,I07,natural,Random,4051.1190536748054
S083,I07,natural,Random,726.4547316248168
S084,I07,natural,Random,1490.1396376050902
S085,I07,natural,Random,1991.3340262152387
S086,I07,natural,Random,1611.9679170753188
S087,I07,natural,Random,2349.233720677185
S088,I07,natural,Random,1111.9421497865221
S089,I07,natural,Random,2986.837501690158
S090,I07,natural,Random,3139.082215252868
S091,I07,natural,Random,1189.1862853843795
S092,I07,natural,Random,759.2614972344015
S093,I07,natural,Random,2929.6118413518966
S094,I07,natural,Random,1991.483857215189
S095,I07,natural,Random,1946.7152096586642
S096,I07,natural,Random,1749.63104306061
S097,I07,natural,Random,2559.056453597579
S098,I07,natural,Random,854.3277226088799
S099,I07,natural,Random,2341.006872151529
S100,I07,natural,Random,1668.48654417117
S101,I07,natural,Random,2265.745010385494
S102,I07,natural,Random,1842.7723410134904
S103,I07,natural,Random,1938.87425797992
S104,I07,natural,Random,1085.1880432572855
S105,I07,natural,Random,1996.0344597095655
S106,I07,natural,Random,733.9296884842673
S107,I07,natural,Random,1842.3955084372578
S108,I07,natural,Random,2607.247149834177
S109,I07,natural,Random,3981.5079546494926
S110,I07,natural,Random,3297.350211377775
S111,I07,natural,Random,2986.8341954115003
S112,I07,natural,Random,2456.253480751555
S113,I07,natural,Random,2094.249428096886
S114,I07,natural,Random,1380.211452796381
S115,I07,natural,Random,2153.3265886387103
S116,I07,natural,Random,1019.144976087221
S117,I07,natural,Random,1026.8769589633393
S118,I07,natural,Random,1871.4526549325738
S119,I07,natural,Random,1568.2428679724756
S120,I07,natural,Random,463.30162283853235
S121,I07,natural,Random,828.0042441598168
S122,I07,natural,Random,1203.6229134966054
S123,I07,natural,Random,1173.6221388914312
S124,I07,natural,Random,1133.3060322683257
S125,I07,natural,Random,1094.245117192042
S126,I07,natural,Random,1249.8921416879703
S127,I07,natural,Random,2885.0119029541584
S128,I07,natural,Random,2111.2026968968785
S129,I07,natural,Random,1999.4155513286319
S130,I07,natural,Random,2320.952171049851
S131,I07,natural,Random,2076.488765554979
S132,I07,natural,Random,3589.766128554504
S133,I07,natural,Random,1621.8132533668881
S134,I07,natural,Random,3049.839447602173
S135,I07,natural,Random,175.07681116086542
S136,I07,natural,Random,1235.9415957656715
S137,I07,natural,Random,1852.5690596367203
S138,I07,natural,Random,674.8357995164789
S139,I07,natural,Random,694.5190070314186
S140,I07,natural,Random,2188.703991712673
S141,I07,natural,Random,2484.7639440521684
S142,I07,natural,Random,3184.306133531829
S143,I07,natural,Random,1201.9613821821122
S144,I07,natural,Random,2390.845787964132
S145,I07,natural,Random,1512.509868373464
S146,I07,natural,Random,1952.6700126309374
S147,I07,natural,Random,4752.0777397800575
S001,I08,house,Random,1161.8850518942904
S002,I08,house,Random,1176.366653511746
S003,I08,house,Random,582.2701834200166
S004,I08,house,Random,1223.9787851215021
S005,I08,house,Random,-3.002427118560945
S006,I08,house,Random,-828.7602239676144
S007,I08,house,Random,1425.1842353530471
S008,I08,house,Random,404.04507926913425
S009,I08,house,Random,999.9240062857812
S010,I08,house,Random,2199.335321537336
S011,I08,house,Random,2009.9359403127746
S012,I08,house,Random,1562.1814720365523
S013,I08,house,Random,-107.9493141456403
S014,I08,house,Random,564.020287314692
S015,I08,house,Random,744.447691566427
S016,I08,house,Random,955.0872371634214
S017,I08,house,Random,1336.4835475604136
S018,I08,house,Random,2268.4623294966327
S019,I08,house,Random,1248.4642079442422
S020,I08,house,Random,531.7197341142935
S021,I08,house,Random,-128.23539203754535
S022,I08,house,Random,269.1584250266667
S023,I08,house,Random,1026.6680173388293
S024,I08,house,Random,625.4129442593022
S025,I08,house,Random,1997.5539522467707
S026,I08,house,Random,980.1261228501332
S027,I08,house,Random,372.95993844508257
S028,I08,house,Random,2097.0738198625827
S029,I08,house,Random,-769.9741191269272
S030,I08,house,Random,1220.9890702553987
S031,I08,house,Random,1328.7728447392847
S032,I08,house,Random,-33.1817124036113
S033,I08,house,Random,-894.6875446478798
S034,I08,house,Random,1224.0814712539616
S035,I08,house,Random,1190.9330112942716
S036,I08,house,Random,1125.615453347963
S037,I08,house,Random,2112.2091143266366
S038,I08,house,Random,760.6146973066178
S039,I08,house,Random,648.1441014578311
S040,I08,house,Random,1225.9699327199692
S041,I08,house,Random,1294.7677967006052
S042,I08,house,Random,902.128000636147
S043,I08,house,Random,1399.682685118465
S044,I08,house,Random,653.0603056896941
S045,I08,house,Random,2517.213734159498
S046,I08,house,Random,390.94170498271365
S047,I08,house,Random,2250.868977017044
S048,I08,house,Random,1625.4655035795352
S049,I08,house,Random,-616.0980455973945
S050,I08,house,Random,1955.7734585382066
S051,I08,house,Random,1960.4785375473627
S052,I08,house,Random,977.8086170312938
S053,I08,house,Random,1226.561306731226
S054,I08,house,Random,296.3700740243862
S055,I08,house,Random,1976.2260987336617
S056,I08,house,Random,1236.0994730307264
S057,I08,house,Random,570.8528122416817
S058,I08,house,Random,1315.489964745234
S059,I08,house,Random,1107.4331346881258
S060,I08,house,Random,1309.0784904139045
S061,I08,house,Random,-613.137118405064
S062,I08,house,Random,1137.2274162715664
S063,I08,house,Random,538.3056750090461
S064,I08,house,Random,2639.0660494175145
S065,I08,house,Random,779.6429216912009
S066,I08,house,Random,1511.216861215639
S067,I08,house,Random,1082.6433071466865
S068,I08,house,Random,2473.762876621688
S069,I08,house,Random,208.17033803371305
S070,I08,house,Random,1677.4229950276308
S071,I08,house,Random,-873.0173590875779
S072,I08,house,Random,2473.9049126599493
S073,I08,house,Random,1602.34252818066
S074,I08,house,Random,889.2698959913638
S075,I08,house,Random,1541.0929362145025
S076,I08,house,Random,-317.35912941308743
S077,I08,house,Random,818.8451236621764
S078,I08,house,Random,1064.0298810643571
S079,I08,house,Random,873.4207113773583
S080,I08,house,Random,1830.685857134212
S081,I08,house,Random,1813.9250023868237
S082,I08,house,Random,2640.289100278401
S083,I08,house,Random,196.61370731199167
S084,I08,house,Random,673.4440203452375
S085,I08,house,Random,1267.2355401618938
S086,I08,house,Random,360.2560903215233
S087,I08,house,Random,563.5479887788522
S088,I08,house,Random,570.7329515393858
S089,I08,house,Random,1788.854218739015
S090,I08,house,Random,2310.9688267723072
S091,I08,house,Random,549.5965048625876
S092,I08,house,Random,1027.1535488755062
S093,I08,house,Random,1950.8817179994726
S094,I08,house,Random,1998.7826910841686
S095,I08,house,Random,1807.2801973889452
S096,I08,house,Random,1153.2738999041399
S097,I08,house,Random,2434.395298069811
S098,I08,house,Random,87.71868667752142
S099,I08,house,Random,910.8705793980932
S100,I08,house,Random,1668.2251835547747
S101,I08,house,Random,1046.510366134955
S102,I08,house,Random,1456.401004499839
S103,I08,house,Random,1266.515894567394
S104,I08,house,Random,781.7287104654814
S105,I08,house,Random,2018.1152447661993
S106,I08,house,Random,1289.3579050019853
S107,I08,house,Random,1809.0810207584047
S108,I08,house,Random,768.3814344138759
S109,I08,house,Random,3147.3659429957384
S110,I08,house,Random,2049.966212707457
S111,I08,house,Random,2431.3720546381865
S112,I08,house,Random,542.0764557232649
S113,I08,house,Random,879.5845821660632
S114,I08,house,Random,-554.5929581946848
S115,I08,house,Random,1774.1776537007572
S116,I08,house,Random,-9.98961579672141
S117,I08,house,Random,-993.5750854555763
S118,I08,house,Random,883.7565747189636
S119,I08,house,Random,884.6577858121484
S120,I08,house,Random,1902.62875627834
S121,I08,house,Random,598.8239148049319
S122,I08,house,Random,201.63606436019677
S123,I08,house,Random,1783.195382154793
S124,I08,house,Random,410.118107154801
S125,I08,house,Random,654.7125701251191
S126,I08,house,Random,1051.8400898966233
S127,I08,house,Random,2468.705855611662
S128,I08,house,Random,672.7601668184054
S129,I08,house,Random,418.3276724127297
S130,I08,house,Random,3076.109888378955
S131,I08,house,Random,2100.3799061703
S132,I08,house,Random,3177.6964516283656
S133,I08,house,Random,509.8827098608979
S134,I08,house,Random,735.2594512209778
S135,I08,house,Random,51.25419515389535
S136,I08,house,Random,1574.5527260866788
S137,I08,house,Random,-134.86097913453932
S138,I08,house,Random,-1268.1182525874692
S139,I08,house,Random,900.7606710945204
S140,I08,house,Random,466.24864315712875
S141,I08,house,Random,1485.826646452612
S142,I08,house,Random,1836.2486098977968
S143,I08,house,Random,1855.1950745297902
S144,I08,house,Random,927.4421373972846
S145,I08,house,Random,1164.2358509010464
S146,I08,house,Random,1666.9169450390077
S147,I08,house,Random,2601.4768307608647
S001,I09,square,Random,1499.6269144814453
S002,I09,square,Random,1487.6970920809658
S003,I09,square,Random,2378.7078220223148
S004,I09,square,Random,440.73333793513643
S005,I09,square,Random,1270.7579900033916
S006,I09,square,Random,327.06861535893427
S007,I09,square,Random,2309.0346808786985
S008,I09,square,Random,-950.3124579441437
S009,I09,square,Random,1060.470212368337
S010,I09,square,Random,2299.918477476625
S011,I09,square,Random,3987.2801510173326
S012,I09,square,Random,488.52977366355844
S013,I09,square,Random,890.0863256582039
S014,I09,square,Random,1898.960471215449
S015,I09,square,Random,1915.037872082575
S016,I09,square,Random,1699.9140357420647
S017,I09,square,Random,2587.2283283540883
S018,I09,square,Random,1322.6968425161065
S019,I09,square,Random,1861.8318756166989
S020,I09,square,Random,1518.430299053785
S021,I09,square,Random,969.0892147561419
S022,I09,square,Random,2238.8567975054925
S023,I09,square,Random,1366.5064634714959
S024,I09,square,Random,861.3116604470929
S025,I09,square,Random,3312.065580440222
S026,I09,square,Random,2295.7020436664543
S027,I09,square,Random,854.3704342797655
S028,I09,square,Random,3170.3257759732933
S029,I09,square,Random,433.05943845244815
S030,I09,square,Random,235.79435776666583
S031,I09,square,Random,2755.706313042857
S032,I09,square,Random,806.5313341667921
S033,I09,square,Random,948.1578654074392
S034,I09,square,Random,669.1474641635273
S035,I09,square,Random,2225.798553372275
S036,I09,square,Random,2598.790230208009
S037,I09,square,Random,1639.840554311551
S038,I09,square,Random,3833.527878702727
S039,I09,square,Random,537.4761133098273
S040,I09,square,Random,2228.995389755919
S041,I09,square,Random,1833.468887224504
S042,I09,square,Random,3202.515365880804
S043,I09,square,Random,2372.9083089891033
S044,I09,square,Random,709.7086177147255
S045,I09,square,Random,3160.859753708999
S046,I09,square,Random,876.538687724494
S047,I09,square,Random,3561.927198088203
S048,I09,square,Random,1685.2992464099725
S049,I09,square,Random,488.2850337855816
S050,I09,square,Random,3199.2501760413397
S051,I09,square,Random,3902.889644653465
S052,I09,square,Random,1873.746404874058
S053,I09,square,Random,2577.192580437425
S054,I09,square,Random,929.4507624962267
S055,I09,square,Random,3487.253028417005
S056,I09,square,Random,1126.0352210071715
S057,I09,square,Random,1409.1002831469063
S058,I09,square,Random,1505.698394986508
S059,I09,square,Random,2760.5222149862957
S060,I09,square,Random,1824.4767700765728
S061,I09,square,Random,1571.4709036027941
S062,I09,square,Random,320.2305893255077
S063,I09,square,Random,1943.351086873668
S064,I09,square,Random,2454.3388289004097
S065,I09,square,Random,490.92610415779177
S066,I09,square,Random,1948.1918308653878
S067,I09,square,Random,1857.974758337388
S068,I09,square,Random,2363.3488882426973
S069,I09,square,Random,2978.076226753169
S070,I09,square,Random,3136.295977852602
S071,I09,square,Random,636.6761847973585
S072,I09,square,Random,2012.9791007876674
S073,I09,square,Random,2361.9854311637323
S074,I09,square,Random,2119.205810311924
S075,I09,square,Random,1675.6406568266675
S076,I09,square,Random,1126.589595716793
S077,I09,square,Random,1716.8642346570405
S078,I09,square,Random,882.1511461582198
S079,I09,square,Random,1310.5621678077316
S080,I09,square,Random,2611.991611216058
S081,I09,square,Random,2485.717056075059
S082,I09,square,Random,3029.743777828836
S083,I09,square,Random,2635.7781570206803
S084,I09,square,Random,2966.6898624442165
S085,I09,square,Random,2293.1633042392914
S086,I09,square,Random,862.6365150704974
S087,I09,square,Random,181.48820557633007
S088,I09,square,Random,1290.0655676427655
S089,I09,square,Random,1598.8553028202946
S090,I09,square,Random,3488.9353154248574
S091,I09,square,Random,1269.2227110701508
S092,I09,square,Random,1357.7541491545646
S093,I09,square,Random,2107.844806527881
S094,I09,square,Random,2400.098006076081
S095,I09,square,Random,1918.4958797706902
S096,I09,square,Random,240.19045440821242
S097,I09,square,Random,2789.73889906246
S098,I09,square,Random,23.22572958665387
S099,I09,square,Random,2279.5238024943883
S100,I09,square,Random,2397.9808200800226
S101,I09,square,Random,1135.4142661294795
S102,I09,square,Random,3453.3939053868908
S103,I09,square,Random,148.88431183100852
S104,I09,square,Random,1359.7511964750754
S105,I09,square,Random,2245.977345579277
S106,I09,square,Random,1849.046374916286
S107,I09,square,Random,2809.637650990501
S108,I09,square,Random,1674.175609944155
S109,I09,square,Random,3048.2637565806035
S110,I09,square,Random,2606.727246437075
S111,I09,square,Random,2858.0980180545066
S112,I09,square,Random,2058.076471706142
S113,I09,square,Random,1145.4741841992916
S114,I09,square,Random,285.6537842961559
S115,I09,square,Random,1401.5575906677527
S116,I09,square,Random,2079.079315822976
S117,I09,square,Random,837.8233448927733
S118,I09,square,Random,1560.3958090095316
S119,I09,square,Random,2391.851415070545
S120,I09,square,Random,2747.8723029278785
S121,I09,square,Random,1165.4146061207725
S122,I09,square,Random,483.60374493060476
S123,I09,square,Random,1671.4889064089905
S124,I09,square,Random,1408.1326050658708
S125,I09,square,Random,1102.0437331712624
S126,I09,square,Random,1343.5578447334024
S127,I09,square,Random,1245.1508462636762
S128,I09,square,Random,2468.6789179217153
S129,I09,square,Random,1400.957310479851
S130,I09,square,Random,3045.4720710176916
S131,I09,square,Random,2592.1342724348997
S132,I09,square,Random,3016.032278542771
S133,I09,square,Random,785.5216408753745
S134,I09,square,Random,3353.2110534872004
S135,I09,square,Random,1562.5741368403774
S136,I09,square,Random,2298.278769265585
S137,I09,square,Random,785.7587975615097
S138,I09,square,Random,778.2715920502867
S139,I09,square,Random,1759.2195444278748
S140,I09,square,Random,1527.0153241660346
S141,I09,square,Random,2905.1094416744672
S142,I09,square,Random,3720.2145536868475
S143,I09,square,Random,2641.8493521044084
S144,I09,square,Random,2099.513317057946
S145,I09,square,Random,1801.9439918255982
S146,I09,square,Random,2526.6940570488036
S147,I09,square,Random,3412.5738978802433
S001,I10,natural,Random,-723.8715852162654
S002,I10,natural,Random,1043.0506360931167
S003,I10,natural,Random,1720.4473831508972
S004,I10,natural,Random,414.7691286372435
S005,I10,natural,Random,171.8641401452453
S006,I10,natural,Random,138.61320486163595
S007,I10,natural,Random,1294.6146279637335
S008,I10,natural,Random,355.25150944442566
S009,I10,natural,Random,459.6865703931346
S010,I10,natural,Random,386.65125939337486
S011,I10,natural,Random,1482.356706621286
S012,I10,natural,Random,1059.5377890963146
S013,I10,natural,Random,112.82763881295796
S014,I10,natural,Random,1301.5970637136663
S015,I10,natural,Random,-164.39630565829907
S016,I10,natural,Random,943.0816502208777
S017,I10,natural,Random,1687.078323581368
S018,I10,natural,Random,371.2878416141009
S019,I10,natural,Random,820.3748738923498
S020,I10,natural,Random,1285.0327298793713
S021,I10,natural,Random,273.84291126277276
S022,I10,natural,Random,833.6855746239903
S023,I10,natural,Random,232.3023334065747
S024,I10,natural,Random,27.771241962509066
S025,I10,natural,Random,1765.6370940026682
S026,I10,natural,Random,478.14497328587515
S027,I10,natural,Random,1100.25425498384
S028,I10,natural,Random,1313.4316388306909
S029,I10,natural,Random,310.3955535503353
S030,I10,natural,Random,1901.4100822785722
S031,I10,natural,Random,1904.7367212593313
S032,I10,natural,Random,-517.6581212523092
S033,I10,natural,Random,-1423.7213884756543
S034,I10,natural,Random,985.1006986857628
S035,I10,natural,Random,2446.763485361251
S036,I10,natural,Random,705.5203562673163
S037,I10,natural,Random,938.3165495857459
S038,I10,natural,Random,1049.4057110843985
S039,I10,natural,Random,1089.9496498013868
S040,I10,natural,Random,2700.764847734815
S041,I10,natural,Random,-269.15965888964547
S042,I10,natural,Random,1600.5156384305365
S043,I10,natural,Random,2124.2939333588142
S044,I10,natural,Random,-94.22706149754481
S045,I10,natural,Random,2067.51083156367
S046,I10,natural,Random,2397.7470997867713
S047,I10,natural,Random,1689.7810180357487
S048,I10,natural,Random,517.385232281176
S049,I10,natural,Random,-1213.5396427646224
S050,I10,natural,Random,1993.230380520827
S051,I10,natural,Random,3041.7322193394307
S052,I10,natural,Random,-384.89005340482754
S053,I10,natural,Random,319.04853580433974
S054,I10,natural,Random,-11.161493864680551
S055,I10,natural,Random,2145.7998766058276
S056,I10,natural,Random,28.948862853488663
S057,I10,natural,Random,837.5473742386043
S058,I10,natural,Random,474.93841600095936
S059,I10,natural,Random,2416.230328714199
S060,I10,natural,Random,2646.7712453292233
S061,I10,natural,Random,-136.797642051833
S062,I10,natural,Random,-16.615326983057685
S063,I10,natural,Random,1351.9054177797339
S064,I10,natural,Random,3139.8852336537793
S065,I10,natural,Random,1762.1128452724884
S066,I10,natural,Random,1930.1445217759897
S067,I10,natural,Random,1028.6581393901015
S068,I10,natural,Random,1856.6743236651741
S069,I10,natural,Random,-244.4175378376326
S070,I10,natural,Random,1756.5094331003359
S071,I10,natural,Random,-299.2647932792206
S072,I10,natural,Random,1369.0665744786547
S073,I10,natural,Random,1362.171794105547
S074,I10,natural,Random,1110.9016224894365
S075,I10,natural,Random,492.07569571087913
S076,I10,natural,Random,844.4290516755332
S077,I10,natural,Random,-337.2614085037917
S078,I10,natural,Random,559.2307112202454
S079,I10,natural,Random,-668.0730562066356
S080,I10,natural,Random,2582.3088400162533
S081,I10,natural,Random,608.2731195957459
S082,I10,natural,Random,2446.9049262757017
S083,I10,natural,Random,222.62246808899386
S084,I10,natural,Random,1496.9740388760197
S085,I10,natural,Random,808.671830653178
S086,I10,natural,Random,353.40223237560076
S087,I10,natural,Random,2067.2321465248183
S088,I10,natural,Random,-942.5559234334396
S089,I10,natural,Random,1500.9530030676726
S090,I10,natural,Random,1263.3479293307003
S091,I10,natural,Random,281.86174774385495
S092,I10,natural,Random,231.54418050771824
S093,I10,natural,Random,263.8384477409236
S094,I10,natural,Random,1658.479530998054
S095,I10,natural,Random,291.7381395869452
S096,I10,natural,Random,-356.2181414050865
S097,I10,natural,Random,2528.614055866582
S098,I10,natural,Random,526.4207395104943
S099,I10,natural,Random,1641.2310176429603
S100,I10,natural,Random,1918.333145094432
S101,I10,natural,Random,1174.471927339212
S102,I10,natural,Random,1233.454264113178
S103,I10,natural,Random,504.10397652641177
S104,I10,natural,Random,1346.478857455876
S105,I10,natural,Random,1027.1783638632196
S106,I10,natural,Random,-325.90149045187263
S107,I10,natural,Random,791.5289230719192
S108,I10,natural,Random,2177.699795797157
S109,I10,natural,Random,2736.261456974047
S110,I10,natural,Random,1355.9688691010165
S111,I10,natural,Random,1562.7429923064913
S112,I10,natural,Random,2153.4968166761664
S113,I10,natural,Random,1814.046329287161
S114,I10,natural,Random,714.8807814041855
S115,I10,natural,Random,1274.0159303413757
S116,I10,natural,Random,-652.9789806551757
S117,I10,natural,Random,-830.1379002470485
S118,I10,natural,Random,888.1683700588023
S119,I10,natural,Random,175.7316780387223
S120,I10,natural,Random,386.6601627010368
S121,I10,natural,Random,-11.965242543690465
S122,I10,natural,Random,-822.6130656656883
S123,I10,natural,Random,852.3243344481702
S124,I10,natural,Random,-1072.8625744705846
S125,I10,natural,Random,-841.0858858394231
S126,I10,natural,Random,466.476656018756
S127,I10,natural,Random,2394.1632489426893
S128,I10,natural,Random,-540.2148620439427
S129,I10,natural,Random,1137.8213107624315
S130,I10,natural,Random,2095.8338534053128
S131,I10,natural,Random,1470.4864537520446
S132,I10,natural,Random,3519.729916531862
S133,I10,natural,Random,-1265.6020450175092
S134,I10,natural,Random,1559.3281529930073
S135,I10,natural,Random,351.6159856626341
S136,I10,natural,Random,1163.8284880102563
S137,I10,natural,Random,1026.3978178439856
S138,I10,natural,Random,-425.547276533483
S139,I10,natural,Random,198.0647914949759
S140,I10,natural,Random,1173.06755982524
S141,I10,natural,Random,1425.7151522744646
S142,I10,natural,Random,1786.562125209853
S143,I10,natural,Random,239.82830220404867
S144,I10,natural,Random,1319.2722209736833
S145,I10,natural,Random,519.6725593941923
S146,I10,natural,Random,1210.4304739557585
S147,I10,natural,Random,3388.2363617486026
S001,I11,house,Random,2171.5674237507938
S002,I11,house,Random,2301.2274746217045
S003,I11,house,Random,2111.226483248645
S004,I11,house,Random,830.7798456049088
S005,I11,house,Random,940.2569070407283
S006,I11,house,Random,-8.768172526607032
S007,I11,house,Random,2633.422407670038
S008,I11,house,Random,1321.8971387497602
S009,I11,house,Random,1412.2217254613772
S010,I11,house,Random,2796.522700068497
S011,I11,house,Random,2563.9671707451744
S012,I11,house,Random,1313.8363080699817
S013,I11,house,Random,781.3750940571394
S014,I11,house,Random,76.43341290566013
S015,I11,house,Random,1547.7746455953145
S016,I11,house,Random,2703.1786168216818
S017,I11,house,Random,746.3830572680213
S018,I11,house,Random,1774.4692684562249
S019,I11,house,Random,2403.369868121844
S020,I11,house,Random,1499.2415325187146
S021,I11,house,Random,979.7163677591382
S022,I11,house,Random,2082.573279635929
S023,I11,house,Random,1567.4729908268928
S024,I11,house,Random,956.9063240688522
S025,I11,house,Random,2981.8181358885327
S026,I11,house,Random,2483.146052851545
S027,I11,house,Random,1942.367567438954
S028,I11,house,Random,1945.5824056839256
S029,I11,house,Random,-473.5883924544901
S030,I11,house,Random,2469.9438547726636
S031,I11,house,Random,2878.0613267031376
S032,I11,house,Random,752.5312736624652
S033,I11,house,Random,188.57823840291917
S034,I11,house,Random,908.133425574899
S035,I11,house,Random,2403.476476716871
S036,I11,house,Random,850.8626617551848
S037,I11,house,Random,3544.2418449136608
S038,I11,house,Random,2398.0413368507902
S039,I11,house,Random,1049.4864686406663
S040,I11,house,Random,1806.788710626969
S041,I11,house,Random,1636.1475317867873
S042,I11,house,Random,2629.8645287197487
S043,I11,house,Random,1320.8658121931578
S044,I11,house,Random,799.2475707290824
S045,I11,house,Random,1983.1733376654333
S046,I11,house,Random,1319.6088561618167
S047,I11,house,Random,3581.3327173885073
S048,I11,house,Random,2179.701931431472
S049,I11,house,Random,-417.5564928305455
S050,I11,house,Random,2531.872522753837
S051,I11,house,Random,2670.884267654069
S052,I11,house,Random,1350.0702560085015
S053,I11,house,Random,933.2136792112307
S054,I11,house,Random,1675.8449836903599
S055,I11,house,Random,1934.7337934955406
S056,I11,house,Random,621.5094732135481
S057,I11,house,Random,1071.3844035359243
S058,I11,house,Random,2108.537179084618
S059,I11,house,Random,2317.416917861552
S060,I11,house,Random,2466.1846235248036
S061,I11,house,Random,1440.4558400966089
S062,I11,house,Random,1884.3603599553503
S063,I11,house,Random,957.8274847696584
S064,I11,house,Random,4009.2125502871545
S065,I11,house,Random,483.5610429209014
S066,I11,house,Random,2263.5096436338963
S067,I11,house,Random,3176.0779041509477
S068,I11,house,Random,946.462066201168
S069,I11,house,Random,1345.2997518334773
S070,I11,house,Random,1762.426727660418
S071,I11,house,Random,495.20642470132793
S072,I11,house,Random,3371.0360420989427
S073,I11,house,Random,2459.571342651484
S074,I11,house,Random,2570.8463750405967
S075,I11,house,Random,1430.138193246051
S076,I11,house,Random,667.2440614655487
S077,I11,house,Random,2398.4074524154794
S078,I11,house,Random,1513.0473691438801
S079,I11,house,Random,2080.700315419145
S080,I11,house,Random,2016.1290119867026
S081,I11,house,Random,1917.037114095313
S082,I11,house,Random,3795.7519080768056
S083,I11,house,Random,988.0035819492887
S084,I11,house,Random,1392.8972238608328
S085,I11,house,Random,1624.0023348193772
S086,I11,house,Random,1064.2716238767898
S087,I11,house,Random,275.96887549382313
S088,I11,house,Random,501.25793211765244
S089,I11,house,Random,1959.310567299835
S090,I11,house,Random,2734.476432406469
S091,I11,house,Random,1706.0194558662367
S092,I11,house,Random,776.2164144810823
S093,I11,house,Random,2021.7958234918074
S094,I11,house,Random,2333.4035178272748
S095,I11,house,Random,1549.1364599668723
S096,I11,house,Random,1429.5211070437024
S097,I11,house,Random,2024.7689987020576
S098,I11,house,Random,1267.6854599413678
S099,I11,house,Random,1203.8521286970044
S100,I11,house,Random,3095.7355737898133
S101,I11,house,Random,1452.524214877184
S102,I11,house,Random,3340.3167371091167
S103,I11,house,Random,1324.252716876896
S104,I11,house,Random,1399.6630181326457
S105,I11,house,Random,2223.2476110871867
S106,I11,house,Random,2701.511686411407
S107,I11,house,Random,1722.3476620094602
S108,I11,house,Random,2433.8374994676046
S109,I11,house,Random,2850.7411457580984
S110,I11,house,Random,3478.5086021579177
S111,I11,house,Random,3826.9208170450925
S112,I11,house,Random,2170.6123701235238
S113,I11,house,Random,1499.501989174006
S114,I11,house,Random,834.4790197444354
S115,I11,house,Random,486.88123344905307
S116,I11,house,Random,1010.6113460917327
S117,I11,house,Random,856.8391160679738
S118,I11,house,Random,1421.1797211833216
S119,I11,house,Random,2469.5803188742957
S120,I11,house,Random,1632.3657366872249
S121,I11,house,Random,1017.4818222698218
S122,I11,house,Random,1224.698014051533
S123,I11,house,Random,2179.0543794239884
S124,I11,house,Random,577.0973022002602
S125,I11,house,Random,74.57836710082711
S126,I11,house,Random,1838.283414772812
S127,I11,house,Random,2386.531379496483
S128,I11,house,Random,1648.2536961913102
S129,I11,house,Random,1532.7938055863333
S130,I11,house,Random,2931.722842353729
S131,I11,house,Random,2106.500122772652
S132,I11,house,Random,3831.5770761652957
S133,I11,house,Random,1333.5512088325208
S134,I11,house,Random,2356.0739925478374
S135,I11,house,Random,1327.6585038767762
S136,I11,house,Random,1757.4091294373122
S137,I11,house,Random,1653.4412790687727
S138,I11,house,Random,268.89490753245695
S139,I11,house,Random,1668.39600751909
S140,I11,house,Random,1018.237325840757
S141,I11,house,Random,2017.4834647395915
S142,I11,house,Random,2458.83014183343
S143,I11,house,Random,3262.1131573589073
S144,I11,house,Random,2462.833892673398
S145,I11,house,Random,2351.7217902964076
S146,I11,house,Random,1787.4408315400865
S147,I11,house,Random,3615.247852928374
S001,I12,square,Random,2545.206657324534
S002,I12,square,Random,1578.0071089422454
S003,I12,square,Random,428.0159535714156
S004,I12,square,Random,1675.9890318597236
S005,I12,square,Random,1925.7944510351979
S006,I12,square,Random,126.86391396269164
S007,I12,square,Random,2017.864800066197
S008,I12,square,Random,-318.5976466295224
S009,I12,square,Random,885.564715694248
S010,I12,square,Random,2210.047647946549
S011,I12,square,Random,2002.348972125581
S012,I12,square,Random,1645.468228237641
S013,I12,square,Random,1719.433575771574
S014,I12,square,Random,922.2325151366858
S015,I12,square,Random,588.365333297535
S016,I12,square,Random,2208.557170325081
S017,I12,square,Random,2210.7001949000105
S018,I12,square,Random,522.3164855390394
S019,I12,square,Random,1814.5523952335936
S020,I12,square,Random,1180.176831560495
S021,I12,square,Random,1590.7057808511784
S022,I12,square,Random,1968.5561083876937
S023,I12,square,Random,798.1675240111921
S024,I12,square,Random,1333.4856139069798
S025,I12,square,Random,1508.7707225047511
S026,I12,square,Random,3115.479154285652
S027,I12,square,Random,580.7591607349552
S028,I12,square,Random,2759.1452572192143
S029,I12,square,Random,-752.0606033285826
S030,I12,square,Random,415.41149259829103
S031,I12,square,Random,2188.4776495248443
S032,I12,square,Random,-181.01920778215776
S033,I12,square,Random,685.4855175162909
S034,I12,square,Random,975.3997002434976
S035,I12,square,Random,1511.3463527396787
S036,I12,square,Random,1937.6217559148038
S037,I12,square,Random,1350.2086791245208
S038,I12,square,Random,2682.2325218156666
S039,I12,square,Random,1230.640466163682
S040,I12,square,Random,1402.0388961288015
S041,I12,square,Random,768.1067358727532
S042,I12,square,Random,1897.3090273537857
S043,I12,square,Random,2758.37688901867
S044,I12,square,Random,1037.3790860936524
S045,I12,square,Random,3034.0912169458707
S046,I12,square,Random,2852.032628825911
S047,I12,square,Random,3324.0043446300315
S048,I12,square,Random,882.508093075847
S049,I12,square,Random,1871.9821571765212
S050,I12,square,Random,2732.9792226399213
S051,I12,square,Random,2417.169635347617
S052,I12,square,Random,1395.4576645711227
S053,I12,square,Random,1548.905019446911
S054,I12,square,Random,415.7757132007264
S055,I12,square,Random,2811.3804981011326
S056,I12,square,Random,-55.823533339587584
S057,I12,square,Random,387.66955142202073
S058,I12,square,Random,1849.5948157649111
S059,I12,square,Random,2530.531194208772
S060,I12,square,Random,2411.022186844588
S061,I12,square,Random,1088.0484721030139
S062,I12,square,Random,479.0692349236049
S063,I12,square,Random,2838.6862664476207
S064,I12,square,Random,1878.1404189384687
S065,I12,square,Random,753.3779451186504
S066,I12,square,Random,1729.5507167676544
S067,I12,square,Random,1304.1180718691026
S068,I12,square,Random,3315.277499509159
S069,I12,square,Random,2388.4253366141847
S070,I12,square,Random,3027.6610754750063
S071,I12,square,Random,932.5756089816241
S072,I12,square,Random,2543.6360154670483
S073,I12,square,Random,1072.8930758031947
S074,I12,square,Random,1015.6761070866992
S075,I12,square,Random,72.0855208885414
S076,I12,square,Random,1217.585651050643
S077,I12,square,Random,1959.1824679122456
S078,I12,square,Random,1047.3943517920254
S079,I12,square,Random,1664.827352740924
S080,I12,square,Random,1823.9154181129054
S081,I12,square,Random,2346.0618236662604
S082,I12,square,Random,3178.71217869087
S083,I12,square,Random,1574.920522954399
S084,I12,square,Random,1279.1718231685156
S085,I12,square,Random,2297.6501390593903
S086,I12,square,Random,1001.3708717932495
S087,I12,square,Random,1157.7416548568476
S088,I12,square,Random,1079.4394344482757
S089,I12,square,Random,1846.093921920487
S090,I12,square,Random,2758.1407893823857
S091,I12,square,Random,1092.294076055242
S092,I12,square,Random,1378.8277544273378
S093,I12,square,Random,2984.765312401192
S094,I12,square,Random,2826.122994677154
S095,I12,square,Random,984.9959714725046
S096,I12,square,Random,566.5071874075461
S097,I12,square,Random,2529.8082588542557
S098,I12,square,Random,229.26086555518305
S099,I12,square,Random,1859.774337687215
S100,I12,square,Random,1685.8533848420332
S101,I12,square,Random,1363.926782112655
S102,I12,square,Random,2021.5567576597768
S103,I12,square,Random,823.8630452875807
S104,I12,square,Random,999.3632212041853
S105,I12,square,Random,1780.374719196
S106,I12,square,Random,3010.64370296312
S107,I12,square,Random,2720.1442282220114
S108,I12,square,Random,2577.2783003289633
S109,I12,square,Random,4178.557247596078
S110,I12,square,Random,3035.8588288132496
S111,I12,square,Random,3530.1139617398476
S112,I12,square,Random,2946.231973042538
S113,I12,square,Random,1622.301588231483
S114,I12,square,Random,416.3707903735524
S115,I12,square,Random,1563.664750176762
S116,I12,square,Random,1583.239531642729
S117,I12,square,Random,761.5062634847316
S118,I12,square,Random,1327.0646263788703
S119,I12,square,Random,1793.2947379600218
S120,I12,square,Random,2996.1294265041843
S121,I12,square,Random,2106.517820197071
S122,I12,square,Random,1204.9726452102332
S123,I12,square,Random,1876.1998400594664
S124,I12,square,Random,864.9164606593645
S125,I12,square,Random,271.75937689450916
S126,I12,square,Random,1182.6934465940549
S127,I12,square,Random,1366.4529013896015
S128,I12,square,Random,2108.3053375289546
S129,I12,square,Random,1462.9728399779729
S130,I12,square,Random,3499.347303568902
S131,I12,square,Random,2418.9446163778925
S132,I12,square,Random,2523.086137337522
S133,I12,square,Random,1369.0848484220473
S134,I12,square,Random,1943.569719595292
S135,I12,square,Random,1901.2477163874578
S136,I12,square,Random,2130.6521710466186
S137,I12,square,Random,1635.2999870862027
S138,I12,square,Random,21.36536224796305
S139,I12,square,Random,1066.9363058485733
S140,I12,square,Random,871.9668009968651
S141,I12,square,Random,2692.249166628531
S142,I12,square,Random,3050.243057086819
S143,I12,square,Random,2650.148737145245
S144,I12,square,Random,2048.10448041538
S145,I12,square,Random,1564.885327788106
S146,I12,square,Random,1219.6343285181802
S147,I12,square,Random,3179.6705129344145
